ServiceName,MaximumCapacity,Booked,DayOfTheWeek,EventName,EventTime,EventID,EventSchedule,Facility,AttendeeName,AttendeeStatus,AttendeePhone,AttendeeEmail,Age,GroupName,MainFacility,Day,Starts,Ends,ID,Duration,Max,Min,RegTotal,PercentFilled
Splash  1,6,6,Mo,Splash  1 Demo,4:00 PM - 4:30 PM,457435,From 2026-03-30 to 2026-06-08,Paul Palleschi Full Pool,"Stone, Avery",Booked,555-0110-1000,student.0.0@example.test,3,Splash  1,Paul Palleschi Full Pool,Mo,2026-03-30 4:00 PM,2026-03-30 4:30 PM,457435,30,6,1,6,100%
Splash  1,6,6,Mo,Splash  1 Demo,4:00 PM - 4:30 PM,457435,From 2026-03-30 to 2026-06-08,Paul Palleschi Full Pool,"Stone, Blake",Booked,555-0110-1001,student.0.1@example.test,4,Splash  1,Paul Palleschi Full Pool,Mo,2026-03-30 4:00 PM,2026-03-30 4:30 PM,457435,30,6,1,6,100%
Splash  1,6,6,Mo,Splash  1 Demo,4:00 PM - 4:30 PM,457435,From 2026-03-30 to 2026-06-08,Paul Palleschi Full Pool,"Lee, Casey",Booked,555-0110-1002,student.0.2@example.test,5,Splash  1,Paul Palleschi Full Pool,Mo,2026-03-30 4:00 PM,2026-03-30 4:30 PM,457435,30,6,1,6,100%
Splash  1,6,6,Mo,Splash  1 Demo,4:00 PM - 4:30 PM,457435,From 2026-03-30 to 2026-06-08,Paul Palleschi Full Pool,"Lee, Drew",Booked,555-0110-1003,student.0.3@example.test,6,Splash  1,Paul Palleschi Full Pool,Mo,2026-03-30 4:00 PM,2026-03-30 4:30 PM,457435,30,6,1,6,100%
Splash  1,6,6,Mo,Splash  1 Demo,4:00 PM - 4:30 PM,457435,From 2026-03-30 to 2026-06-08,Paul Palleschi Full Pool,"Martin, Emery",Booked,555-0110-1004,student.0.4@example.test,7,Splash  1,Paul Palleschi Full Pool,Mo,2026-03-30 4:00 PM,2026-03-30 4:30 PM,457435,30,6,1,6,100%
Splash  1,6,6,Mo,Splash  1 Demo,4:00 PM - 4:30 PM,457435,From 2026-03-30 to 2026-06-08,Paul Palleschi Full Pool,"Martin, Finley",Booked,555-0110-1005,student.0.5@example.test,8,Splash  1,Paul Palleschi Full Pool,Mo,2026-03-30 4:00 PM,2026-03-30 4:30 PM,457435,30,6,1,6,100%
Splash  3,6,6,Mo,Splash  3 Demo,4:15 PM - 4:45 PM,471646,From 2026-03-30 to 2026-06-08,Paul Palleschi Full Pool,"Martin, Emery",Booked,555-0111-1100,student.1.0@example.test,3,Splash  3,Paul Palleschi Full Pool,Mo,2026-03-30 4:15 PM,2026-03-30 4:45 PM,471646,30,6,1,6,100%
Splash  3,6,6,Mo,Splash  3 Demo,4:15 PM - 4:45 PM,471646,From 2026-03-30 to 2026-06-08,Paul Palleschi Full Pool,"Martin, Finley",Booked,555-0111-1101,student.1.1@example.test,4,Splash  3,Paul Palleschi Full Pool,Mo,2026-03-30 4:15 PM,2026-03-30 4:45 PM,471646,30,6,1,6,100%
Splash  3,6,6,Mo,Splash  3 Demo,4:15 PM - 4:45 PM,471646,From 2026-03-30 to 2026-06-08,Paul Palleschi Full Pool,"Singh, Harper",Booked,555-0111-1102,student.1.2@example.test,5,Splash  3,Paul Palleschi Full Pool,Mo,2026-03-30 4:15 PM,2026-03-30 4:45 PM,471646,30,6,1,6,100%
Splash  3,6,6,Mo,Splash  3 Demo,4:15 PM - 4:45 PM,471646,From 2026-03-30 to 2026-06-08,Paul Palleschi Full Pool,"Singh, Jordan",Booked,555-0111-1103,student.1.3@example.test,6,Splash  3,Paul Palleschi Full Pool,Mo,2026-03-30 4:15 PM,2026-03-30 4:45 PM,471646,30,6,1,6,100%
Splash  3,6,6,Mo,Splash  3 Demo,4:15 PM - 4:45 PM,471646,From 2026-03-30 to 2026-06-08,Paul Palleschi Full Pool,"Cooper, Kai",Booked,555-0111-1104,student.1.4@example.test,7,Splash  3,Paul Palleschi Full Pool,Mo,2026-03-30 4:15 PM,2026-03-30 4:45 PM,471646,30,6,1,6,100%
Splash  3,6,6,Mo,Splash  3 Demo,4:15 PM - 4:45 PM,471646,From 2026-03-30 to 2026-06-08,Paul Palleschi Full Pool,"Cooper, Logan",Booked,555-0111-1105,student.1.5@example.test,8,Splash  3,Paul Palleschi Full Pool,Mo,2026-03-30 4:15 PM,2026-03-30 4:45 PM,471646,30,6,1,6,100%
Swimming Private Lesson,6,1,Mo,Swimming Private Lesson Demo,4:15 PM - 4:45 PM,496565,From 2026-03-30 to 2026-06-08,Paul Palleschi Full Pool,"Cooper, Kai",Waiting,555-0112-1200,student.2.0@example.test,3,Swimming Private Lesson,Paul Palleschi Full Pool,Mo,2026-03-30 4:15 PM,2026-03-30 4:45 PM,496565,30,6,1,1,17%
Swimming Private Lesson,6,1,Mo,Swimming Private Lesson Demo,4:15 PM - 4:45 PM,496565,From 2026-03-30 to 2026-06-08,Paul Palleschi Full Pool,"Cooper, Logan",Waiting,555-0112-1201,student.2.1@example.test,4,Swimming Private Lesson,Paul Palleschi Full Pool,Mo,2026-03-30 4:15 PM,2026-03-30 4:45 PM,496565,30,6,1,1,17%
Swimming Private Lesson,6,1,Mo,Swimming Private Lesson Demo,4:15 PM - 4:45 PM,496565,From 2026-03-30 to 2026-06-08,Paul Palleschi Full Pool,"Walker, Maya",Waiting,555-0112-1202,student.2.2@example.test,5,Swimming Private Lesson,Paul Palleschi Full Pool,Mo,2026-03-30 4:15 PM,2026-03-30 4:45 PM,496565,30,6,1,1,17%
Swimming Private Lesson,6,1,Mo,Swimming Private Lesson Demo,4:15 PM - 4:45 PM,496565,From 2026-03-30 to 2026-06-08,Paul Palleschi Full Pool,"Walker, Noah",Booked,555-0112-1203,student.2.3@example.test,6,Swimming Private Lesson,Paul Palleschi Full Pool,Mo,2026-03-30 4:15 PM,2026-03-30 4:45 PM,496565,30,6,1,1,17%
Swimming Private Lesson,6,1,Mo,Swimming Private Lesson Demo,4:15 PM - 4:45 PM,496565,From 2026-03-30 to 2026-06-08,Paul Palleschi Full Pool,"Young, Avery",Waiting,555-0112-1204,student.2.4@example.test,7,Swimming Private Lesson,Paul Palleschi Full Pool,Mo,2026-03-30 4:15 PM,2026-03-30 4:45 PM,496565,30,6,1,1,17%
Swimming Private Lesson,6,1,Mo,Swimming Private Lesson Demo,4:15 PM - 4:45 PM,496565,From 2026-03-30 to 2026-06-08,Paul Palleschi Full Pool,"Young, Blake",Waiting,555-0112-1205,student.2.5@example.test,8,Swimming Private Lesson,Paul Palleschi Full Pool,Mo,2026-03-30 4:15 PM,2026-03-30 4:45 PM,496565,30,6,1,1,17%
Little Splash 1,7,4,Mo,Little Splash 1 Demo,4:30 PM - 5:00 PM,457288,From 2026-03-30 to 2026-06-08,Paul Palleschi Full Pool,"Young, Avery",Waiting,555-0113-1300,student.3.0@example.test,3,Little Splash 1,Paul Palleschi Full Pool,Mo,2026-03-30 4:30 PM,2026-03-30 5:00 PM,457288,30,7,1,4,57%
Little Splash 1,7,4,Mo,Little Splash 1 Demo,4:30 PM - 5:00 PM,457288,From 2026-03-30 to 2026-06-08,Paul Palleschi Full Pool,"Young, Blake",Booked,555-0113-1301,student.3.1@example.test,4,Little Splash 1,Paul Palleschi Full Pool,Mo,2026-03-30 4:30 PM,2026-03-30 5:00 PM,457288,30,7,1,4,57%
Little Splash 1,7,4,Mo,Little Splash 1 Demo,4:30 PM - 5:00 PM,457288,From 2026-03-30 to 2026-06-08,Paul Palleschi Full Pool,"Hall, Casey",Booked,555-0113-1302,student.3.2@example.test,5,Little Splash 1,Paul Palleschi Full Pool,Mo,2026-03-30 4:30 PM,2026-03-30 5:00 PM,457288,30,7,1,4,57%
Little Splash 1,7,4,Mo,Little Splash 1 Demo,4:30 PM - 5:00 PM,457288,From 2026-03-30 to 2026-06-08,Paul Palleschi Full Pool,"Hall, Drew",Waiting,555-0113-1303,student.3.3@example.test,6,Little Splash 1,Paul Palleschi Full Pool,Mo,2026-03-30 4:30 PM,2026-03-30 5:00 PM,457288,30,7,1,4,57%
Little Splash 1,7,4,Mo,Little Splash 1 Demo,4:30 PM - 5:00 PM,457288,From 2026-03-30 to 2026-06-08,Paul Palleschi Full Pool,"Allen, Emery",Booked,555-0113-1304,student.3.4@example.test,7,Little Splash 1,Paul Palleschi Full Pool,Mo,2026-03-30 4:30 PM,2026-03-30 5:00 PM,457288,30,7,1,4,57%
Little Splash 1,7,4,Mo,Little Splash 1 Demo,4:30 PM - 5:00 PM,457288,From 2026-03-30 to 2026-06-08,Paul Palleschi Full Pool,"Allen, Finley",Waiting,555-0113-1305,student.3.5@example.test,8,Little Splash 1,Paul Palleschi Full Pool,Mo,2026-03-30 4:30 PM,2026-03-30 5:00 PM,457288,30,7,1,4,57%
Little Splash 1,7,4,Mo,Little Splash 1 Demo,4:30 PM - 5:00 PM,457288,From 2026-03-30 to 2026-06-08,Paul Palleschi Full Pool,"Wright, Harper",Booked,555-0113-1306,student.3.6@example.test,9,Little Splash 1,Paul Palleschi Full Pool,Mo,2026-03-30 4:30 PM,2026-03-30 5:00 PM,457288,30,7,1,4,57%
Splash  2A,7,6,Mo,Splash  2A Demo,4:30 PM - 5:00 PM,459322,From 2026-03-30 to 2026-06-08,Paul Palleschi Full Pool,"Allen, Emery",Booked,555-0114-1400,student.4.0@example.test,3,Splash  2A,Paul Palleschi Full Pool,Mo,2026-03-30 4:30 PM,2026-03-30 5:00 PM,459322,30,7,1,6,86%
Splash  2A,7,6,Mo,Splash  2A Demo,4:30 PM - 5:00 PM,459322,From 2026-03-30 to 2026-06-08,Paul Palleschi Full Pool,"Allen, Finley",Booked,555-0114-1401,student.4.1@example.test,4,Splash  2A,Paul Palleschi Full Pool,Mo,2026-03-30 4:30 PM,2026-03-30 5:00 PM,459322,30,7,1,6,86%
Splash  2A,7,6,Mo,Splash  2A Demo,4:30 PM - 5:00 PM,459322,From 2026-03-30 to 2026-06-08,Paul Palleschi Full Pool,"Wright, Harper",Booked,555-0114-1402,student.4.2@example.test,5,Splash  2A,Paul Palleschi Full Pool,Mo,2026-03-30 4:30 PM,2026-03-30 5:00 PM,459322,30,7,1,6,86%
Splash  2A,7,6,Mo,Splash  2A Demo,4:30 PM - 5:00 PM,459322,From 2026-03-30 to 2026-06-08,Paul Palleschi Full Pool,"Wright, Jordan",Booked,555-0114-1403,student.4.3@example.test,6,Splash  2A,Paul Palleschi Full Pool,Mo,2026-03-30 4:30 PM,2026-03-30 5:00 PM,459322,30,7,1,6,86%
Splash  2A,7,6,Mo,Splash  2A Demo,4:30 PM - 5:00 PM,459322,From 2026-03-30 to 2026-06-08,Paul Palleschi Full Pool,"King, Kai",Waiting,555-0114-1404,student.4.4@example.test,7,Splash  2A,Paul Palleschi Full Pool,Mo,2026-03-30 4:30 PM,2026-03-30 5:00 PM,459322,30,7,1,6,86%
Splash  2A,7,6,Mo,Splash  2A Demo,4:30 PM - 5:00 PM,459322,From 2026-03-30 to 2026-06-08,Paul Palleschi Full Pool,"King, Logan",Booked,555-0114-1405,student.4.5@example.test,8,Splash  2A,Paul Palleschi Full Pool,Mo,2026-03-30 4:30 PM,2026-03-30 5:00 PM,459322,30,7,1,6,86%
Splash  2A,7,6,Mo,Splash  2A Demo,4:30 PM - 5:00 PM,459322,From 2026-03-30 to 2026-06-08,Paul Palleschi Full Pool,"Scott, Maya",Booked,555-0114-1406,student.4.6@example.test,9,Splash  2A,Paul Palleschi Full Pool,Mo,2026-03-30 4:30 PM,2026-03-30 5:00 PM,459322,30,7,1,6,86%
Little Splash 3,5,5,Mo,Little Splash 3 Demo,4:30 PM - 5:00 PM,463801,From 2026-03-30 to 2026-06-08,Paul Palleschi Full Pool,"King, Kai",Booked,555-0115-1500,student.5.0@example.test,3,Little Splash 3,Paul Palleschi Full Pool,Mo,2026-03-30 4:30 PM,2026-03-30 5:00 PM,463801,30,5,1,5,100%
Little Splash 3,5,5,Mo,Little Splash 3 Demo,4:30 PM - 5:00 PM,463801,From 2026-03-30 to 2026-06-08,Paul Palleschi Full Pool,"King, Logan",Booked,555-0115-1501,student.5.1@example.test,4,Little Splash 3,Paul Palleschi Full Pool,Mo,2026-03-30 4:30 PM,2026-03-30 5:00 PM,463801,30,5,1,5,100%
Little Splash 3,5,5,Mo,Little Splash 3 Demo,4:30 PM - 5:00 PM,463801,From 2026-03-30 to 2026-06-08,Paul Palleschi Full Pool,"Scott, Maya",Booked,555-0115-1502,student.5.2@example.test,5,Little Splash 3,Paul Palleschi Full Pool,Mo,2026-03-30 4:30 PM,2026-03-30 5:00 PM,463801,30,5,1,5,100%
Little Splash 3,5,5,Mo,Little Splash 3 Demo,4:30 PM - 5:00 PM,463801,From 2026-03-30 to 2026-06-08,Paul Palleschi Full Pool,"Scott, Noah",Booked,555-0115-1503,student.5.3@example.test,6,Little Splash 3,Paul Palleschi Full Pool,Mo,2026-03-30 4:30 PM,2026-03-30 5:00 PM,463801,30,5,1,5,100%
Little Splash 3,5,5,Mo,Little Splash 3 Demo,4:30 PM - 5:00 PM,463801,From 2026-03-30 to 2026-06-08,Paul Palleschi Full Pool,"Stone, Avery",Booked,555-0115-1504,student.5.4@example.test,7,Little Splash 3,Paul Palleschi Full Pool,Mo,2026-03-30 4:30 PM,2026-03-30 5:00 PM,463801,30,5,1,5,100%
Splash  4,8,8,Mo,Splash  4 Demo,4:45 PM - 5:15 PM,471682,From 2026-03-30 to 2026-06-08,Paul Palleschi Full Pool,"Stone, Avery",Booked,555-0116-1600,student.6.0@example.test,3,Splash  4,Paul Palleschi Full Pool,Mo,2026-03-30 4:45 PM,2026-03-30 5:15 PM,471682,30,8,1,8,100%
Splash  4,8,8,Mo,Splash  4 Demo,4:45 PM - 5:15 PM,471682,From 2026-03-30 to 2026-06-08,Paul Palleschi Full Pool,"Stone, Blake",Booked,555-0116-1601,student.6.1@example.test,4,Splash  4,Paul Palleschi Full Pool,Mo,2026-03-30 4:45 PM,2026-03-30 5:15 PM,471682,30,8,1,8,100%
Splash  4,8,8,Mo,Splash  4 Demo,4:45 PM - 5:15 PM,471682,From 2026-03-30 to 2026-06-08,Paul Palleschi Full Pool,"Lee, Casey",Booked,555-0116-1602,student.6.2@example.test,5,Splash  4,Paul Palleschi Full Pool,Mo,2026-03-30 4:45 PM,2026-03-30 5:15 PM,471682,30,8,1,8,100%
Splash  4,8,8,Mo,Splash  4 Demo,4:45 PM - 5:15 PM,471682,From 2026-03-30 to 2026-06-08,Paul Palleschi Full Pool,"Lee, Drew",Booked,555-0116-1603,student.6.3@example.test,6,Splash  4,Paul Palleschi Full Pool,Mo,2026-03-30 4:45 PM,2026-03-30 5:15 PM,471682,30,8,1,8,100%
Splash  4,8,8,Mo,Splash  4 Demo,4:45 PM - 5:15 PM,471682,From 2026-03-30 to 2026-06-08,Paul Palleschi Full Pool,"Martin, Emery",Booked,555-0116-1604,student.6.4@example.test,7,Splash  4,Paul Palleschi Full Pool,Mo,2026-03-30 4:45 PM,2026-03-30 5:15 PM,471682,30,8,1,8,100%
Splash  4,8,8,Mo,Splash  4 Demo,4:45 PM - 5:15 PM,471682,From 2026-03-30 to 2026-06-08,Paul Palleschi Full Pool,"Martin, Finley",Booked,555-0116-1605,student.6.5@example.test,8,Splash  4,Paul Palleschi Full Pool,Mo,2026-03-30 4:45 PM,2026-03-30 5:15 PM,471682,30,8,1,8,100%
Splash  4,8,8,Mo,Splash  4 Demo,4:45 PM - 5:15 PM,471682,From 2026-03-30 to 2026-06-08,Paul Palleschi Full Pool,"Singh, Harper",Booked,555-0116-1606,student.6.6@example.test,9,Splash  4,Paul Palleschi Full Pool,Mo,2026-03-30 4:45 PM,2026-03-30 5:15 PM,471682,30,8,1,8,100%
Splash  4,8,8,Mo,Splash  4 Demo,4:45 PM - 5:15 PM,471682,From 2026-03-30 to 2026-06-08,Paul Palleschi Full Pool,"Singh, Jordan",Booked,555-0116-1607,student.6.7@example.test,10,Splash  4,Paul Palleschi Full Pool,Mo,2026-03-30 4:45 PM,2026-03-30 5:15 PM,471682,30,8,1,8,100%
Swimming Private Lesson,5,1,Mo,Swimming Private Lesson Demo,4:45 PM - 5:15 PM,496573,From 2026-03-30 to 2026-06-08,Paul Palleschi Full Pool,"Martin, Emery",Waiting,555-0117-1700,student.7.0@example.test,3,Swimming Private Lesson,Paul Palleschi Full Pool,Mo,2026-03-30 4:45 PM,2026-03-30 5:15 PM,496573,30,5,1,1,20%
Swimming Private Lesson,5,1,Mo,Swimming Private Lesson Demo,4:45 PM - 5:15 PM,496573,From 2026-03-30 to 2026-06-08,Paul Palleschi Full Pool,"Martin, Finley",Waiting,555-0117-1701,student.7.1@example.test,4,Swimming Private Lesson,Paul Palleschi Full Pool,Mo,2026-03-30 4:45 PM,2026-03-30 5:15 PM,496573,30,5,1,1,20%
Swimming Private Lesson,5,1,Mo,Swimming Private Lesson Demo,4:45 PM - 5:15 PM,496573,From 2026-03-30 to 2026-06-08,Paul Palleschi Full Pool,"Singh, Harper",Booked,555-0117-1702,student.7.2@example.test,5,Swimming Private Lesson,Paul Palleschi Full Pool,Mo,2026-03-30 4:45 PM,2026-03-30 5:15 PM,496573,30,5,1,1,20%
Swimming Private Lesson,5,1,Mo,Swimming Private Lesson Demo,4:45 PM - 5:15 PM,496573,From 2026-03-30 to 2026-06-08,Paul Palleschi Full Pool,"Singh, Jordan",Waiting,555-0117-1703,student.7.3@example.test,6,Swimming Private Lesson,Paul Palleschi Full Pool,Mo,2026-03-30 4:45 PM,2026-03-30 5:15 PM,496573,30,5,1,1,20%
Swimming Private Lesson,5,1,Mo,Swimming Private Lesson Demo,4:45 PM - 5:15 PM,496573,From 2026-03-30 to 2026-06-08,Paul Palleschi Full Pool,"Cooper, Kai",Waiting,555-0117-1704,student.7.4@example.test,7,Swimming Private Lesson,Paul Palleschi Full Pool,Mo,2026-03-30 4:45 PM,2026-03-30 5:15 PM,496573,30,5,1,1,20%
Little Splash 3,6,5,Mo,Little Splash 3 Demo,5:00 PM - 5:30 PM,463804,From 2026-03-30 to 2026-06-08,Paul Palleschi Full Pool,"Cooper, Kai",Booked,555-0118-1800,student.8.0@example.test,3,Little Splash 3,Paul Palleschi Full Pool,Mo,2026-03-30 5:00 PM,2026-03-30 5:30 PM,463804,30,6,1,5,83%
Little Splash 3,6,5,Mo,Little Splash 3 Demo,5:00 PM - 5:30 PM,463804,From 2026-03-30 to 2026-06-08,Paul Palleschi Full Pool,"Cooper, Logan",Booked,555-0118-1801,student.8.1@example.test,4,Little Splash 3,Paul Palleschi Full Pool,Mo,2026-03-30 5:00 PM,2026-03-30 5:30 PM,463804,30,6,1,5,83%
Little Splash 3,6,5,Mo,Little Splash 3 Demo,5:00 PM - 5:30 PM,463804,From 2026-03-30 to 2026-06-08,Paul Palleschi Full Pool,"Walker, Maya",Booked,555-0118-1802,student.8.2@example.test,5,Little Splash 3,Paul Palleschi Full Pool,Mo,2026-03-30 5:00 PM,2026-03-30 5:30 PM,463804,30,6,1,5,83%
Little Splash 3,6,5,Mo,Little Splash 3 Demo,5:00 PM - 5:30 PM,463804,From 2026-03-30 to 2026-06-08,Paul Palleschi Full Pool,"Walker, Noah",Waiting,555-0118-1803,student.8.3@example.test,6,Little Splash 3,Paul Palleschi Full Pool,Mo,2026-03-30 5:00 PM,2026-03-30 5:30 PM,463804,30,6,1,5,83%
Little Splash 3,6,5,Mo,Little Splash 3 Demo,5:00 PM - 5:30 PM,463804,From 2026-03-30 to 2026-06-08,Paul Palleschi Full Pool,"Young, Avery",Booked,555-0118-1804,student.8.4@example.test,7,Little Splash 3,Paul Palleschi Full Pool,Mo,2026-03-30 5:00 PM,2026-03-30 5:30 PM,463804,30,6,1,5,83%
Little Splash 3,6,5,Mo,Little Splash 3 Demo,5:00 PM - 5:30 PM,463804,From 2026-03-30 to 2026-06-08,Paul Palleschi Full Pool,"Young, Blake",Booked,555-0118-1805,student.8.5@example.test,8,Little Splash 3,Paul Palleschi Full Pool,Mo,2026-03-30 5:00 PM,2026-03-30 5:30 PM,463804,30,6,1,5,83%
Splash  2B,10,6,Mo,Splash  2B Demo,5:00 PM - 5:30 PM,471253,From 2026-03-30 to 2026-06-08,Paul Palleschi Full Pool,"Young, Avery",Booked,555-0119-1900,student.9.0@example.test,3,Splash  2B,Paul Palleschi Full Pool,Mo,2026-03-30 5:00 PM,2026-03-30 5:30 PM,471253,30,10,1,6,60%
Splash  2B,10,6,Mo,Splash  2B Demo,5:00 PM - 5:30 PM,471253,From 2026-03-30 to 2026-06-08,Paul Palleschi Full Pool,"Young, Blake",Booked,555-0119-1901,student.9.1@example.test,4,Splash  2B,Paul Palleschi Full Pool,Mo,2026-03-30 5:00 PM,2026-03-30 5:30 PM,471253,30,10,1,6,60%
Splash  2B,10,6,Mo,Splash  2B Demo,5:00 PM - 5:30 PM,471253,From 2026-03-30 to 2026-06-08,Paul Palleschi Full Pool,"Hall, Casey",Booked,555-0119-1902,student.9.2@example.test,5,Splash  2B,Paul Palleschi Full Pool,Mo,2026-03-30 5:00 PM,2026-03-30 5:30 PM,471253,30,10,1,6,60%
Splash  2B,10,6,Mo,Splash  2B Demo,5:00 PM - 5:30 PM,471253,From 2026-03-30 to 2026-06-08,Paul Palleschi Full Pool,"Hall, Drew",Booked,555-0119-1903,student.9.3@example.test,6,Splash  2B,Paul Palleschi Full Pool,Mo,2026-03-30 5:00 PM,2026-03-30 5:30 PM,471253,30,10,1,6,60%
Splash  2B,10,6,Mo,Splash  2B Demo,5:00 PM - 5:30 PM,471253,From 2026-03-30 to 2026-06-08,Paul Palleschi Full Pool,"Allen, Emery",Waiting,555-0119-1904,student.9.4@example.test,7,Splash  2B,Paul Palleschi Full Pool,Mo,2026-03-30 5:00 PM,2026-03-30 5:30 PM,471253,30,10,1,6,60%
Splash  2B,10,6,Mo,Splash  2B Demo,5:00 PM - 5:30 PM,471253,From 2026-03-30 to 2026-06-08,Paul Palleschi Full Pool,"Allen, Finley",Booked,555-0119-1905,student.9.5@example.test,8,Splash  2B,Paul Palleschi Full Pool,Mo,2026-03-30 5:00 PM,2026-03-30 5:30 PM,471253,30,10,1,6,60%
Splash  2B,10,6,Mo,Splash  2B Demo,5:00 PM - 5:30 PM,471253,From 2026-03-30 to 2026-06-08,Paul Palleschi Full Pool,"Wright, Harper",Booked,555-0119-1906,student.9.6@example.test,9,Splash  2B,Paul Palleschi Full Pool,Mo,2026-03-30 5:00 PM,2026-03-30 5:30 PM,471253,30,10,1,6,60%
Splash  2B,10,6,Mo,Splash  2B Demo,5:00 PM - 5:30 PM,471253,From 2026-03-30 to 2026-06-08,Paul Palleschi Full Pool,"Wright, Jordan",Waiting,555-0119-1907,student.9.7@example.test,10,Splash  2B,Paul Palleschi Full Pool,Mo,2026-03-30 5:00 PM,2026-03-30 5:30 PM,471253,30,10,1,6,60%
Splash  2B,10,6,Mo,Splash  2B Demo,5:00 PM - 5:30 PM,471253,From 2026-03-30 to 2026-06-08,Paul Palleschi Full Pool,"King, Kai",Waiting,555-0119-1908,student.9.8@example.test,11,Splash  2B,Paul Palleschi Full Pool,Mo,2026-03-30 5:00 PM,2026-03-30 5:30 PM,471253,30,10,1,6,60%
Splash  2B,10,6,Mo,Splash  2B Demo,5:00 PM - 5:30 PM,471253,From 2026-03-30 to 2026-06-08,Paul Palleschi Full Pool,"King, Logan",Waiting,555-0119-1909,student.9.9@example.test,12,Splash  2B,Paul Palleschi Full Pool,Mo,2026-03-30 5:00 PM,2026-03-30 5:30 PM,471253,30,10,1,6,60%
Splash  3,7,7,Mo,Splash  3 Demo,5:00 PM - 5:30 PM,471654,From 2026-03-30 to 2026-06-08,Paul Palleschi Full Pool,"Allen, Emery",Booked,555-0120-2000,student.10.0@example.test,3,Splash  3,Paul Palleschi Full Pool,Mo,2026-03-30 5:00 PM,2026-03-30 5:30 PM,471654,30,7,1,7,100%
Splash  3,7,7,Mo,Splash  3 Demo,5:00 PM - 5:30 PM,471654,From 2026-03-30 to 2026-06-08,Paul Palleschi Full Pool,"Allen, Finley",Booked,555-0120-2001,student.10.1@example.test,4,Splash  3,Paul Palleschi Full Pool,Mo,2026-03-30 5:00 PM,2026-03-30 5:30 PM,471654,30,7,1,7,100%
Splash  3,7,7,Mo,Splash  3 Demo,5:00 PM - 5:30 PM,471654,From 2026-03-30 to 2026-06-08,Paul Palleschi Full Pool,"Wright, Harper",Booked,555-0120-2002,student.10.2@example.test,5,Splash  3,Paul Palleschi Full Pool,Mo,2026-03-30 5:00 PM,2026-03-30 5:30 PM,471654,30,7,1,7,100%
Splash  3,7,7,Mo,Splash  3 Demo,5:00 PM - 5:30 PM,471654,From 2026-03-30 to 2026-06-08,Paul Palleschi Full Pool,"Wright, Jordan",Booked,555-0120-2003,student.10.3@example.test,6,Splash  3,Paul Palleschi Full Pool,Mo,2026-03-30 5:00 PM,2026-03-30 5:30 PM,471654,30,7,1,7,100%
Splash  3,7,7,Mo,Splash  3 Demo,5:00 PM - 5:30 PM,471654,From 2026-03-30 to 2026-06-08,Paul Palleschi Full Pool,"King, Kai",Booked,555-0120-2004,student.10.4@example.test,7,Splash  3,Paul Palleschi Full Pool,Mo,2026-03-30 5:00 PM,2026-03-30 5:30 PM,471654,30,7,1,7,100%
Splash  3,7,7,Mo,Splash  3 Demo,5:00 PM - 5:30 PM,471654,From 2026-03-30 to 2026-06-08,Paul Palleschi Full Pool,"King, Logan",Booked,555-0120-2005,student.10.5@example.test,8,Splash  3,Paul Palleschi Full Pool,Mo,2026-03-30 5:00 PM,2026-03-30 5:30 PM,471654,30,7,1,7,100%
Splash  3,7,7,Mo,Splash  3 Demo,5:00 PM - 5:30 PM,471654,From 2026-03-30 to 2026-06-08,Paul Palleschi Full Pool,"Scott, Maya",Booked,555-0120-2006,student.10.6@example.test,9,Splash  3,Paul Palleschi Full Pool,Mo,2026-03-30 5:00 PM,2026-03-30 5:30 PM,471654,30,7,1,7,100%
Splash  1,6,6,Mo,Splash  1 Demo,5:15 PM - 5:45 PM,457463,From 2026-03-30 to 2026-06-08,Paul Palleschi Full Pool,"King, Kai",Booked,555-0121-2100,student.11.0@example.test,3,Splash  1,Paul Palleschi Full Pool,Mo,2026-03-30 5:15 PM,2026-03-30 5:45 PM,457463,30,6,1,6,100%
Splash  1,6,6,Mo,Splash  1 Demo,5:15 PM - 5:45 PM,457463,From 2026-03-30 to 2026-06-08,Paul Palleschi Full Pool,"King, Logan",Booked,555-0121-2101,student.11.1@example.test,4,Splash  1,Paul Palleschi Full Pool,Mo,2026-03-30 5:15 PM,2026-03-30 5:45 PM,457463,30,6,1,6,100%
Splash  1,6,6,Mo,Splash  1 Demo,5:15 PM - 5:45 PM,457463,From 2026-03-30 to 2026-06-08,Paul Palleschi Full Pool,"Scott, Maya",Booked,555-0121-2102,student.11.2@example.test,5,Splash  1,Paul Palleschi Full Pool,Mo,2026-03-30 5:15 PM,2026-03-30 5:45 PM,457463,30,6,1,6,100%
Splash  1,6,6,Mo,Splash  1 Demo,5:15 PM - 5:45 PM,457463,From 2026-03-30 to 2026-06-08,Paul Palleschi Full Pool,"Scott, Noah",Booked,555-0121-2103,student.11.3@example.test,6,Splash  1,Paul Palleschi Full Pool,Mo,2026-03-30 5:15 PM,2026-03-30 5:45 PM,457463,30,6,1,6,100%
Splash  1,6,6,Mo,Splash  1 Demo,5:15 PM - 5:45 PM,457463,From 2026-03-30 to 2026-06-08,Paul Palleschi Full Pool,"Stone, Avery",Booked,555-0121-2104,student.11.4@example.test,7,Splash  1,Paul Palleschi Full Pool,Mo,2026-03-30 5:15 PM,2026-03-30 5:45 PM,457463,30,6,1,6,100%
Splash  1,6,6,Mo,Splash  1 Demo,5:15 PM - 5:45 PM,457463,From 2026-03-30 to 2026-06-08,Paul Palleschi Full Pool,"Stone, Blake",Booked,555-0121-2105,student.11.5@example.test,8,Splash  1,Paul Palleschi Full Pool,Mo,2026-03-30 5:15 PM,2026-03-30 5:45 PM,457463,30,6,1,6,100%
Swimming Private Lesson,1,1,Mo,Swimming Private Lesson Demo,5:15 PM - 5:45 PM,496574,From 2026-03-30 to 2026-06-08,Paul Palleschi Full Pool,"Stone, Avery",Booked,555-0122-2200,student.12.0@example.test,3,Swimming Private Lesson,Paul Palleschi Full Pool,Mo,2026-03-30 5:15 PM,2026-03-30 5:45 PM,496574,30,1,1,1,100%
Little Splash 2,5,5,Mo,Little Splash 2 Demo,5:30 PM - 6:00 PM,457779,From 2026-03-30 to 2026-06-08,Paul Palleschi Full Pool,"Martin, Emery",Booked,555-0123-2300,student.13.0@example.test,3,Little Splash 2,Paul Palleschi Full Pool,Mo,2026-03-30 5:30 PM,2026-03-30 6:00 PM,457779,30,5,1,5,100%
Little Splash 2,5,5,Mo,Little Splash 2 Demo,5:30 PM - 6:00 PM,457779,From 2026-03-30 to 2026-06-08,Paul Palleschi Full Pool,"Martin, Finley",Booked,555-0123-2301,student.13.1@example.test,4,Little Splash 2,Paul Palleschi Full Pool,Mo,2026-03-30 5:30 PM,2026-03-30 6:00 PM,457779,30,5,1,5,100%
Little Splash 2,5,5,Mo,Little Splash 2 Demo,5:30 PM - 6:00 PM,457779,From 2026-03-30 to 2026-06-08,Paul Palleschi Full Pool,"Singh, Harper",Booked,555-0123-2302,student.13.2@example.test,5,Little Splash 2,Paul Palleschi Full Pool,Mo,2026-03-30 5:30 PM,2026-03-30 6:00 PM,457779,30,5,1,5,100%
Little Splash 2,5,5,Mo,Little Splash 2 Demo,5:30 PM - 6:00 PM,457779,From 2026-03-30 to 2026-06-08,Paul Palleschi Full Pool,"Singh, Jordan",Booked,555-0123-2303,student.13.3@example.test,6,Little Splash 2,Paul Palleschi Full Pool,Mo,2026-03-30 5:30 PM,2026-03-30 6:00 PM,457779,30,5,1,5,100%
Little Splash 2,5,5,Mo,Little Splash 2 Demo,5:30 PM - 6:00 PM,457779,From 2026-03-30 to 2026-06-08,Paul Palleschi Full Pool,"Cooper, Kai",Booked,555-0123-2304,student.13.4@example.test,7,Little Splash 2,Paul Palleschi Full Pool,Mo,2026-03-30 5:30 PM,2026-03-30 6:00 PM,457779,30,5,1,5,100%
Little Splash 4,5,5,Mo,Little Splash 4 Demo,5:30 PM - 6:00 PM,463898,From 2026-03-30 to 2026-06-08,Paul Palleschi Full Pool,"Cooper, Kai",Booked,555-0124-2400,student.14.0@example.test,3,Little Splash 4,Paul Palleschi Full Pool,Mo,2026-03-30 5:30 PM,2026-03-30 6:00 PM,463898,30,5,1,5,100%
Little Splash 4,5,5,Mo,Little Splash 4 Demo,5:30 PM - 6:00 PM,463898,From 2026-03-30 to 2026-06-08,Paul Palleschi Full Pool,"Cooper, Logan",Booked,555-0124-2401,student.14.1@example.test,4,Little Splash 4,Paul Palleschi Full Pool,Mo,2026-03-30 5:30 PM,2026-03-30 6:00 PM,463898,30,5,1,5,100%
Little Splash 4,5,5,Mo,Little Splash 4 Demo,5:30 PM - 6:00 PM,463898,From 2026-03-30 to 2026-06-08,Paul Palleschi Full Pool,"Walker, Maya",Booked,555-0124-2402,student.14.2@example.test,5,Little Splash 4,Paul Palleschi Full Pool,Mo,2026-03-30 5:30 PM,2026-03-30 6:00 PM,463898,30,5,1,5,100%
Little Splash 4,5,5,Mo,Little Splash 4 Demo,5:30 PM - 6:00 PM,463898,From 2026-03-30 to 2026-06-08,Paul Palleschi Full Pool,"Walker, Noah",Booked,555-0124-2403,student.14.3@example.test,6,Little Splash 4,Paul Palleschi Full Pool,Mo,2026-03-30 5:30 PM,2026-03-30 6:00 PM,463898,30,5,1,5,100%
Little Splash 4,5,5,Mo,Little Splash 4 Demo,5:30 PM - 6:00 PM,463898,From 2026-03-30 to 2026-06-08,Paul Palleschi Full Pool,"Young, Avery",Booked,555-0124-2404,student.14.4@example.test,7,Little Splash 4,Paul Palleschi Full Pool,Mo,2026-03-30 5:30 PM,2026-03-30 6:00 PM,463898,30,5,1,5,100%
Splash  6,21,11,Mo,Splash  6 Demo,5:30 PM - 6:15 PM,471573,From 2026-03-30 to 2026-06-08,Paul Palleschi Full Pool,"Young, Avery",Booked,555-0125-2500,student.15.0@example.test,3,Splash  6,Paul Palleschi Full Pool,Mo,2026-03-30 5:30 PM,2026-03-30 6:15 PM,471573,45,21,1,11,52%
Splash  6,21,11,Mo,Splash  6 Demo,5:30 PM - 6:15 PM,471573,From 2026-03-30 to 2026-06-08,Paul Palleschi Full Pool,"Young, Blake",Waiting,555-0125-2501,student.15.1@example.test,4,Splash  6,Paul Palleschi Full Pool,Mo,2026-03-30 5:30 PM,2026-03-30 6:15 PM,471573,45,21,1,11,52%
Splash  6,21,11,Mo,Splash  6 Demo,5:30 PM - 6:15 PM,471573,From 2026-03-30 to 2026-06-08,Paul Palleschi Full Pool,"Hall, Casey",Waiting,555-0125-2502,student.15.2@example.test,5,Splash  6,Paul Palleschi Full Pool,Mo,2026-03-30 5:30 PM,2026-03-30 6:15 PM,471573,45,21,1,11,52%
Splash  6,21,11,Mo,Splash  6 Demo,5:30 PM - 6:15 PM,471573,From 2026-03-30 to 2026-06-08,Paul Palleschi Full Pool,"Hall, Drew",Waiting,555-0125-2503,student.15.3@example.test,6,Splash  6,Paul Palleschi Full Pool,Mo,2026-03-30 5:30 PM,2026-03-30 6:15 PM,471573,45,21,1,11,52%
Splash  6,21,11,Mo,Splash  6 Demo,5:30 PM - 6:15 PM,471573,From 2026-03-30 to 2026-06-08,Paul Palleschi Full Pool,"Allen, Emery",Booked,555-0125-2504,student.15.4@example.test,7,Splash  6,Paul Palleschi Full Pool,Mo,2026-03-30 5:30 PM,2026-03-30 6:15 PM,471573,45,21,1,11,52%
Splash  6,21,11,Mo,Splash  6 Demo,5:30 PM - 6:15 PM,471573,From 2026-03-30 to 2026-06-08,Paul Palleschi Full Pool,"Allen, Finley",Booked,555-0125-2505,student.15.5@example.test,8,Splash  6,Paul Palleschi Full Pool,Mo,2026-03-30 5:30 PM,2026-03-30 6:15 PM,471573,45,21,1,11,52%
Splash  6,21,11,Mo,Splash  6 Demo,5:30 PM - 6:15 PM,471573,From 2026-03-30 to 2026-06-08,Paul Palleschi Full Pool,"Wright, Harper",Booked,555-0125-2506,student.15.6@example.test,9,Splash  6,Paul Palleschi Full Pool,Mo,2026-03-30 5:30 PM,2026-03-30 6:15 PM,471573,45,21,1,11,52%
Splash  6,21,11,Mo,Splash  6 Demo,5:30 PM - 6:15 PM,471573,From 2026-03-30 to 2026-06-08,Paul Palleschi Full Pool,"Wright, Jordan",Booked,555-0125-2507,student.15.7@example.test,10,Splash  6,Paul Palleschi Full Pool,Mo,2026-03-30 5:30 PM,2026-03-30 6:15 PM,471573,45,21,1,11,52%
Splash  6,21,11,Mo,Splash  6 Demo,5:30 PM - 6:15 PM,471573,From 2026-03-30 to 2026-06-08,Paul Palleschi Full Pool,"King, Kai",Waiting,555-0125-2508,student.15.8@example.test,11,Splash  6,Paul Palleschi Full Pool,Mo,2026-03-30 5:30 PM,2026-03-30 6:15 PM,471573,45,21,1,11,52%
Splash  6,21,11,Mo,Splash  6 Demo,5:30 PM - 6:15 PM,471573,From 2026-03-30 to 2026-06-08,Paul Palleschi Full Pool,"King, Logan",Waiting,555-0125-2509,student.15.9@example.test,12,Splash  6,Paul Palleschi Full Pool,Mo,2026-03-30 5:30 PM,2026-03-30 6:15 PM,471573,45,21,1,11,52%
Splash  6,21,11,Mo,Splash  6 Demo,5:30 PM - 6:15 PM,471573,From 2026-03-30 to 2026-06-08,Paul Palleschi Full Pool,"Scott, Maya",Booked,555-0125-2510,student.15.10@example.test,3,Splash  6,Paul Palleschi Full Pool,Mo,2026-03-30 5:30 PM,2026-03-30 6:15 PM,471573,45,21,1,11,52%
Splash  6,21,11,Mo,Splash  6 Demo,5:30 PM - 6:15 PM,471573,From 2026-03-30 to 2026-06-08,Paul Palleschi Full Pool,"Scott, Noah",Waiting,555-0125-2511,student.15.11@example.test,4,Splash  6,Paul Palleschi Full Pool,Mo,2026-03-30 5:30 PM,2026-03-30 6:15 PM,471573,45,21,1,11,52%
Splash  6,21,11,Mo,Splash  6 Demo,5:30 PM - 6:15 PM,471573,From 2026-03-30 to 2026-06-08,Paul Palleschi Full Pool,"Stone, Avery",Booked,555-0125-2512,student.15.12@example.test,5,Splash  6,Paul Palleschi Full Pool,Mo,2026-03-30 5:30 PM,2026-03-30 6:15 PM,471573,45,21,1,11,52%
Splash  6,21,11,Mo,Splash  6 Demo,5:30 PM - 6:15 PM,471573,From 2026-03-30 to 2026-06-08,Paul Palleschi Full Pool,"Stone, Blake",Waiting,555-0125-2513,student.15.13@example.test,6,Splash  6,Paul Palleschi Full Pool,Mo,2026-03-30 5:30 PM,2026-03-30 6:15 PM,471573,45,21,1,11,52%
Splash  6,21,11,Mo,Splash  6 Demo,5:30 PM - 6:15 PM,471573,From 2026-03-30 to 2026-06-08,Paul Palleschi Full Pool,"Lee, Casey",Waiting,555-0125-2514,student.15.14@example.test,7,Splash  6,Paul Palleschi Full Pool,Mo,2026-03-30 5:30 PM,2026-03-30 6:15 PM,471573,45,21,1,11,52%
Splash  6,21,11,Mo,Splash  6 Demo,5:30 PM - 6:15 PM,471573,From 2026-03-30 to 2026-06-08,Paul Palleschi Full Pool,"Lee, Drew",Waiting,555-0125-2515,student.15.15@example.test,8,Splash  6,Paul Palleschi Full Pool,Mo,2026-03-30 5:30 PM,2026-03-30 6:15 PM,471573,45,21,1,11,52%
Splash  6,21,11,Mo,Splash  6 Demo,5:30 PM - 6:15 PM,471573,From 2026-03-30 to 2026-06-08,Paul Palleschi Full Pool,"Martin, Emery",Booked,555-0125-2516,student.15.16@example.test,9,Splash  6,Paul Palleschi Full Pool,Mo,2026-03-30 5:30 PM,2026-03-30 6:15 PM,471573,45,21,1,11,52%
Splash  6,21,11,Mo,Splash  6 Demo,5:30 PM - 6:15 PM,471573,From 2026-03-30 to 2026-06-08,Paul Palleschi Full Pool,"Martin, Finley",Booked,555-0125-2517,student.15.17@example.test,10,Splash  6,Paul Palleschi Full Pool,Mo,2026-03-30 5:30 PM,2026-03-30 6:15 PM,471573,45,21,1,11,52%
Splash  6,21,11,Mo,Splash  6 Demo,5:30 PM - 6:15 PM,471573,From 2026-03-30 to 2026-06-08,Paul Palleschi Full Pool,"Singh, Harper",Booked,555-0125-2518,student.15.18@example.test,11,Splash  6,Paul Palleschi Full Pool,Mo,2026-03-30 5:30 PM,2026-03-30 6:15 PM,471573,45,21,1,11,52%
Splash  6,21,11,Mo,Splash  6 Demo,5:30 PM - 6:15 PM,471573,From 2026-03-30 to 2026-06-08,Paul Palleschi Full Pool,"Singh, Jordan",Waiting,555-0125-2519,student.15.19@example.test,12,Splash  6,Paul Palleschi Full Pool,Mo,2026-03-30 5:30 PM,2026-03-30 6:15 PM,471573,45,21,1,11,52%
Splash  6,21,11,Mo,Splash  6 Demo,5:30 PM - 6:15 PM,471573,From 2026-03-30 to 2026-06-08,Paul Palleschi Full Pool,"Cooper, Kai",Booked,555-0125-2520,student.15.20@example.test,3,Splash  6,Paul Palleschi Full Pool,Mo,2026-03-30 5:30 PM,2026-03-30 6:15 PM,471573,45,21,1,11,52%
Splash  3,10,7,Mo,Splash  3 Demo,5:45 PM - 6:15 PM,471657,From 2026-03-30 to 2026-06-08,Paul Palleschi Full Pool,"Allen, Emery",Booked,555-0126-2600,student.16.0@example.test,3,Splash  3,Paul Palleschi Full Pool,Mo,2026-03-30 5:45 PM,2026-03-30 6:15 PM,471657,30,10,1,7,70%
Splash  3,10,7,Mo,Splash  3 Demo,5:45 PM - 6:15 PM,471657,From 2026-03-30 to 2026-06-08,Paul Palleschi Full Pool,"Allen, Finley",Booked,555-0126-2601,student.16.1@example.test,4,Splash  3,Paul Palleschi Full Pool,Mo,2026-03-30 5:45 PM,2026-03-30 6:15 PM,471657,30,10,1,7,70%
Splash  3,10,7,Mo,Splash  3 Demo,5:45 PM - 6:15 PM,471657,From 2026-03-30 to 2026-06-08,Paul Palleschi Full Pool,"Wright, Harper",Booked,555-0126-2602,student.16.2@example.test,5,Splash  3,Paul Palleschi Full Pool,Mo,2026-03-30 5:45 PM,2026-03-30 6:15 PM,471657,30,10,1,7,70%
Splash  3,10,7,Mo,Splash  3 Demo,5:45 PM - 6:15 PM,471657,From 2026-03-30 to 2026-06-08,Paul Palleschi Full Pool,"Wright, Jordan",Booked,555-0126-2603,student.16.3@example.test,6,Splash  3,Paul Palleschi Full Pool,Mo,2026-03-30 5:45 PM,2026-03-30 6:15 PM,471657,30,10,1,7,70%
Splash  3,10,7,Mo,Splash  3 Demo,5:45 PM - 6:15 PM,471657,From 2026-03-30 to 2026-06-08,Paul Palleschi Full Pool,"King, Kai",Booked,555-0126-2604,student.16.4@example.test,7,Splash  3,Paul Palleschi Full Pool,Mo,2026-03-30 5:45 PM,2026-03-30 6:15 PM,471657,30,10,1,7,70%
Splash  3,10,7,Mo,Splash  3 Demo,5:45 PM - 6:15 PM,471657,From 2026-03-30 to 2026-06-08,Paul Palleschi Full Pool,"King, Logan",Waiting,555-0126-2605,student.16.5@example.test,8,Splash  3,Paul Palleschi Full Pool,Mo,2026-03-30 5:45 PM,2026-03-30 6:15 PM,471657,30,10,1,7,70%
Splash  3,10,7,Mo,Splash  3 Demo,5:45 PM - 6:15 PM,471657,From 2026-03-30 to 2026-06-08,Paul Palleschi Full Pool,"Scott, Maya",Waiting,555-0126-2606,student.16.6@example.test,9,Splash  3,Paul Palleschi Full Pool,Mo,2026-03-30 5:45 PM,2026-03-30 6:15 PM,471657,30,10,1,7,70%
Splash  3,10,7,Mo,Splash  3 Demo,5:45 PM - 6:15 PM,471657,From 2026-03-30 to 2026-06-08,Paul Palleschi Full Pool,"Scott, Noah",Waiting,555-0126-2607,student.16.7@example.test,10,Splash  3,Paul Palleschi Full Pool,Mo,2026-03-30 5:45 PM,2026-03-30 6:15 PM,471657,30,10,1,7,70%
Splash  3,10,7,Mo,Splash  3 Demo,5:45 PM - 6:15 PM,471657,From 2026-03-30 to 2026-06-08,Paul Palleschi Full Pool,"Stone, Avery",Booked,555-0126-2608,student.16.8@example.test,11,Splash  3,Paul Palleschi Full Pool,Mo,2026-03-30 5:45 PM,2026-03-30 6:15 PM,471657,30,10,1,7,70%
Splash  3,10,7,Mo,Splash  3 Demo,5:45 PM - 6:15 PM,471657,From 2026-03-30 to 2026-06-08,Paul Palleschi Full Pool,"Stone, Blake",Booked,555-0126-2609,student.16.9@example.test,12,Splash  3,Paul Palleschi Full Pool,Mo,2026-03-30 5:45 PM,2026-03-30 6:15 PM,471657,30,10,1,7,70%
Swimming Private Lesson,2,1,Mo,Swimming Private Lesson Demo,5:45 PM - 6:15 PM,496582,From 2026-03-30 to 2026-06-08,Paul Palleschi Full Pool,"King, Kai",Booked,555-0127-2700,student.17.0@example.test,3,Swimming Private Lesson,Paul Palleschi Full Pool,Mo,2026-03-30 5:45 PM,2026-03-30 6:15 PM,496582,30,2,1,1,50%
Swimming Private Lesson,2,1,Mo,Swimming Private Lesson Demo,5:45 PM - 6:15 PM,496582,From 2026-03-30 to 2026-06-08,Paul Palleschi Full Pool,"King, Logan",Waiting,555-0127-2701,student.17.1@example.test,4,Swimming Private Lesson,Paul Palleschi Full Pool,Mo,2026-03-30 5:45 PM,2026-03-30 6:15 PM,496582,30,2,1,1,50%
Splash  2A,10,6,Mo,Splash  2A Demo,6:00 PM - 6:30 PM,459341,From 2026-03-30 to 2026-06-08,Paul Palleschi Full Pool,"Stone, Avery",Waiting,555-0128-2800,student.18.0@example.test,3,Splash  2A,Paul Palleschi Full Pool,Mo,2026-03-30 6:00 PM,2026-03-30 6:30 PM,459341,30,10,1,6,60%
Splash  2A,10,6,Mo,Splash  2A Demo,6:00 PM - 6:30 PM,459341,From 2026-03-30 to 2026-06-08,Paul Palleschi Full Pool,"Stone, Blake",Booked,555-0128-2801,student.18.1@example.test,4,Splash  2A,Paul Palleschi Full Pool,Mo,2026-03-30 6:00 PM,2026-03-30 6:30 PM,459341,30,10,1,6,60%
Splash  2A,10,6,Mo,Splash  2A Demo,6:00 PM - 6:30 PM,459341,From 2026-03-30 to 2026-06-08,Paul Palleschi Full Pool,"Lee, Casey",Waiting,555-0128-2802,student.18.2@example.test,5,Splash  2A,Paul Palleschi Full Pool,Mo,2026-03-30 6:00 PM,2026-03-30 6:30 PM,459341,30,10,1,6,60%
Splash  2A,10,6,Mo,Splash  2A Demo,6:00 PM - 6:30 PM,459341,From 2026-03-30 to 2026-06-08,Paul Palleschi Full Pool,"Lee, Drew",Booked,555-0128-2803,student.18.3@example.test,6,Splash  2A,Paul Palleschi Full Pool,Mo,2026-03-30 6:00 PM,2026-03-30 6:30 PM,459341,30,10,1,6,60%
Splash  2A,10,6,Mo,Splash  2A Demo,6:00 PM - 6:30 PM,459341,From 2026-03-30 to 2026-06-08,Paul Palleschi Full Pool,"Martin, Emery",Booked,555-0128-2804,student.18.4@example.test,7,Splash  2A,Paul Palleschi Full Pool,Mo,2026-03-30 6:00 PM,2026-03-30 6:30 PM,459341,30,10,1,6,60%
Splash  2A,10,6,Mo,Splash  2A Demo,6:00 PM - 6:30 PM,459341,From 2026-03-30 to 2026-06-08,Paul Palleschi Full Pool,"Martin, Finley",Booked,555-0128-2805,student.18.5@example.test,8,Splash  2A,Paul Palleschi Full Pool,Mo,2026-03-30 6:00 PM,2026-03-30 6:30 PM,459341,30,10,1,6,60%
Splash  2A,10,6,Mo,Splash  2A Demo,6:00 PM - 6:30 PM,459341,From 2026-03-30 to 2026-06-08,Paul Palleschi Full Pool,"Singh, Harper",Booked,555-0128-2806,student.18.6@example.test,9,Splash  2A,Paul Palleschi Full Pool,Mo,2026-03-30 6:00 PM,2026-03-30 6:30 PM,459341,30,10,1,6,60%
Splash  2A,10,6,Mo,Splash  2A Demo,6:00 PM - 6:30 PM,459341,From 2026-03-30 to 2026-06-08,Paul Palleschi Full Pool,"Singh, Jordan",Booked,555-0128-2807,student.18.7@example.test,10,Splash  2A,Paul Palleschi Full Pool,Mo,2026-03-30 6:00 PM,2026-03-30 6:30 PM,459341,30,10,1,6,60%
Splash  2A,10,6,Mo,Splash  2A Demo,6:00 PM - 6:30 PM,459341,From 2026-03-30 to 2026-06-08,Paul Palleschi Full Pool,"Cooper, Kai",Waiting,555-0128-2808,student.18.8@example.test,11,Splash  2A,Paul Palleschi Full Pool,Mo,2026-03-30 6:00 PM,2026-03-30 6:30 PM,459341,30,10,1,6,60%
Splash  2A,10,6,Mo,Splash  2A Demo,6:00 PM - 6:30 PM,459341,From 2026-03-30 to 2026-06-08,Paul Palleschi Full Pool,"Cooper, Logan",Waiting,555-0128-2809,student.18.9@example.test,12,Splash  2A,Paul Palleschi Full Pool,Mo,2026-03-30 6:00 PM,2026-03-30 6:30 PM,459341,30,10,1,6,60%
Swimming Private Lesson,2,1,Mo,Swimming Private Lesson Demo,6:00 PM - 6:30 PM,505155,From 2026-03-30 to 2026-06-08,Paul Palleschi Full Pool,"Martin, Emery",Booked,555-0129-2900,student.19.0@example.test,3,Swimming Private Lesson,Paul Palleschi Full Pool,Mo,2026-03-30 6:00 PM,2026-03-30 6:30 PM,505155,30,2,1,1,50%
Swimming Private Lesson,2,1,Mo,Swimming Private Lesson Demo,6:00 PM - 6:30 PM,505155,From 2026-03-30 to 2026-06-08,Paul Palleschi Full Pool,"Martin, Finley",Waiting,555-0129-2901,student.19.1@example.test,4,Swimming Private Lesson,Paul Palleschi Full Pool,Mo,2026-03-30 6:00 PM,2026-03-30 6:30 PM,505155,30,2,1,1,50%
Splash  1,6,6,Mo,Splash  1 Demo,6:15 PM - 6:45 PM,457491,From 2026-03-30 to 2026-06-08,Paul Palleschi Full Pool,"Cooper, Kai",Booked,555-0130-3000,student.20.0@example.test,3,Splash  1,Paul Palleschi Full Pool,Mo,2026-03-30 6:15 PM,2026-03-30 6:45 PM,457491,30,6,1,6,100%
Splash  1,6,6,Mo,Splash  1 Demo,6:15 PM - 6:45 PM,457491,From 2026-03-30 to 2026-06-08,Paul Palleschi Full Pool,"Cooper, Logan",Booked,555-0130-3001,student.20.1@example.test,4,Splash  1,Paul Palleschi Full Pool,Mo,2026-03-30 6:15 PM,2026-03-30 6:45 PM,457491,30,6,1,6,100%
Splash  1,6,6,Mo,Splash  1 Demo,6:15 PM - 6:45 PM,457491,From 2026-03-30 to 2026-06-08,Paul Palleschi Full Pool,"Walker, Maya",Booked,555-0130-3002,student.20.2@example.test,5,Splash  1,Paul Palleschi Full Pool,Mo,2026-03-30 6:15 PM,2026-03-30 6:45 PM,457491,30,6,1,6,100%
Splash  1,6,6,Mo,Splash  1 Demo,6:15 PM - 6:45 PM,457491,From 2026-03-30 to 2026-06-08,Paul Palleschi Full Pool,"Walker, Noah",Booked,555-0130-3003,student.20.3@example.test,6,Splash  1,Paul Palleschi Full Pool,Mo,2026-03-30 6:15 PM,2026-03-30 6:45 PM,457491,30,6,1,6,100%
Splash  1,6,6,Mo,Splash  1 Demo,6:15 PM - 6:45 PM,457491,From 2026-03-30 to 2026-06-08,Paul Palleschi Full Pool,"Young, Avery",Booked,555-0130-3004,student.20.4@example.test,7,Splash  1,Paul Palleschi Full Pool,Mo,2026-03-30 6:15 PM,2026-03-30 6:45 PM,457491,30,6,1,6,100%
Splash  1,6,6,Mo,Splash  1 Demo,6:15 PM - 6:45 PM,457491,From 2026-03-30 to 2026-06-08,Paul Palleschi Full Pool,"Young, Blake",Booked,555-0130-3005,student.20.5@example.test,8,Splash  1,Paul Palleschi Full Pool,Mo,2026-03-30 6:15 PM,2026-03-30 6:45 PM,457491,30,6,1,6,100%
Swimming Private Lesson,6,1,Mo,Swimming Private Lesson Demo,6:15 PM - 6:45 PM,496583,From 2026-03-30 to 2026-06-08,Paul Palleschi Full Pool,"Young, Avery",Waiting,555-0131-3100,student.21.0@example.test,3,Swimming Private Lesson,Paul Palleschi Full Pool,Mo,2026-03-30 6:15 PM,2026-03-30 6:45 PM,496583,30,6,1,1,17%
Swimming Private Lesson,6,1,Mo,Swimming Private Lesson Demo,6:15 PM - 6:45 PM,496583,From 2026-03-30 to 2026-06-08,Paul Palleschi Full Pool,"Young, Blake",Waiting,555-0131-3101,student.21.1@example.test,4,Swimming Private Lesson,Paul Palleschi Full Pool,Mo,2026-03-30 6:15 PM,2026-03-30 6:45 PM,496583,30,6,1,1,17%
Swimming Private Lesson,6,1,Mo,Swimming Private Lesson Demo,6:15 PM - 6:45 PM,496583,From 2026-03-30 to 2026-06-08,Paul Palleschi Full Pool,"Hall, Casey",Waiting,555-0131-3102,student.21.2@example.test,5,Swimming Private Lesson,Paul Palleschi Full Pool,Mo,2026-03-30 6:15 PM,2026-03-30 6:45 PM,496583,30,6,1,1,17%
Swimming Private Lesson,6,1,Mo,Swimming Private Lesson Demo,6:15 PM - 6:45 PM,496583,From 2026-03-30 to 2026-06-08,Paul Palleschi Full Pool,"Hall, Drew",Booked,555-0131-3103,student.21.3@example.test,6,Swimming Private Lesson,Paul Palleschi Full Pool,Mo,2026-03-30 6:15 PM,2026-03-30 6:45 PM,496583,30,6,1,1,17%
Swimming Private Lesson,6,1,Mo,Swimming Private Lesson Demo,6:15 PM - 6:45 PM,496583,From 2026-03-30 to 2026-06-08,Paul Palleschi Full Pool,"Allen, Emery",Waiting,555-0131-3104,student.21.4@example.test,7,Swimming Private Lesson,Paul Palleschi Full Pool,Mo,2026-03-30 6:15 PM,2026-03-30 6:45 PM,496583,30,6,1,1,17%
Swimming Private Lesson,6,1,Mo,Swimming Private Lesson Demo,6:15 PM - 6:45 PM,496583,From 2026-03-30 to 2026-06-08,Paul Palleschi Full Pool,"Allen, Finley",Waiting,555-0131-3105,student.21.5@example.test,8,Swimming Private Lesson,Paul Palleschi Full Pool,Mo,2026-03-30 6:15 PM,2026-03-30 6:45 PM,496583,30,6,1,1,17%
Splash  5,23,11,Mo,Splash  5 Demo,6:15 PM - 7:00 PM,471625,From 2026-03-30 to 2026-06-08,Paul Palleschi Full Pool,"Allen, Emery",Waiting,555-0132-3200,student.22.0@example.test,3,Splash  5,Paul Palleschi Full Pool,Mo,2026-03-30 6:15 PM,2026-03-30 7:00 PM,471625,45,23,1,11,48%
Splash  5,23,11,Mo,Splash  5 Demo,6:15 PM - 7:00 PM,471625,From 2026-03-30 to 2026-06-08,Paul Palleschi Full Pool,"Allen, Finley",Waiting,555-0132-3201,student.22.1@example.test,4,Splash  5,Paul Palleschi Full Pool,Mo,2026-03-30 6:15 PM,2026-03-30 7:00 PM,471625,45,23,1,11,48%
Splash  5,23,11,Mo,Splash  5 Demo,6:15 PM - 7:00 PM,471625,From 2026-03-30 to 2026-06-08,Paul Palleschi Full Pool,"Wright, Harper",Waiting,555-0132-3202,student.22.2@example.test,5,Splash  5,Paul Palleschi Full Pool,Mo,2026-03-30 6:15 PM,2026-03-30 7:00 PM,471625,45,23,1,11,48%
Splash  5,23,11,Mo,Splash  5 Demo,6:15 PM - 7:00 PM,471625,From 2026-03-30 to 2026-06-08,Paul Palleschi Full Pool,"Wright, Jordan",Booked,555-0132-3203,student.22.3@example.test,6,Splash  5,Paul Palleschi Full Pool,Mo,2026-03-30 6:15 PM,2026-03-30 7:00 PM,471625,45,23,1,11,48%
Splash  5,23,11,Mo,Splash  5 Demo,6:15 PM - 7:00 PM,471625,From 2026-03-30 to 2026-06-08,Paul Palleschi Full Pool,"King, Kai",Booked,555-0132-3204,student.22.4@example.test,7,Splash  5,Paul Palleschi Full Pool,Mo,2026-03-30 6:15 PM,2026-03-30 7:00 PM,471625,45,23,1,11,48%
Splash  5,23,11,Mo,Splash  5 Demo,6:15 PM - 7:00 PM,471625,From 2026-03-30 to 2026-06-08,Paul Palleschi Full Pool,"King, Logan",Waiting,555-0132-3205,student.22.5@example.test,8,Splash  5,Paul Palleschi Full Pool,Mo,2026-03-30 6:15 PM,2026-03-30 7:00 PM,471625,45,23,1,11,48%
Splash  5,23,11,Mo,Splash  5 Demo,6:15 PM - 7:00 PM,471625,From 2026-03-30 to 2026-06-08,Paul Palleschi Full Pool,"Scott, Maya",Waiting,555-0132-3206,student.22.6@example.test,9,Splash  5,Paul Palleschi Full Pool,Mo,2026-03-30 6:15 PM,2026-03-30 7:00 PM,471625,45,23,1,11,48%
Splash  5,23,11,Mo,Splash  5 Demo,6:15 PM - 7:00 PM,471625,From 2026-03-30 to 2026-06-08,Paul Palleschi Full Pool,"Scott, Noah",Booked,555-0132-3207,student.22.7@example.test,10,Splash  5,Paul Palleschi Full Pool,Mo,2026-03-30 6:15 PM,2026-03-30 7:00 PM,471625,45,23,1,11,48%
Splash  5,23,11,Mo,Splash  5 Demo,6:15 PM - 7:00 PM,471625,From 2026-03-30 to 2026-06-08,Paul Palleschi Full Pool,"Stone, Avery",Waiting,555-0132-3208,student.22.8@example.test,11,Splash  5,Paul Palleschi Full Pool,Mo,2026-03-30 6:15 PM,2026-03-30 7:00 PM,471625,45,23,1,11,48%
Splash  5,23,11,Mo,Splash  5 Demo,6:15 PM - 7:00 PM,471625,From 2026-03-30 to 2026-06-08,Paul Palleschi Full Pool,"Stone, Blake",Booked,555-0132-3209,student.22.9@example.test,12,Splash  5,Paul Palleschi Full Pool,Mo,2026-03-30 6:15 PM,2026-03-30 7:00 PM,471625,45,23,1,11,48%
Splash  5,23,11,Mo,Splash  5 Demo,6:15 PM - 7:00 PM,471625,From 2026-03-30 to 2026-06-08,Paul Palleschi Full Pool,"Lee, Casey",Booked,555-0132-3210,student.22.10@example.test,3,Splash  5,Paul Palleschi Full Pool,Mo,2026-03-30 6:15 PM,2026-03-30 7:00 PM,471625,45,23,1,11,48%
Splash  5,23,11,Mo,Splash  5 Demo,6:15 PM - 7:00 PM,471625,From 2026-03-30 to 2026-06-08,Paul Palleschi Full Pool,"Lee, Drew",Booked,555-0132-3211,student.22.11@example.test,4,Splash  5,Paul Palleschi Full Pool,Mo,2026-03-30 6:15 PM,2026-03-30 7:00 PM,471625,45,23,1,11,48%
Splash  5,23,11,Mo,Splash  5 Demo,6:15 PM - 7:00 PM,471625,From 2026-03-30 to 2026-06-08,Paul Palleschi Full Pool,"Martin, Emery",Waiting,555-0132-3212,student.22.12@example.test,5,Splash  5,Paul Palleschi Full Pool,Mo,2026-03-30 6:15 PM,2026-03-30 7:00 PM,471625,45,23,1,11,48%
Splash  5,23,11,Mo,Splash  5 Demo,6:15 PM - 7:00 PM,471625,From 2026-03-30 to 2026-06-08,Paul Palleschi Full Pool,"Martin, Finley",Waiting,555-0132-3213,student.22.13@example.test,6,Splash  5,Paul Palleschi Full Pool,Mo,2026-03-30 6:15 PM,2026-03-30 7:00 PM,471625,45,23,1,11,48%
Splash  5,23,11,Mo,Splash  5 Demo,6:15 PM - 7:00 PM,471625,From 2026-03-30 to 2026-06-08,Paul Palleschi Full Pool,"Singh, Harper",Waiting,555-0132-3214,student.22.14@example.test,7,Splash  5,Paul Palleschi Full Pool,Mo,2026-03-30 6:15 PM,2026-03-30 7:00 PM,471625,45,23,1,11,48%
Splash  5,23,11,Mo,Splash  5 Demo,6:15 PM - 7:00 PM,471625,From 2026-03-30 to 2026-06-08,Paul Palleschi Full Pool,"Singh, Jordan",Booked,555-0132-3215,student.22.15@example.test,8,Splash  5,Paul Palleschi Full Pool,Mo,2026-03-30 6:15 PM,2026-03-30 7:00 PM,471625,45,23,1,11,48%
Splash  5,23,11,Mo,Splash  5 Demo,6:15 PM - 7:00 PM,471625,From 2026-03-30 to 2026-06-08,Paul Palleschi Full Pool,"Cooper, Kai",Booked,555-0132-3216,student.22.16@example.test,9,Splash  5,Paul Palleschi Full Pool,Mo,2026-03-30 6:15 PM,2026-03-30 7:00 PM,471625,45,23,1,11,48%
Splash  5,23,11,Mo,Splash  5 Demo,6:15 PM - 7:00 PM,471625,From 2026-03-30 to 2026-06-08,Paul Palleschi Full Pool,"Cooper, Logan",Waiting,555-0132-3217,student.22.17@example.test,10,Splash  5,Paul Palleschi Full Pool,Mo,2026-03-30 6:15 PM,2026-03-30 7:00 PM,471625,45,23,1,11,48%
Splash  5,23,11,Mo,Splash  5 Demo,6:15 PM - 7:00 PM,471625,From 2026-03-30 to 2026-06-08,Paul Palleschi Full Pool,"Walker, Maya",Waiting,555-0132-3218,student.22.18@example.test,11,Splash  5,Paul Palleschi Full Pool,Mo,2026-03-30 6:15 PM,2026-03-30 7:00 PM,471625,45,23,1,11,48%
Splash  5,23,11,Mo,Splash  5 Demo,6:15 PM - 7:00 PM,471625,From 2026-03-30 to 2026-06-08,Paul Palleschi Full Pool,"Walker, Noah",Booked,555-0132-3219,student.22.19@example.test,12,Splash  5,Paul Palleschi Full Pool,Mo,2026-03-30 6:15 PM,2026-03-30 7:00 PM,471625,45,23,1,11,48%
Splash  5,23,11,Mo,Splash  5 Demo,6:15 PM - 7:00 PM,471625,From 2026-03-30 to 2026-06-08,Paul Palleschi Full Pool,"Young, Avery",Booked,555-0132-3220,student.22.20@example.test,3,Splash  5,Paul Palleschi Full Pool,Mo,2026-03-30 6:15 PM,2026-03-30 7:00 PM,471625,45,23,1,11,48%
Splash  5,23,11,Mo,Splash  5 Demo,6:15 PM - 7:00 PM,471625,From 2026-03-30 to 2026-06-08,Paul Palleschi Full Pool,"Young, Blake",Waiting,555-0132-3221,student.22.21@example.test,4,Splash  5,Paul Palleschi Full Pool,Mo,2026-03-30 6:15 PM,2026-03-30 7:00 PM,471625,45,23,1,11,48%
Splash  5,23,11,Mo,Splash  5 Demo,6:15 PM - 7:00 PM,471625,From 2026-03-30 to 2026-06-08,Paul Palleschi Full Pool,"Hall, Casey",Booked,555-0132-3222,student.22.22@example.test,5,Splash  5,Paul Palleschi Full Pool,Mo,2026-03-30 6:15 PM,2026-03-30 7:00 PM,471625,45,23,1,11,48%
Little Splash 1,4,4,Mo,Little Splash 1 Demo,6:30 PM - 7:00 PM,457373,From 2026-03-30 to 2026-06-08,Paul Palleschi Full Pool,"King, Kai",Booked,555-0133-3300,student.23.0@example.test,3,Little Splash 1,Paul Palleschi Full Pool,Mo,2026-03-30 6:30 PM,2026-03-30 7:00 PM,457373,30,4,1,4,100%
Little Splash 1,4,4,Mo,Little Splash 1 Demo,6:30 PM - 7:00 PM,457373,From 2026-03-30 to 2026-06-08,Paul Palleschi Full Pool,"King, Logan",Booked,555-0133-3301,student.23.1@example.test,4,Little Splash 1,Paul Palleschi Full Pool,Mo,2026-03-30 6:30 PM,2026-03-30 7:00 PM,457373,30,4,1,4,100%
Little Splash 1,4,4,Mo,Little Splash 1 Demo,6:30 PM - 7:00 PM,457373,From 2026-03-30 to 2026-06-08,Paul Palleschi Full Pool,"Scott, Maya",Booked,555-0133-3302,student.23.2@example.test,5,Little Splash 1,Paul Palleschi Full Pool,Mo,2026-03-30 6:30 PM,2026-03-30 7:00 PM,457373,30,4,1,4,100%
Little Splash 1,4,4,Mo,Little Splash 1 Demo,6:30 PM - 7:00 PM,457373,From 2026-03-30 to 2026-06-08,Paul Palleschi Full Pool,"Scott, Noah",Booked,555-0133-3303,student.23.3@example.test,6,Little Splash 1,Paul Palleschi Full Pool,Mo,2026-03-30 6:30 PM,2026-03-30 7:00 PM,457373,30,4,1,4,100%
Splash  2B,14,6,Mo,Splash  2B Demo,6:30 PM - 7:00 PM,471262,From 2026-03-30 to 2026-06-08,Paul Palleschi Full Pool,"Stone, Avery",Waiting,555-0134-3400,student.24.0@example.test,3,Splash  2B,Paul Palleschi Full Pool,Mo,2026-03-30 6:30 PM,2026-03-30 7:00 PM,471262,30,14,1,6,43%
Splash  2B,14,6,Mo,Splash  2B Demo,6:30 PM - 7:00 PM,471262,From 2026-03-30 to 2026-06-08,Paul Palleschi Full Pool,"Stone, Blake",Booked,555-0134-3401,student.24.1@example.test,4,Splash  2B,Paul Palleschi Full Pool,Mo,2026-03-30 6:30 PM,2026-03-30 7:00 PM,471262,30,14,1,6,43%
Splash  2B,14,6,Mo,Splash  2B Demo,6:30 PM - 7:00 PM,471262,From 2026-03-30 to 2026-06-08,Paul Palleschi Full Pool,"Lee, Casey",Booked,555-0134-3402,student.24.2@example.test,5,Splash  2B,Paul Palleschi Full Pool,Mo,2026-03-30 6:30 PM,2026-03-30 7:00 PM,471262,30,14,1,6,43%
Splash  2B,14,6,Mo,Splash  2B Demo,6:30 PM - 7:00 PM,471262,From 2026-03-30 to 2026-06-08,Paul Palleschi Full Pool,"Lee, Drew",Booked,555-0134-3403,student.24.3@example.test,6,Splash  2B,Paul Palleschi Full Pool,Mo,2026-03-30 6:30 PM,2026-03-30 7:00 PM,471262,30,14,1,6,43%
Splash  2B,14,6,Mo,Splash  2B Demo,6:30 PM - 7:00 PM,471262,From 2026-03-30 to 2026-06-08,Paul Palleschi Full Pool,"Martin, Emery",Waiting,555-0134-3404,student.24.4@example.test,7,Splash  2B,Paul Palleschi Full Pool,Mo,2026-03-30 6:30 PM,2026-03-30 7:00 PM,471262,30,14,1,6,43%
Splash  2B,14,6,Mo,Splash  2B Demo,6:30 PM - 7:00 PM,471262,From 2026-03-30 to 2026-06-08,Paul Palleschi Full Pool,"Martin, Finley",Waiting,555-0134-3405,student.24.5@example.test,8,Splash  2B,Paul Palleschi Full Pool,Mo,2026-03-30 6:30 PM,2026-03-30 7:00 PM,471262,30,14,1,6,43%
Splash  2B,14,6,Mo,Splash  2B Demo,6:30 PM - 7:00 PM,471262,From 2026-03-30 to 2026-06-08,Paul Palleschi Full Pool,"Singh, Harper",Waiting,555-0134-3406,student.24.6@example.test,9,Splash  2B,Paul Palleschi Full Pool,Mo,2026-03-30 6:30 PM,2026-03-30 7:00 PM,471262,30,14,1,6,43%
Splash  2B,14,6,Mo,Splash  2B Demo,6:30 PM - 7:00 PM,471262,From 2026-03-30 to 2026-06-08,Paul Palleschi Full Pool,"Singh, Jordan",Waiting,555-0134-3407,student.24.7@example.test,10,Splash  2B,Paul Palleschi Full Pool,Mo,2026-03-30 6:30 PM,2026-03-30 7:00 PM,471262,30,14,1,6,43%
Splash  2B,14,6,Mo,Splash  2B Demo,6:30 PM - 7:00 PM,471262,From 2026-03-30 to 2026-06-08,Paul Palleschi Full Pool,"Cooper, Kai",Booked,555-0134-3408,student.24.8@example.test,11,Splash  2B,Paul Palleschi Full Pool,Mo,2026-03-30 6:30 PM,2026-03-30 7:00 PM,471262,30,14,1,6,43%
Splash  2B,14,6,Mo,Splash  2B Demo,6:30 PM - 7:00 PM,471262,From 2026-03-30 to 2026-06-08,Paul Palleschi Full Pool,"Cooper, Logan",Waiting,555-0134-3409,student.24.9@example.test,12,Splash  2B,Paul Palleschi Full Pool,Mo,2026-03-30 6:30 PM,2026-03-30 7:00 PM,471262,30,14,1,6,43%
Splash  2B,14,6,Mo,Splash  2B Demo,6:30 PM - 7:00 PM,471262,From 2026-03-30 to 2026-06-08,Paul Palleschi Full Pool,"Walker, Maya",Booked,555-0134-3410,student.24.10@example.test,3,Splash  2B,Paul Palleschi Full Pool,Mo,2026-03-30 6:30 PM,2026-03-30 7:00 PM,471262,30,14,1,6,43%
Splash  2B,14,6,Mo,Splash  2B Demo,6:30 PM - 7:00 PM,471262,From 2026-03-30 to 2026-06-08,Paul Palleschi Full Pool,"Walker, Noah",Waiting,555-0134-3411,student.24.11@example.test,4,Splash  2B,Paul Palleschi Full Pool,Mo,2026-03-30 6:30 PM,2026-03-30 7:00 PM,471262,30,14,1,6,43%
Splash  2B,14,6,Mo,Splash  2B Demo,6:30 PM - 7:00 PM,471262,From 2026-03-30 to 2026-06-08,Paul Palleschi Full Pool,"Young, Avery",Booked,555-0134-3412,student.24.12@example.test,5,Splash  2B,Paul Palleschi Full Pool,Mo,2026-03-30 6:30 PM,2026-03-30 7:00 PM,471262,30,14,1,6,43%
Splash  2B,14,6,Mo,Splash  2B Demo,6:30 PM - 7:00 PM,471262,From 2026-03-30 to 2026-06-08,Paul Palleschi Full Pool,"Young, Blake",Waiting,555-0134-3413,student.24.13@example.test,6,Splash  2B,Paul Palleschi Full Pool,Mo,2026-03-30 6:30 PM,2026-03-30 7:00 PM,471262,30,14,1,6,43%
Swimming Private Lesson,1,1,Tu,Swimming Private Lesson Demo,4:00 PM - 4:30 PM,504592,From 2026-03-31 to 2026-06-09,Paul Palleschi Full Pool,"Martin, Emery",Booked,555-0135-3500,student.25.0@example.test,3,Swimming Private Lesson,Paul Palleschi Full Pool,Tu,2026-03-31 4:00 PM,2026-03-31 4:30 PM,504592,30,1,1,1,100%
Swimming Private Lesson,2,1,Tu,Swimming Private Lesson Demo,4:00 PM - 4:30 PM,504600,From 2026-03-31 to 2026-06-09,Paul Palleschi Full Pool,"Cooper, Kai",Booked,555-0136-3600,student.26.0@example.test,3,Swimming Private Lesson,Paul Palleschi Full Pool,Tu,2026-03-31 4:00 PM,2026-03-31 4:30 PM,504600,30,2,1,1,50%
Swimming Private Lesson,2,1,Tu,Swimming Private Lesson Demo,4:00 PM - 4:30 PM,504600,From 2026-03-31 to 2026-06-09,Paul Palleschi Full Pool,"Cooper, Logan",Waiting,555-0136-3601,student.26.1@example.test,4,Swimming Private Lesson,Paul Palleschi Full Pool,Tu,2026-03-31 4:00 PM,2026-03-31 4:30 PM,504600,30,2,1,1,50%
Splash  5,13,11,Tu,Splash  5 Demo,4:00 PM - 4:45 PM,471635,From 2026-03-31 to 2026-06-09,Paul Palleschi Full Pool,"Young, Avery",Booked,555-0137-3700,student.27.0@example.test,3,Splash  5,Paul Palleschi Full Pool,Tu,2026-03-31 4:00 PM,2026-03-31 4:45 PM,471635,45,13,1,11,85%
Splash  5,13,11,Tu,Splash  5 Demo,4:00 PM - 4:45 PM,471635,From 2026-03-31 to 2026-06-09,Paul Palleschi Full Pool,"Young, Blake",Waiting,555-0137-3701,student.27.1@example.test,4,Splash  5,Paul Palleschi Full Pool,Tu,2026-03-31 4:00 PM,2026-03-31 4:45 PM,471635,45,13,1,11,85%
Splash  5,13,11,Tu,Splash  5 Demo,4:00 PM - 4:45 PM,471635,From 2026-03-31 to 2026-06-09,Paul Palleschi Full Pool,"Hall, Casey",Booked,555-0137-3702,student.27.2@example.test,5,Splash  5,Paul Palleschi Full Pool,Tu,2026-03-31 4:00 PM,2026-03-31 4:45 PM,471635,45,13,1,11,85%
Splash  5,13,11,Tu,Splash  5 Demo,4:00 PM - 4:45 PM,471635,From 2026-03-31 to 2026-06-09,Paul Palleschi Full Pool,"Hall, Drew",Booked,555-0137-3703,student.27.3@example.test,6,Splash  5,Paul Palleschi Full Pool,Tu,2026-03-31 4:00 PM,2026-03-31 4:45 PM,471635,45,13,1,11,85%
Splash  5,13,11,Tu,Splash  5 Demo,4:00 PM - 4:45 PM,471635,From 2026-03-31 to 2026-06-09,Paul Palleschi Full Pool,"Allen, Emery",Booked,555-0137-3704,student.27.4@example.test,7,Splash  5,Paul Palleschi Full Pool,Tu,2026-03-31 4:00 PM,2026-03-31 4:45 PM,471635,45,13,1,11,85%
Splash  5,13,11,Tu,Splash  5 Demo,4:00 PM - 4:45 PM,471635,From 2026-03-31 to 2026-06-09,Paul Palleschi Full Pool,"Allen, Finley",Booked,555-0137-3705,student.27.5@example.test,8,Splash  5,Paul Palleschi Full Pool,Tu,2026-03-31 4:00 PM,2026-03-31 4:45 PM,471635,45,13,1,11,85%
Splash  5,13,11,Tu,Splash  5 Demo,4:00 PM - 4:45 PM,471635,From 2026-03-31 to 2026-06-09,Paul Palleschi Full Pool,"Wright, Harper",Waiting,555-0137-3706,student.27.6@example.test,9,Splash  5,Paul Palleschi Full Pool,Tu,2026-03-31 4:00 PM,2026-03-31 4:45 PM,471635,45,13,1,11,85%
Splash  5,13,11,Tu,Splash  5 Demo,4:00 PM - 4:45 PM,471635,From 2026-03-31 to 2026-06-09,Paul Palleschi Full Pool,"Wright, Jordan",Booked,555-0137-3707,student.27.7@example.test,10,Splash  5,Paul Palleschi Full Pool,Tu,2026-03-31 4:00 PM,2026-03-31 4:45 PM,471635,45,13,1,11,85%
Splash  5,13,11,Tu,Splash  5 Demo,4:00 PM - 4:45 PM,471635,From 2026-03-31 to 2026-06-09,Paul Palleschi Full Pool,"King, Kai",Booked,555-0137-3708,student.27.8@example.test,11,Splash  5,Paul Palleschi Full Pool,Tu,2026-03-31 4:00 PM,2026-03-31 4:45 PM,471635,45,13,1,11,85%
Splash  5,13,11,Tu,Splash  5 Demo,4:00 PM - 4:45 PM,471635,From 2026-03-31 to 2026-06-09,Paul Palleschi Full Pool,"King, Logan",Booked,555-0137-3709,student.27.9@example.test,12,Splash  5,Paul Palleschi Full Pool,Tu,2026-03-31 4:00 PM,2026-03-31 4:45 PM,471635,45,13,1,11,85%
Splash  5,13,11,Tu,Splash  5 Demo,4:00 PM - 4:45 PM,471635,From 2026-03-31 to 2026-06-09,Paul Palleschi Full Pool,"Scott, Maya",Booked,555-0137-3710,student.27.10@example.test,3,Splash  5,Paul Palleschi Full Pool,Tu,2026-03-31 4:00 PM,2026-03-31 4:45 PM,471635,45,13,1,11,85%
Splash  5,13,11,Tu,Splash  5 Demo,4:00 PM - 4:45 PM,471635,From 2026-03-31 to 2026-06-09,Paul Palleschi Full Pool,"Scott, Noah",Booked,555-0137-3711,student.27.11@example.test,4,Splash  5,Paul Palleschi Full Pool,Tu,2026-03-31 4:00 PM,2026-03-31 4:45 PM,471635,45,13,1,11,85%
Splash  5,13,11,Tu,Splash  5 Demo,4:00 PM - 4:45 PM,471635,From 2026-03-31 to 2026-06-09,Paul Palleschi Full Pool,"Stone, Avery",Booked,555-0137-3712,student.27.12@example.test,5,Splash  5,Paul Palleschi Full Pool,Tu,2026-03-31 4:00 PM,2026-03-31 4:45 PM,471635,45,13,1,11,85%
Inclusion- Swimming,3,3,Tu,Inclusion- Swimming Demo,4:15 PM - 4:45 PM,464254,From 2026-03-31 to 2026-06-09,Paul Palleschi Full Pool,"Allen, Emery",Booked,555-0138-3800,student.28.0@example.test,3,Inclusion- Swimming,Paul Palleschi Full Pool,Tu,2026-03-31 4:15 PM,2026-03-31 4:45 PM,464254,30,3,1,3,100%
Inclusion- Swimming,3,3,Tu,Inclusion- Swimming Demo,4:15 PM - 4:45 PM,464254,From 2026-03-31 to 2026-06-09,Paul Palleschi Full Pool,"Allen, Finley",Booked,555-0138-3801,student.28.1@example.test,4,Inclusion- Swimming,Paul Palleschi Full Pool,Tu,2026-03-31 4:15 PM,2026-03-31 4:45 PM,464254,30,3,1,3,100%
Inclusion- Swimming,3,3,Tu,Inclusion- Swimming Demo,4:15 PM - 4:45 PM,464254,From 2026-03-31 to 2026-06-09,Paul Palleschi Full Pool,"Wright, Harper",Booked,555-0138-3802,student.28.2@example.test,5,Inclusion- Swimming,Paul Palleschi Full Pool,Tu,2026-03-31 4:15 PM,2026-03-31 4:45 PM,464254,30,3,1,3,100%
Little Splash 2,5,5,Tu,Little Splash 2 Demo,4:30 PM - 5:00 PM,463724,From 2026-03-31 to 2026-06-09,Paul Palleschi Full Pool,"King, Kai",Booked,555-0139-3900,student.29.0@example.test,3,Little Splash 2,Paul Palleschi Full Pool,Tu,2026-03-31 4:30 PM,2026-03-31 5:00 PM,463724,30,5,1,5,100%
Little Splash 2,5,5,Tu,Little Splash 2 Demo,4:30 PM - 5:00 PM,463724,From 2026-03-31 to 2026-06-09,Paul Palleschi Full Pool,"King, Logan",Booked,555-0139-3901,student.29.1@example.test,4,Little Splash 2,Paul Palleschi Full Pool,Tu,2026-03-31 4:30 PM,2026-03-31 5:00 PM,463724,30,5,1,5,100%
Little Splash 2,5,5,Tu,Little Splash 2 Demo,4:30 PM - 5:00 PM,463724,From 2026-03-31 to 2026-06-09,Paul Palleschi Full Pool,"Scott, Maya",Booked,555-0139-3902,student.29.2@example.test,5,Little Splash 2,Paul Palleschi Full Pool,Tu,2026-03-31 4:30 PM,2026-03-31 5:00 PM,463724,30,5,1,5,100%
Little Splash 2,5,5,Tu,Little Splash 2 Demo,4:30 PM - 5:00 PM,463724,From 2026-03-31 to 2026-06-09,Paul Palleschi Full Pool,"Scott, Noah",Booked,555-0139-3903,student.29.3@example.test,6,Little Splash 2,Paul Palleschi Full Pool,Tu,2026-03-31 4:30 PM,2026-03-31 5:00 PM,463724,30,5,1,5,100%
Little Splash 2,5,5,Tu,Little Splash 2 Demo,4:30 PM - 5:00 PM,463724,From 2026-03-31 to 2026-06-09,Paul Palleschi Full Pool,"Stone, Avery",Booked,555-0139-3904,student.29.4@example.test,7,Little Splash 2,Paul Palleschi Full Pool,Tu,2026-03-31 4:30 PM,2026-03-31 5:00 PM,463724,30,5,1,5,100%
Swimming Private Lesson,4,1,Tu,Swimming Private Lesson Demo,4:30 PM - 5:00 PM,496585,From 2026-03-31 to 2026-06-09,Paul Palleschi Full Pool,"Stone, Avery",Booked,555-0140-4000,student.30.0@example.test,3,Swimming Private Lesson,Paul Palleschi Full Pool,Tu,2026-03-31 4:30 PM,2026-03-31 5:00 PM,496585,30,4,1,1,25%
Swimming Private Lesson,4,1,Tu,Swimming Private Lesson Demo,4:30 PM - 5:00 PM,496585,From 2026-03-31 to 2026-06-09,Paul Palleschi Full Pool,"Stone, Blake",Waiting,555-0140-4001,student.30.1@example.test,4,Swimming Private Lesson,Paul Palleschi Full Pool,Tu,2026-03-31 4:30 PM,2026-03-31 5:00 PM,496585,30,4,1,1,25%
Swimming Private Lesson,4,1,Tu,Swimming Private Lesson Demo,4:30 PM - 5:00 PM,496585,From 2026-03-31 to 2026-06-09,Paul Palleschi Full Pool,"Lee, Casey",Waiting,555-0140-4002,student.30.2@example.test,5,Swimming Private Lesson,Paul Palleschi Full Pool,Tu,2026-03-31 4:30 PM,2026-03-31 5:00 PM,496585,30,4,1,1,25%
Swimming Private Lesson,4,1,Tu,Swimming Private Lesson Demo,4:30 PM - 5:00 PM,496585,From 2026-03-31 to 2026-06-09,Paul Palleschi Full Pool,"Lee, Drew",Waiting,555-0140-4003,student.30.3@example.test,6,Swimming Private Lesson,Paul Palleschi Full Pool,Tu,2026-03-31 4:30 PM,2026-03-31 5:00 PM,496585,30,4,1,1,25%
Inclusion- Swimming,3,3,Tu,Inclusion- Swimming Demo,4:45 PM - 5:15 PM,471743,From 2026-03-31 to 2026-06-09,Paul Palleschi Full Pool,"Martin, Emery",Booked,555-0141-4100,student.31.0@example.test,3,Inclusion- Swimming,Paul Palleschi Full Pool,Tu,2026-03-31 4:45 PM,2026-03-31 5:15 PM,471743,30,3,1,3,100%
Inclusion- Swimming,3,3,Tu,Inclusion- Swimming Demo,4:45 PM - 5:15 PM,471743,From 2026-03-31 to 2026-06-09,Paul Palleschi Full Pool,"Martin, Finley",Booked,555-0141-4101,student.31.1@example.test,4,Inclusion- Swimming,Paul Palleschi Full Pool,Tu,2026-03-31 4:45 PM,2026-03-31 5:15 PM,471743,30,3,1,3,100%
Inclusion- Swimming,3,3,Tu,Inclusion- Swimming Demo,4:45 PM - 5:15 PM,471743,From 2026-03-31 to 2026-06-09,Paul Palleschi Full Pool,"Singh, Harper",Booked,555-0141-4102,student.31.2@example.test,5,Inclusion- Swimming,Paul Palleschi Full Pool,Tu,2026-03-31 4:45 PM,2026-03-31 5:15 PM,471743,30,3,1,3,100%
Splash  7 Rookie Patrol,14,12,Tu,Splash  7 Rookie Patrol Demo,4:45 PM - 5:45 PM,471499,From 2026-03-31 to 2026-06-09,Paul Palleschi Full Pool,"Cooper, Kai",Booked,555-0142-4200,student.32.0@example.test,3,Splash  7 Rookie Patrol,Paul Palleschi Full Pool,Tu,2026-03-31 4:45 PM,2026-03-31 5:45 PM,471499,60,14,1,12,86%
Splash  7 Rookie Patrol,14,12,Tu,Splash  7 Rookie Patrol Demo,4:45 PM - 5:45 PM,471499,From 2026-03-31 to 2026-06-09,Paul Palleschi Full Pool,"Cooper, Logan",Booked,555-0142-4201,student.32.1@example.test,4,Splash  7 Rookie Patrol,Paul Palleschi Full Pool,Tu,2026-03-31 4:45 PM,2026-03-31 5:45 PM,471499,60,14,1,12,86%
Splash  7 Rookie Patrol,14,12,Tu,Splash  7 Rookie Patrol Demo,4:45 PM - 5:45 PM,471499,From 2026-03-31 to 2026-06-09,Paul Palleschi Full Pool,"Walker, Maya",Booked,555-0142-4202,student.32.2@example.test,5,Splash  7 Rookie Patrol,Paul Palleschi Full Pool,Tu,2026-03-31 4:45 PM,2026-03-31 5:45 PM,471499,60,14,1,12,86%
Splash  7 Rookie Patrol,14,12,Tu,Splash  7 Rookie Patrol Demo,4:45 PM - 5:45 PM,471499,From 2026-03-31 to 2026-06-09,Paul Palleschi Full Pool,"Walker, Noah",Booked,555-0142-4203,student.32.3@example.test,6,Splash  7 Rookie Patrol,Paul Palleschi Full Pool,Tu,2026-03-31 4:45 PM,2026-03-31 5:45 PM,471499,60,14,1,12,86%
Splash  7 Rookie Patrol,14,12,Tu,Splash  7 Rookie Patrol Demo,4:45 PM - 5:45 PM,471499,From 2026-03-31 to 2026-06-09,Paul Palleschi Full Pool,"Young, Avery",Booked,555-0142-4204,student.32.4@example.test,7,Splash  7 Rookie Patrol,Paul Palleschi Full Pool,Tu,2026-03-31 4:45 PM,2026-03-31 5:45 PM,471499,60,14,1,12,86%
Splash  7 Rookie Patrol,14,12,Tu,Splash  7 Rookie Patrol Demo,4:45 PM - 5:45 PM,471499,From 2026-03-31 to 2026-06-09,Paul Palleschi Full Pool,"Young, Blake",Booked,555-0142-4205,student.32.5@example.test,8,Splash  7 Rookie Patrol,Paul Palleschi Full Pool,Tu,2026-03-31 4:45 PM,2026-03-31 5:45 PM,471499,60,14,1,12,86%
Splash  7 Rookie Patrol,14,12,Tu,Splash  7 Rookie Patrol Demo,4:45 PM - 5:45 PM,471499,From 2026-03-31 to 2026-06-09,Paul Palleschi Full Pool,"Hall, Casey",Booked,555-0142-4206,student.32.6@example.test,9,Splash  7 Rookie Patrol,Paul Palleschi Full Pool,Tu,2026-03-31 4:45 PM,2026-03-31 5:45 PM,471499,60,14,1,12,86%
Splash  7 Rookie Patrol,14,12,Tu,Splash  7 Rookie Patrol Demo,4:45 PM - 5:45 PM,471499,From 2026-03-31 to 2026-06-09,Paul Palleschi Full Pool,"Hall, Drew",Waiting,555-0142-4207,student.32.7@example.test,10,Splash  7 Rookie Patrol,Paul Palleschi Full Pool,Tu,2026-03-31 4:45 PM,2026-03-31 5:45 PM,471499,60,14,1,12,86%
Splash  7 Rookie Patrol,14,12,Tu,Splash  7 Rookie Patrol Demo,4:45 PM - 5:45 PM,471499,From 2026-03-31 to 2026-06-09,Paul Palleschi Full Pool,"Allen, Emery",Waiting,555-0142-4208,student.32.8@example.test,11,Splash  7 Rookie Patrol,Paul Palleschi Full Pool,Tu,2026-03-31 4:45 PM,2026-03-31 5:45 PM,471499,60,14,1,12,86%
Splash  7 Rookie Patrol,14,12,Tu,Splash  7 Rookie Patrol Demo,4:45 PM - 5:45 PM,471499,From 2026-03-31 to 2026-06-09,Paul Palleschi Full Pool,"Allen, Finley",Booked,555-0142-4209,student.32.9@example.test,12,Splash  7 Rookie Patrol,Paul Palleschi Full Pool,Tu,2026-03-31 4:45 PM,2026-03-31 5:45 PM,471499,60,14,1,12,86%
Splash  7 Rookie Patrol,14,12,Tu,Splash  7 Rookie Patrol Demo,4:45 PM - 5:45 PM,471499,From 2026-03-31 to 2026-06-09,Paul Palleschi Full Pool,"Wright, Harper",Booked,555-0142-4210,student.32.10@example.test,3,Splash  7 Rookie Patrol,Paul Palleschi Full Pool,Tu,2026-03-31 4:45 PM,2026-03-31 5:45 PM,471499,60,14,1,12,86%
Splash  7 Rookie Patrol,14,12,Tu,Splash  7 Rookie Patrol Demo,4:45 PM - 5:45 PM,471499,From 2026-03-31 to 2026-06-09,Paul Palleschi Full Pool,"Wright, Jordan",Booked,555-0142-4211,student.32.11@example.test,4,Splash  7 Rookie Patrol,Paul Palleschi Full Pool,Tu,2026-03-31 4:45 PM,2026-03-31 5:45 PM,471499,60,14,1,12,86%
Splash  7 Rookie Patrol,14,12,Tu,Splash  7 Rookie Patrol Demo,4:45 PM - 5:45 PM,471499,From 2026-03-31 to 2026-06-09,Paul Palleschi Full Pool,"King, Kai",Booked,555-0142-4212,student.32.12@example.test,5,Splash  7 Rookie Patrol,Paul Palleschi Full Pool,Tu,2026-03-31 4:45 PM,2026-03-31 5:45 PM,471499,60,14,1,12,86%
Splash  7 Rookie Patrol,14,12,Tu,Splash  7 Rookie Patrol Demo,4:45 PM - 5:45 PM,471499,From 2026-03-31 to 2026-06-09,Paul Palleschi Full Pool,"King, Logan",Booked,555-0142-4213,student.32.13@example.test,6,Splash  7 Rookie Patrol,Paul Palleschi Full Pool,Tu,2026-03-31 4:45 PM,2026-03-31 5:45 PM,471499,60,14,1,12,86%
Little Splash 1,5,4,Tu,Little Splash 1 Demo,5:00 PM - 5:30 PM,457454,From 2026-03-31 to 2026-06-09,Paul Palleschi Full Pool,"Young, Avery",Waiting,555-0143-4300,student.33.0@example.test,3,Little Splash 1,Paul Palleschi Full Pool,Tu,2026-03-31 5:00 PM,2026-03-31 5:30 PM,457454,30,5,1,4,80%
Little Splash 1,5,4,Tu,Little Splash 1 Demo,5:00 PM - 5:30 PM,457454,From 2026-03-31 to 2026-06-09,Paul Palleschi Full Pool,"Young, Blake",Booked,555-0143-4301,student.33.1@example.test,4,Little Splash 1,Paul Palleschi Full Pool,Tu,2026-03-31 5:00 PM,2026-03-31 5:30 PM,457454,30,5,1,4,80%
Little Splash 1,5,4,Tu,Little Splash 1 Demo,5:00 PM - 5:30 PM,457454,From 2026-03-31 to 2026-06-09,Paul Palleschi Full Pool,"Hall, Casey",Booked,555-0143-4302,student.33.2@example.test,5,Little Splash 1,Paul Palleschi Full Pool,Tu,2026-03-31 5:00 PM,2026-03-31 5:30 PM,457454,30,5,1,4,80%
Little Splash 1,5,4,Tu,Little Splash 1 Demo,5:00 PM - 5:30 PM,457454,From 2026-03-31 to 2026-06-09,Paul Palleschi Full Pool,"Hall, Drew",Booked,555-0143-4303,student.33.3@example.test,6,Little Splash 1,Paul Palleschi Full Pool,Tu,2026-03-31 5:00 PM,2026-03-31 5:30 PM,457454,30,5,1,4,80%
Little Splash 1,5,4,Tu,Little Splash 1 Demo,5:00 PM - 5:30 PM,457454,From 2026-03-31 to 2026-06-09,Paul Palleschi Full Pool,"Allen, Emery",Booked,555-0143-4304,student.33.4@example.test,7,Little Splash 1,Paul Palleschi Full Pool,Tu,2026-03-31 5:00 PM,2026-03-31 5:30 PM,457454,30,5,1,4,80%
Swimming Private Lesson,4,1,Tu,Swimming Private Lesson Demo,5:00 PM - 5:30 PM,496660,From 2026-03-31 to 2026-06-09,Paul Palleschi Full Pool,"Allen, Emery",Waiting,555-0144-4400,student.34.0@example.test,3,Swimming Private Lesson,Paul Palleschi Full Pool,Tu,2026-03-31 5:00 PM,2026-03-31 5:30 PM,496660,30,4,1,1,25%
Swimming Private Lesson,4,1,Tu,Swimming Private Lesson Demo,5:00 PM - 5:30 PM,496660,From 2026-03-31 to 2026-06-09,Paul Palleschi Full Pool,"Allen, Finley",Waiting,555-0144-4401,student.34.1@example.test,4,Swimming Private Lesson,Paul Palleschi Full Pool,Tu,2026-03-31 5:00 PM,2026-03-31 5:30 PM,496660,30,4,1,1,25%
Swimming Private Lesson,4,1,Tu,Swimming Private Lesson Demo,5:00 PM - 5:30 PM,496660,From 2026-03-31 to 2026-06-09,Paul Palleschi Full Pool,"Wright, Harper",Waiting,555-0144-4402,student.34.2@example.test,5,Swimming Private Lesson,Paul Palleschi Full Pool,Tu,2026-03-31 5:00 PM,2026-03-31 5:30 PM,496660,30,4,1,1,25%
Swimming Private Lesson,4,1,Tu,Swimming Private Lesson Demo,5:00 PM - 5:30 PM,496660,From 2026-03-31 to 2026-06-09,Paul Palleschi Full Pool,"Wright, Jordan",Booked,555-0144-4403,student.34.3@example.test,6,Swimming Private Lesson,Paul Palleschi Full Pool,Tu,2026-03-31 5:00 PM,2026-03-31 5:30 PM,496660,30,4,1,1,25%
Swimming Private Lesson,2,1,Tu,Swimming Private Lesson Demo,5:00 PM - 5:30 PM,505161,From 2026-03-31 to 2026-06-09,Paul Palleschi Full Pool,"King, Kai",Waiting,555-0145-4500,student.35.0@example.test,3,Swimming Private Lesson,Paul Palleschi Full Pool,Tu,2026-03-31 5:00 PM,2026-03-31 5:30 PM,505161,30,2,1,1,50%
Swimming Private Lesson,2,1,Tu,Swimming Private Lesson Demo,5:00 PM - 5:30 PM,505161,From 2026-03-31 to 2026-06-09,Paul Palleschi Full Pool,"King, Logan",Booked,555-0145-4501,student.35.1@example.test,4,Swimming Private Lesson,Paul Palleschi Full Pool,Tu,2026-03-31 5:00 PM,2026-03-31 5:30 PM,505161,30,2,1,1,50%
Inclusion- Swimming,4,3,Tu,Inclusion- Swimming Demo,5:15 PM - 5:45 PM,471748,From 2026-03-31 to 2026-06-09,Paul Palleschi Full Pool,"Stone, Avery",Booked,555-0146-4600,student.36.0@example.test,3,Inclusion- Swimming,Paul Palleschi Full Pool,Tu,2026-03-31 5:15 PM,2026-03-31 5:45 PM,471748,30,4,1,3,75%
Inclusion- Swimming,4,3,Tu,Inclusion- Swimming Demo,5:15 PM - 5:45 PM,471748,From 2026-03-31 to 2026-06-09,Paul Palleschi Full Pool,"Stone, Blake",Waiting,555-0146-4601,student.36.1@example.test,4,Inclusion- Swimming,Paul Palleschi Full Pool,Tu,2026-03-31 5:15 PM,2026-03-31 5:45 PM,471748,30,4,1,3,75%
Inclusion- Swimming,4,3,Tu,Inclusion- Swimming Demo,5:15 PM - 5:45 PM,471748,From 2026-03-31 to 2026-06-09,Paul Palleschi Full Pool,"Lee, Casey",Booked,555-0146-4602,student.36.2@example.test,5,Inclusion- Swimming,Paul Palleschi Full Pool,Tu,2026-03-31 5:15 PM,2026-03-31 5:45 PM,471748,30,4,1,3,75%
Inclusion- Swimming,4,3,Tu,Inclusion- Swimming Demo,5:15 PM - 5:45 PM,471748,From 2026-03-31 to 2026-06-09,Paul Palleschi Full Pool,"Lee, Drew",Booked,555-0146-4603,student.36.3@example.test,6,Inclusion- Swimming,Paul Palleschi Full Pool,Tu,2026-03-31 5:15 PM,2026-03-31 5:45 PM,471748,30,4,1,3,75%
Splash  2A,5,5,Tu,Splash  2A Demo,5:30 PM - 6:00 PM,459363,From 2026-03-31 to 2026-06-09,Paul Palleschi Full Pool,"Martin, Emery",Booked,555-0147-4700,student.37.0@example.test,3,Splash  2A,Paul Palleschi Full Pool,Tu,2026-03-31 5:30 PM,2026-03-31 6:00 PM,459363,30,5,1,5,100%
Splash  2A,5,5,Tu,Splash  2A Demo,5:30 PM - 6:00 PM,459363,From 2026-03-31 to 2026-06-09,Paul Palleschi Full Pool,"Martin, Finley",Booked,555-0147-4701,student.37.1@example.test,4,Splash  2A,Paul Palleschi Full Pool,Tu,2026-03-31 5:30 PM,2026-03-31 6:00 PM,459363,30,5,1,5,100%
Splash  2A,5,5,Tu,Splash  2A Demo,5:30 PM - 6:00 PM,459363,From 2026-03-31 to 2026-06-09,Paul Palleschi Full Pool,"Singh, Harper",Booked,555-0147-4702,student.37.2@example.test,5,Splash  2A,Paul Palleschi Full Pool,Tu,2026-03-31 5:30 PM,2026-03-31 6:00 PM,459363,30,5,1,5,100%
Splash  2A,5,5,Tu,Splash  2A Demo,5:30 PM - 6:00 PM,459363,From 2026-03-31 to 2026-06-09,Paul Palleschi Full Pool,"Singh, Jordan",Booked,555-0147-4703,student.37.3@example.test,6,Splash  2A,Paul Palleschi Full Pool,Tu,2026-03-31 5:30 PM,2026-03-31 6:00 PM,459363,30,5,1,5,100%
Splash  2A,5,5,Tu,Splash  2A Demo,5:30 PM - 6:00 PM,459363,From 2026-03-31 to 2026-06-09,Paul Palleschi Full Pool,"Cooper, Kai",Booked,555-0147-4704,student.37.4@example.test,7,Splash  2A,Paul Palleschi Full Pool,Tu,2026-03-31 5:30 PM,2026-03-31 6:00 PM,459363,30,5,1,5,100%
Little Splash 3,9,5,Tu,Little Splash 3 Demo,5:30 PM - 6:00 PM,463807,From 2026-03-31 to 2026-06-09,Paul Palleschi Full Pool,"Cooper, Kai",Booked,555-0148-4800,student.38.0@example.test,3,Little Splash 3,Paul Palleschi Full Pool,Tu,2026-03-31 5:30 PM,2026-03-31 6:00 PM,463807,30,9,1,5,56%
Little Splash 3,9,5,Tu,Little Splash 3 Demo,5:30 PM - 6:00 PM,463807,From 2026-03-31 to 2026-06-09,Paul Palleschi Full Pool,"Cooper, Logan",Booked,555-0148-4801,student.38.1@example.test,4,Little Splash 3,Paul Palleschi Full Pool,Tu,2026-03-31 5:30 PM,2026-03-31 6:00 PM,463807,30,9,1,5,56%
Little Splash 3,9,5,Tu,Little Splash 3 Demo,5:30 PM - 6:00 PM,463807,From 2026-03-31 to 2026-06-09,Paul Palleschi Full Pool,"Walker, Maya",Waiting,555-0148-4802,student.38.2@example.test,5,Little Splash 3,Paul Palleschi Full Pool,Tu,2026-03-31 5:30 PM,2026-03-31 6:00 PM,463807,30,9,1,5,56%
Little Splash 3,9,5,Tu,Little Splash 3 Demo,5:30 PM - 6:00 PM,463807,From 2026-03-31 to 2026-06-09,Paul Palleschi Full Pool,"Walker, Noah",Booked,555-0148-4803,student.38.3@example.test,6,Little Splash 3,Paul Palleschi Full Pool,Tu,2026-03-31 5:30 PM,2026-03-31 6:00 PM,463807,30,9,1,5,56%
Little Splash 3,9,5,Tu,Little Splash 3 Demo,5:30 PM - 6:00 PM,463807,From 2026-03-31 to 2026-06-09,Paul Palleschi Full Pool,"Young, Avery",Booked,555-0148-4804,student.38.4@example.test,7,Little Splash 3,Paul Palleschi Full Pool,Tu,2026-03-31 5:30 PM,2026-03-31 6:00 PM,463807,30,9,1,5,56%
Little Splash 3,9,5,Tu,Little Splash 3 Demo,5:30 PM - 6:00 PM,463807,From 2026-03-31 to 2026-06-09,Paul Palleschi Full Pool,"Young, Blake",Waiting,555-0148-4805,student.38.5@example.test,8,Little Splash 3,Paul Palleschi Full Pool,Tu,2026-03-31 5:30 PM,2026-03-31 6:00 PM,463807,30,9,1,5,56%
Little Splash 3,9,5,Tu,Little Splash 3 Demo,5:30 PM - 6:00 PM,463807,From 2026-03-31 to 2026-06-09,Paul Palleschi Full Pool,"Hall, Casey",Waiting,555-0148-4806,student.38.6@example.test,9,Little Splash 3,Paul Palleschi Full Pool,Tu,2026-03-31 5:30 PM,2026-03-31 6:00 PM,463807,30,9,1,5,56%
Little Splash 3,9,5,Tu,Little Splash 3 Demo,5:30 PM - 6:00 PM,463807,From 2026-03-31 to 2026-06-09,Paul Palleschi Full Pool,"Hall, Drew",Booked,555-0148-4807,student.38.7@example.test,10,Little Splash 3,Paul Palleschi Full Pool,Tu,2026-03-31 5:30 PM,2026-03-31 6:00 PM,463807,30,9,1,5,56%
Little Splash 3,9,5,Tu,Little Splash 3 Demo,5:30 PM - 6:00 PM,463807,From 2026-03-31 to 2026-06-09,Paul Palleschi Full Pool,"Allen, Emery",Waiting,555-0148-4808,student.38.8@example.test,11,Little Splash 3,Paul Palleschi Full Pool,Tu,2026-03-31 5:30 PM,2026-03-31 6:00 PM,463807,30,9,1,5,56%
Swimming Private Lesson,3,1,Tu,Swimming Private Lesson Demo,5:30 PM - 6:00 PM,496661,From 2026-03-31 to 2026-06-09,Paul Palleschi Full Pool,"Young, Avery",Booked,555-0149-4900,student.39.0@example.test,3,Swimming Private Lesson,Paul Palleschi Full Pool,Tu,2026-03-31 5:30 PM,2026-03-31 6:00 PM,496661,30,3,1,1,33%
Swimming Private Lesson,3,1,Tu,Swimming Private Lesson Demo,5:30 PM - 6:00 PM,496661,From 2026-03-31 to 2026-06-09,Paul Palleschi Full Pool,"Young, Blake",Waiting,555-0149-4901,student.39.1@example.test,4,Swimming Private Lesson,Paul Palleschi Full Pool,Tu,2026-03-31 5:30 PM,2026-03-31 6:00 PM,496661,30,3,1,1,33%
Swimming Private Lesson,3,1,Tu,Swimming Private Lesson Demo,5:30 PM - 6:00 PM,496661,From 2026-03-31 to 2026-06-09,Paul Palleschi Full Pool,"Hall, Casey",Waiting,555-0149-4902,student.39.2@example.test,5,Swimming Private Lesson,Paul Palleschi Full Pool,Tu,2026-03-31 5:30 PM,2026-03-31 6:00 PM,496661,30,3,1,1,33%
Inclusion- Swimming,5,3,Tu,Inclusion- Swimming Demo,5:45 PM - 6:15 PM,471750,From 2026-03-31 to 2026-06-09,Paul Palleschi Full Pool,"Allen, Emery",Waiting,555-0150-5000,student.40.0@example.test,3,Inclusion- Swimming,Paul Palleschi Full Pool,Tu,2026-03-31 5:45 PM,2026-03-31 6:15 PM,471750,30,5,1,3,60%
Inclusion- Swimming,5,3,Tu,Inclusion- Swimming Demo,5:45 PM - 6:15 PM,471750,From 2026-03-31 to 2026-06-09,Paul Palleschi Full Pool,"Allen, Finley",Waiting,555-0150-5001,student.40.1@example.test,4,Inclusion- Swimming,Paul Palleschi Full Pool,Tu,2026-03-31 5:45 PM,2026-03-31 6:15 PM,471750,30,5,1,3,60%
Inclusion- Swimming,5,3,Tu,Inclusion- Swimming Demo,5:45 PM - 6:15 PM,471750,From 2026-03-31 to 2026-06-09,Paul Palleschi Full Pool,"Wright, Harper",Booked,555-0150-5002,student.40.2@example.test,5,Inclusion- Swimming,Paul Palleschi Full Pool,Tu,2026-03-31 5:45 PM,2026-03-31 6:15 PM,471750,30,5,1,3,60%
Inclusion- Swimming,5,3,Tu,Inclusion- Swimming Demo,5:45 PM - 6:15 PM,471750,From 2026-03-31 to 2026-06-09,Paul Palleschi Full Pool,"Wright, Jordan",Booked,555-0150-5003,student.40.3@example.test,6,Inclusion- Swimming,Paul Palleschi Full Pool,Tu,2026-03-31 5:45 PM,2026-03-31 6:15 PM,471750,30,5,1,3,60%
Inclusion- Swimming,5,3,Tu,Inclusion- Swimming Demo,5:45 PM - 6:15 PM,471750,From 2026-03-31 to 2026-06-09,Paul Palleschi Full Pool,"King, Kai",Booked,555-0150-5004,student.40.4@example.test,7,Inclusion- Swimming,Paul Palleschi Full Pool,Tu,2026-03-31 5:45 PM,2026-03-31 6:15 PM,471750,30,5,1,3,60%
Splash  5,21,11,Tu,Splash  5 Demo,5:45 PM - 6:30 PM,471641,From 2026-03-31 to 2026-06-09,Paul Palleschi Full Pool,"King, Kai",Waiting,555-0151-5100,student.41.0@example.test,3,Splash  5,Paul Palleschi Full Pool,Tu,2026-03-31 5:45 PM,2026-03-31 6:30 PM,471641,45,21,1,11,52%
Splash  5,21,11,Tu,Splash  5 Demo,5:45 PM - 6:30 PM,471641,From 2026-03-31 to 2026-06-09,Paul Palleschi Full Pool,"King, Logan",Booked,555-0151-5101,student.41.1@example.test,4,Splash  5,Paul Palleschi Full Pool,Tu,2026-03-31 5:45 PM,2026-03-31 6:30 PM,471641,45,21,1,11,52%
Splash  5,21,11,Tu,Splash  5 Demo,5:45 PM - 6:30 PM,471641,From 2026-03-31 to 2026-06-09,Paul Palleschi Full Pool,"Scott, Maya",Waiting,555-0151-5102,student.41.2@example.test,5,Splash  5,Paul Palleschi Full Pool,Tu,2026-03-31 5:45 PM,2026-03-31 6:30 PM,471641,45,21,1,11,52%
Splash  5,21,11,Tu,Splash  5 Demo,5:45 PM - 6:30 PM,471641,From 2026-03-31 to 2026-06-09,Paul Palleschi Full Pool,"Scott, Noah",Booked,555-0151-5103,student.41.3@example.test,6,Splash  5,Paul Palleschi Full Pool,Tu,2026-03-31 5:45 PM,2026-03-31 6:30 PM,471641,45,21,1,11,52%
Splash  5,21,11,Tu,Splash  5 Demo,5:45 PM - 6:30 PM,471641,From 2026-03-31 to 2026-06-09,Paul Palleschi Full Pool,"Stone, Avery",Booked,555-0151-5104,student.41.4@example.test,7,Splash  5,Paul Palleschi Full Pool,Tu,2026-03-31 5:45 PM,2026-03-31 6:30 PM,471641,45,21,1,11,52%
Splash  5,21,11,Tu,Splash  5 Demo,5:45 PM - 6:30 PM,471641,From 2026-03-31 to 2026-06-09,Paul Palleschi Full Pool,"Stone, Blake",Waiting,555-0151-5105,student.41.5@example.test,8,Splash  5,Paul Palleschi Full Pool,Tu,2026-03-31 5:45 PM,2026-03-31 6:30 PM,471641,45,21,1,11,52%
Splash  5,21,11,Tu,Splash  5 Demo,5:45 PM - 6:30 PM,471641,From 2026-03-31 to 2026-06-09,Paul Palleschi Full Pool,"Lee, Casey",Booked,555-0151-5106,student.41.6@example.test,9,Splash  5,Paul Palleschi Full Pool,Tu,2026-03-31 5:45 PM,2026-03-31 6:30 PM,471641,45,21,1,11,52%
Splash  5,21,11,Tu,Splash  5 Demo,5:45 PM - 6:30 PM,471641,From 2026-03-31 to 2026-06-09,Paul Palleschi Full Pool,"Lee, Drew",Waiting,555-0151-5107,student.41.7@example.test,10,Splash  5,Paul Palleschi Full Pool,Tu,2026-03-31 5:45 PM,2026-03-31 6:30 PM,471641,45,21,1,11,52%
Splash  5,21,11,Tu,Splash  5 Demo,5:45 PM - 6:30 PM,471641,From 2026-03-31 to 2026-06-09,Paul Palleschi Full Pool,"Martin, Emery",Waiting,555-0151-5108,student.41.8@example.test,11,Splash  5,Paul Palleschi Full Pool,Tu,2026-03-31 5:45 PM,2026-03-31 6:30 PM,471641,45,21,1,11,52%
Splash  5,21,11,Tu,Splash  5 Demo,5:45 PM - 6:30 PM,471641,From 2026-03-31 to 2026-06-09,Paul Palleschi Full Pool,"Martin, Finley",Booked,555-0151-5109,student.41.9@example.test,12,Splash  5,Paul Palleschi Full Pool,Tu,2026-03-31 5:45 PM,2026-03-31 6:30 PM,471641,45,21,1,11,52%
Splash  5,21,11,Tu,Splash  5 Demo,5:45 PM - 6:30 PM,471641,From 2026-03-31 to 2026-06-09,Paul Palleschi Full Pool,"Singh, Harper",Booked,555-0151-5110,student.41.10@example.test,3,Splash  5,Paul Palleschi Full Pool,Tu,2026-03-31 5:45 PM,2026-03-31 6:30 PM,471641,45,21,1,11,52%
Splash  5,21,11,Tu,Splash  5 Demo,5:45 PM - 6:30 PM,471641,From 2026-03-31 to 2026-06-09,Paul Palleschi Full Pool,"Singh, Jordan",Waiting,555-0151-5111,student.41.11@example.test,4,Splash  5,Paul Palleschi Full Pool,Tu,2026-03-31 5:45 PM,2026-03-31 6:30 PM,471641,45,21,1,11,52%
Splash  5,21,11,Tu,Splash  5 Demo,5:45 PM - 6:30 PM,471641,From 2026-03-31 to 2026-06-09,Paul Palleschi Full Pool,"Cooper, Kai",Booked,555-0151-5112,student.41.12@example.test,5,Splash  5,Paul Palleschi Full Pool,Tu,2026-03-31 5:45 PM,2026-03-31 6:30 PM,471641,45,21,1,11,52%
Splash  5,21,11,Tu,Splash  5 Demo,5:45 PM - 6:30 PM,471641,From 2026-03-31 to 2026-06-09,Paul Palleschi Full Pool,"Cooper, Logan",Booked,555-0151-5113,student.41.13@example.test,6,Splash  5,Paul Palleschi Full Pool,Tu,2026-03-31 5:45 PM,2026-03-31 6:30 PM,471641,45,21,1,11,52%
Splash  5,21,11,Tu,Splash  5 Demo,5:45 PM - 6:30 PM,471641,From 2026-03-31 to 2026-06-09,Paul Palleschi Full Pool,"Walker, Maya",Booked,555-0151-5114,student.41.14@example.test,7,Splash  5,Paul Palleschi Full Pool,Tu,2026-03-31 5:45 PM,2026-03-31 6:30 PM,471641,45,21,1,11,52%
Splash  5,21,11,Tu,Splash  5 Demo,5:45 PM - 6:30 PM,471641,From 2026-03-31 to 2026-06-09,Paul Palleschi Full Pool,"Walker, Noah",Waiting,555-0151-5115,student.41.15@example.test,8,Splash  5,Paul Palleschi Full Pool,Tu,2026-03-31 5:45 PM,2026-03-31 6:30 PM,471641,45,21,1,11,52%
Splash  5,21,11,Tu,Splash  5 Demo,5:45 PM - 6:30 PM,471641,From 2026-03-31 to 2026-06-09,Paul Palleschi Full Pool,"Young, Avery",Waiting,555-0151-5116,student.41.16@example.test,9,Splash  5,Paul Palleschi Full Pool,Tu,2026-03-31 5:45 PM,2026-03-31 6:30 PM,471641,45,21,1,11,52%
Splash  5,21,11,Tu,Splash  5 Demo,5:45 PM - 6:30 PM,471641,From 2026-03-31 to 2026-06-09,Paul Palleschi Full Pool,"Young, Blake",Waiting,555-0151-5117,student.41.17@example.test,10,Splash  5,Paul Palleschi Full Pool,Tu,2026-03-31 5:45 PM,2026-03-31 6:30 PM,471641,45,21,1,11,52%
Splash  5,21,11,Tu,Splash  5 Demo,5:45 PM - 6:30 PM,471641,From 2026-03-31 to 2026-06-09,Paul Palleschi Full Pool,"Hall, Casey",Booked,555-0151-5118,student.41.18@example.test,11,Splash  5,Paul Palleschi Full Pool,Tu,2026-03-31 5:45 PM,2026-03-31 6:30 PM,471641,45,21,1,11,52%
Splash  5,21,11,Tu,Splash  5 Demo,5:45 PM - 6:30 PM,471641,From 2026-03-31 to 2026-06-09,Paul Palleschi Full Pool,"Hall, Drew",Waiting,555-0151-5119,student.41.19@example.test,12,Splash  5,Paul Palleschi Full Pool,Tu,2026-03-31 5:45 PM,2026-03-31 6:30 PM,471641,45,21,1,11,52%
Splash  5,21,11,Tu,Splash  5 Demo,5:45 PM - 6:30 PM,471641,From 2026-03-31 to 2026-06-09,Paul Palleschi Full Pool,"Allen, Emery",Booked,555-0151-5120,student.41.20@example.test,3,Splash  5,Paul Palleschi Full Pool,Tu,2026-03-31 5:45 PM,2026-03-31 6:30 PM,471641,45,21,1,11,52%
Splash  1,6,6,Tu,Splash  1 Demo,6:00 PM - 6:30 PM,457631,From 2026-03-31 to 2026-06-09,Paul Palleschi Full Pool,"Stone, Avery",Booked,555-0152-5200,student.42.0@example.test,3,Splash  1,Paul Palleschi Full Pool,Tu,2026-03-31 6:00 PM,2026-03-31 6:30 PM,457631,30,6,1,6,100%
Splash  1,6,6,Tu,Splash  1 Demo,6:00 PM - 6:30 PM,457631,From 2026-03-31 to 2026-06-09,Paul Palleschi Full Pool,"Stone, Blake",Booked,555-0152-5201,student.42.1@example.test,4,Splash  1,Paul Palleschi Full Pool,Tu,2026-03-31 6:00 PM,2026-03-31 6:30 PM,457631,30,6,1,6,100%
Splash  1,6,6,Tu,Splash  1 Demo,6:00 PM - 6:30 PM,457631,From 2026-03-31 to 2026-06-09,Paul Palleschi Full Pool,"Lee, Casey",Booked,555-0152-5202,student.42.2@example.test,5,Splash  1,Paul Palleschi Full Pool,Tu,2026-03-31 6:00 PM,2026-03-31 6:30 PM,457631,30,6,1,6,100%
Splash  1,6,6,Tu,Splash  1 Demo,6:00 PM - 6:30 PM,457631,From 2026-03-31 to 2026-06-09,Paul Palleschi Full Pool,"Lee, Drew",Booked,555-0152-5203,student.42.3@example.test,6,Splash  1,Paul Palleschi Full Pool,Tu,2026-03-31 6:00 PM,2026-03-31 6:30 PM,457631,30,6,1,6,100%
Splash  1,6,6,Tu,Splash  1 Demo,6:00 PM - 6:30 PM,457631,From 2026-03-31 to 2026-06-09,Paul Palleschi Full Pool,"Martin, Emery",Booked,555-0152-5204,student.42.4@example.test,7,Splash  1,Paul Palleschi Full Pool,Tu,2026-03-31 6:00 PM,2026-03-31 6:30 PM,457631,30,6,1,6,100%
Splash  1,6,6,Tu,Splash  1 Demo,6:00 PM - 6:30 PM,457631,From 2026-03-31 to 2026-06-09,Paul Palleschi Full Pool,"Martin, Finley",Booked,555-0152-5205,student.42.5@example.test,8,Splash  1,Paul Palleschi Full Pool,Tu,2026-03-31 6:00 PM,2026-03-31 6:30 PM,457631,30,6,1,6,100%
Splash  3,7,7,Tu,Splash  3 Demo,6:00 PM - 6:30 PM,471664,From 2026-03-31 to 2026-06-09,Paul Palleschi Full Pool,"Martin, Emery",Booked,555-0153-5300,student.43.0@example.test,3,Splash  3,Paul Palleschi Full Pool,Tu,2026-03-31 6:00 PM,2026-03-31 6:30 PM,471664,30,7,1,7,100%
Splash  3,7,7,Tu,Splash  3 Demo,6:00 PM - 6:30 PM,471664,From 2026-03-31 to 2026-06-09,Paul Palleschi Full Pool,"Martin, Finley",Booked,555-0153-5301,student.43.1@example.test,4,Splash  3,Paul Palleschi Full Pool,Tu,2026-03-31 6:00 PM,2026-03-31 6:30 PM,471664,30,7,1,7,100%
Splash  3,7,7,Tu,Splash  3 Demo,6:00 PM - 6:30 PM,471664,From 2026-03-31 to 2026-06-09,Paul Palleschi Full Pool,"Singh, Harper",Booked,555-0153-5302,student.43.2@example.test,5,Splash  3,Paul Palleschi Full Pool,Tu,2026-03-31 6:00 PM,2026-03-31 6:30 PM,471664,30,7,1,7,100%
Splash  3,7,7,Tu,Splash  3 Demo,6:00 PM - 6:30 PM,471664,From 2026-03-31 to 2026-06-09,Paul Palleschi Full Pool,"Singh, Jordan",Booked,555-0153-5303,student.43.3@example.test,6,Splash  3,Paul Palleschi Full Pool,Tu,2026-03-31 6:00 PM,2026-03-31 6:30 PM,471664,30,7,1,7,100%
Splash  3,7,7,Tu,Splash  3 Demo,6:00 PM - 6:30 PM,471664,From 2026-03-31 to 2026-06-09,Paul Palleschi Full Pool,"Cooper, Kai",Booked,555-0153-5304,student.43.4@example.test,7,Splash  3,Paul Palleschi Full Pool,Tu,2026-03-31 6:00 PM,2026-03-31 6:30 PM,471664,30,7,1,7,100%
Splash  3,7,7,Tu,Splash  3 Demo,6:00 PM - 6:30 PM,471664,From 2026-03-31 to 2026-06-09,Paul Palleschi Full Pool,"Cooper, Logan",Booked,555-0153-5305,student.43.5@example.test,8,Splash  3,Paul Palleschi Full Pool,Tu,2026-03-31 6:00 PM,2026-03-31 6:30 PM,471664,30,7,1,7,100%
Splash  3,7,7,Tu,Splash  3 Demo,6:00 PM - 6:30 PM,471664,From 2026-03-31 to 2026-06-09,Paul Palleschi Full Pool,"Walker, Maya",Booked,555-0153-5306,student.43.6@example.test,9,Splash  3,Paul Palleschi Full Pool,Tu,2026-03-31 6:00 PM,2026-03-31 6:30 PM,471664,30,7,1,7,100%
Swimming Private Lesson,15,1,Tu,Swimming Private Lesson Demo,6:00 PM - 6:30 PM,496662,From 2026-03-31 to 2026-06-09,Paul Palleschi Full Pool,"Cooper, Kai",Waiting,555-0154-5400,student.44.0@example.test,3,Swimming Private Lesson,Paul Palleschi Full Pool,Tu,2026-03-31 6:00 PM,2026-03-31 6:30 PM,496662,30,15,1,1,7%
Swimming Private Lesson,15,1,Tu,Swimming Private Lesson Demo,6:00 PM - 6:30 PM,496662,From 2026-03-31 to 2026-06-09,Paul Palleschi Full Pool,"Cooper, Logan",Booked,555-0154-5401,student.44.1@example.test,4,Swimming Private Lesson,Paul Palleschi Full Pool,Tu,2026-03-31 6:00 PM,2026-03-31 6:30 PM,496662,30,15,1,1,7%
Swimming Private Lesson,15,1,Tu,Swimming Private Lesson Demo,6:00 PM - 6:30 PM,496662,From 2026-03-31 to 2026-06-09,Paul Palleschi Full Pool,"Walker, Maya",Waiting,555-0154-5402,student.44.2@example.test,5,Swimming Private Lesson,Paul Palleschi Full Pool,Tu,2026-03-31 6:00 PM,2026-03-31 6:30 PM,496662,30,15,1,1,7%
Swimming Private Lesson,15,1,Tu,Swimming Private Lesson Demo,6:00 PM - 6:30 PM,496662,From 2026-03-31 to 2026-06-09,Paul Palleschi Full Pool,"Walker, Noah",Waiting,555-0154-5403,student.44.3@example.test,6,Swimming Private Lesson,Paul Palleschi Full Pool,Tu,2026-03-31 6:00 PM,2026-03-31 6:30 PM,496662,30,15,1,1,7%
Swimming Private Lesson,15,1,Tu,Swimming Private Lesson Demo,6:00 PM - 6:30 PM,496662,From 2026-03-31 to 2026-06-09,Paul Palleschi Full Pool,"Young, Avery",Waiting,555-0154-5404,student.44.4@example.test,7,Swimming Private Lesson,Paul Palleschi Full Pool,Tu,2026-03-31 6:00 PM,2026-03-31 6:30 PM,496662,30,15,1,1,7%
Swimming Private Lesson,15,1,Tu,Swimming Private Lesson Demo,6:00 PM - 6:30 PM,496662,From 2026-03-31 to 2026-06-09,Paul Palleschi Full Pool,"Young, Blake",Waiting,555-0154-5405,student.44.5@example.test,8,Swimming Private Lesson,Paul Palleschi Full Pool,Tu,2026-03-31 6:00 PM,2026-03-31 6:30 PM,496662,30,15,1,1,7%
Swimming Private Lesson,15,1,Tu,Swimming Private Lesson Demo,6:00 PM - 6:30 PM,496662,From 2026-03-31 to 2026-06-09,Paul Palleschi Full Pool,"Hall, Casey",Waiting,555-0154-5406,student.44.6@example.test,9,Swimming Private Lesson,Paul Palleschi Full Pool,Tu,2026-03-31 6:00 PM,2026-03-31 6:30 PM,496662,30,15,1,1,7%
Swimming Private Lesson,15,1,Tu,Swimming Private Lesson Demo,6:00 PM - 6:30 PM,496662,From 2026-03-31 to 2026-06-09,Paul Palleschi Full Pool,"Hall, Drew",Waiting,555-0154-5407,student.44.7@example.test,10,Swimming Private Lesson,Paul Palleschi Full Pool,Tu,2026-03-31 6:00 PM,2026-03-31 6:30 PM,496662,30,15,1,1,7%
Swimming Private Lesson,15,1,Tu,Swimming Private Lesson Demo,6:00 PM - 6:30 PM,496662,From 2026-03-31 to 2026-06-09,Paul Palleschi Full Pool,"Allen, Emery",Waiting,555-0154-5408,student.44.8@example.test,11,Swimming Private Lesson,Paul Palleschi Full Pool,Tu,2026-03-31 6:00 PM,2026-03-31 6:30 PM,496662,30,15,1,1,7%
Swimming Private Lesson,15,1,Tu,Swimming Private Lesson Demo,6:00 PM - 6:30 PM,496662,From 2026-03-31 to 2026-06-09,Paul Palleschi Full Pool,"Allen, Finley",Waiting,555-0154-5409,student.44.9@example.test,12,Swimming Private Lesson,Paul Palleschi Full Pool,Tu,2026-03-31 6:00 PM,2026-03-31 6:30 PM,496662,30,15,1,1,7%
Swimming Private Lesson,15,1,Tu,Swimming Private Lesson Demo,6:00 PM - 6:30 PM,496662,From 2026-03-31 to 2026-06-09,Paul Palleschi Full Pool,"Wright, Harper",Waiting,555-0154-5410,student.44.10@example.test,3,Swimming Private Lesson,Paul Palleschi Full Pool,Tu,2026-03-31 6:00 PM,2026-03-31 6:30 PM,496662,30,15,1,1,7%
Swimming Private Lesson,15,1,Tu,Swimming Private Lesson Demo,6:00 PM - 6:30 PM,496662,From 2026-03-31 to 2026-06-09,Paul Palleschi Full Pool,"Wright, Jordan",Waiting,555-0154-5411,student.44.11@example.test,4,Swimming Private Lesson,Paul Palleschi Full Pool,Tu,2026-03-31 6:00 PM,2026-03-31 6:30 PM,496662,30,15,1,1,7%
Swimming Private Lesson,15,1,Tu,Swimming Private Lesson Demo,6:00 PM - 6:30 PM,496662,From 2026-03-31 to 2026-06-09,Paul Palleschi Full Pool,"King, Kai",Waiting,555-0154-5412,student.44.12@example.test,5,Swimming Private Lesson,Paul Palleschi Full Pool,Tu,2026-03-31 6:00 PM,2026-03-31 6:30 PM,496662,30,15,1,1,7%
Swimming Private Lesson,15,1,Tu,Swimming Private Lesson Demo,6:00 PM - 6:30 PM,496662,From 2026-03-31 to 2026-06-09,Paul Palleschi Full Pool,"King, Logan",Waiting,555-0154-5413,student.44.13@example.test,6,Swimming Private Lesson,Paul Palleschi Full Pool,Tu,2026-03-31 6:00 PM,2026-03-31 6:30 PM,496662,30,15,1,1,7%
Swimming Private Lesson,15,1,Tu,Swimming Private Lesson Demo,6:00 PM - 6:30 PM,496662,From 2026-03-31 to 2026-06-09,Paul Palleschi Full Pool,"Scott, Maya",Waiting,555-0154-5414,student.44.14@example.test,7,Swimming Private Lesson,Paul Palleschi Full Pool,Tu,2026-03-31 6:00 PM,2026-03-31 6:30 PM,496662,30,15,1,1,7%
Inclusion- Swimming,5,3,Tu,Inclusion- Swimming Demo,6:15 PM - 6:45 PM,471752,From 2026-03-31 to 2026-06-09,Paul Palleschi Full Pool,"Young, Avery",Waiting,555-0155-5500,student.45.0@example.test,3,Inclusion- Swimming,Paul Palleschi Full Pool,Tu,2026-03-31 6:15 PM,2026-03-31 6:45 PM,471752,30,5,1,3,60%
Inclusion- Swimming,5,3,Tu,Inclusion- Swimming Demo,6:15 PM - 6:45 PM,471752,From 2026-03-31 to 2026-06-09,Paul Palleschi Full Pool,"Young, Blake",Booked,555-0155-5501,student.45.1@example.test,4,Inclusion- Swimming,Paul Palleschi Full Pool,Tu,2026-03-31 6:15 PM,2026-03-31 6:45 PM,471752,30,5,1,3,60%
Inclusion- Swimming,5,3,Tu,Inclusion- Swimming Demo,6:15 PM - 6:45 PM,471752,From 2026-03-31 to 2026-06-09,Paul Palleschi Full Pool,"Hall, Casey",Waiting,555-0155-5502,student.45.2@example.test,5,Inclusion- Swimming,Paul Palleschi Full Pool,Tu,2026-03-31 6:15 PM,2026-03-31 6:45 PM,471752,30,5,1,3,60%
Inclusion- Swimming,5,3,Tu,Inclusion- Swimming Demo,6:15 PM - 6:45 PM,471752,From 2026-03-31 to 2026-06-09,Paul Palleschi Full Pool,"Hall, Drew",Booked,555-0155-5503,student.45.3@example.test,6,Inclusion- Swimming,Paul Palleschi Full Pool,Tu,2026-03-31 6:15 PM,2026-03-31 6:45 PM,471752,30,5,1,3,60%
Inclusion- Swimming,5,3,Tu,Inclusion- Swimming Demo,6:15 PM - 6:45 PM,471752,From 2026-03-31 to 2026-06-09,Paul Palleschi Full Pool,"Allen, Emery",Booked,555-0155-5504,student.45.4@example.test,7,Inclusion- Swimming,Paul Palleschi Full Pool,Tu,2026-03-31 6:15 PM,2026-03-31 6:45 PM,471752,30,5,1,3,60%
Splash  2A,7,6,Tu,Splash  2A Demo,6:30 PM - 7:00 PM,459368,From 2026-03-31 to 2026-06-09,Paul Palleschi Full Pool,"Allen, Emery",Booked,555-0156-5600,student.46.0@example.test,3,Splash  2A,Paul Palleschi Full Pool,Tu,2026-03-31 6:30 PM,2026-03-31 7:00 PM,459368,30,7,1,6,86%
Splash  2A,7,6,Tu,Splash  2A Demo,6:30 PM - 7:00 PM,459368,From 2026-03-31 to 2026-06-09,Paul Palleschi Full Pool,"Allen, Finley",Booked,555-0156-5601,student.46.1@example.test,4,Splash  2A,Paul Palleschi Full Pool,Tu,2026-03-31 6:30 PM,2026-03-31 7:00 PM,459368,30,7,1,6,86%
Splash  2A,7,6,Tu,Splash  2A Demo,6:30 PM - 7:00 PM,459368,From 2026-03-31 to 2026-06-09,Paul Palleschi Full Pool,"Wright, Harper",Booked,555-0156-5602,student.46.2@example.test,5,Splash  2A,Paul Palleschi Full Pool,Tu,2026-03-31 6:30 PM,2026-03-31 7:00 PM,459368,30,7,1,6,86%
Splash  2A,7,6,Tu,Splash  2A Demo,6:30 PM - 7:00 PM,459368,From 2026-03-31 to 2026-06-09,Paul Palleschi Full Pool,"Wright, Jordan",Booked,555-0156-5603,student.46.3@example.test,6,Splash  2A,Paul Palleschi Full Pool,Tu,2026-03-31 6:30 PM,2026-03-31 7:00 PM,459368,30,7,1,6,86%
Splash  2A,7,6,Tu,Splash  2A Demo,6:30 PM - 7:00 PM,459368,From 2026-03-31 to 2026-06-09,Paul Palleschi Full Pool,"King, Kai",Booked,555-0156-5604,student.46.4@example.test,7,Splash  2A,Paul Palleschi Full Pool,Tu,2026-03-31 6:30 PM,2026-03-31 7:00 PM,459368,30,7,1,6,86%
Splash  2A,7,6,Tu,Splash  2A Demo,6:30 PM - 7:00 PM,459368,From 2026-03-31 to 2026-06-09,Paul Palleschi Full Pool,"King, Logan",Booked,555-0156-5605,student.46.5@example.test,8,Splash  2A,Paul Palleschi Full Pool,Tu,2026-03-31 6:30 PM,2026-03-31 7:00 PM,459368,30,7,1,6,86%
Splash  2A,7,6,Tu,Splash  2A Demo,6:30 PM - 7:00 PM,459368,From 2026-03-31 to 2026-06-09,Paul Palleschi Full Pool,"Scott, Maya",Waiting,555-0156-5606,student.46.6@example.test,9,Splash  2A,Paul Palleschi Full Pool,Tu,2026-03-31 6:30 PM,2026-03-31 7:00 PM,459368,30,7,1,6,86%
Splash  4,12,9,Tu,Splash  4 Demo,6:30 PM - 7:00 PM,471694,From 2026-03-31 to 2026-06-09,Paul Palleschi Full Pool,"King, Kai",Waiting,555-0157-5700,student.47.0@example.test,3,Splash  4,Paul Palleschi Full Pool,Tu,2026-03-31 6:30 PM,2026-03-31 7:00 PM,471694,30,12,1,9,75%
Splash  4,12,9,Tu,Splash  4 Demo,6:30 PM - 7:00 PM,471694,From 2026-03-31 to 2026-06-09,Paul Palleschi Full Pool,"King, Logan",Booked,555-0157-5701,student.47.1@example.test,4,Splash  4,Paul Palleschi Full Pool,Tu,2026-03-31 6:30 PM,2026-03-31 7:00 PM,471694,30,12,1,9,75%
Splash  4,12,9,Tu,Splash  4 Demo,6:30 PM - 7:00 PM,471694,From 2026-03-31 to 2026-06-09,Paul Palleschi Full Pool,"Scott, Maya",Booked,555-0157-5702,student.47.2@example.test,5,Splash  4,Paul Palleschi Full Pool,Tu,2026-03-31 6:30 PM,2026-03-31 7:00 PM,471694,30,12,1,9,75%
Splash  4,12,9,Tu,Splash  4 Demo,6:30 PM - 7:00 PM,471694,From 2026-03-31 to 2026-06-09,Paul Palleschi Full Pool,"Scott, Noah",Booked,555-0157-5703,student.47.3@example.test,6,Splash  4,Paul Palleschi Full Pool,Tu,2026-03-31 6:30 PM,2026-03-31 7:00 PM,471694,30,12,1,9,75%
Splash  4,12,9,Tu,Splash  4 Demo,6:30 PM - 7:00 PM,471694,From 2026-03-31 to 2026-06-09,Paul Palleschi Full Pool,"Stone, Avery",Booked,555-0157-5704,student.47.4@example.test,7,Splash  4,Paul Palleschi Full Pool,Tu,2026-03-31 6:30 PM,2026-03-31 7:00 PM,471694,30,12,1,9,75%
Splash  4,12,9,Tu,Splash  4 Demo,6:30 PM - 7:00 PM,471694,From 2026-03-31 to 2026-06-09,Paul Palleschi Full Pool,"Stone, Blake",Booked,555-0157-5705,student.47.5@example.test,8,Splash  4,Paul Palleschi Full Pool,Tu,2026-03-31 6:30 PM,2026-03-31 7:00 PM,471694,30,12,1,9,75%
Splash  4,12,9,Tu,Splash  4 Demo,6:30 PM - 7:00 PM,471694,From 2026-03-31 to 2026-06-09,Paul Palleschi Full Pool,"Lee, Casey",Booked,555-0157-5706,student.47.6@example.test,9,Splash  4,Paul Palleschi Full Pool,Tu,2026-03-31 6:30 PM,2026-03-31 7:00 PM,471694,30,12,1,9,75%
Splash  4,12,9,Tu,Splash  4 Demo,6:30 PM - 7:00 PM,471694,From 2026-03-31 to 2026-06-09,Paul Palleschi Full Pool,"Lee, Drew",Waiting,555-0157-5707,student.47.7@example.test,10,Splash  4,Paul Palleschi Full Pool,Tu,2026-03-31 6:30 PM,2026-03-31 7:00 PM,471694,30,12,1,9,75%
Splash  4,12,9,Tu,Splash  4 Demo,6:30 PM - 7:00 PM,471694,From 2026-03-31 to 2026-06-09,Paul Palleschi Full Pool,"Martin, Emery",Waiting,555-0157-5708,student.47.8@example.test,11,Splash  4,Paul Palleschi Full Pool,Tu,2026-03-31 6:30 PM,2026-03-31 7:00 PM,471694,30,12,1,9,75%
Splash  4,12,9,Tu,Splash  4 Demo,6:30 PM - 7:00 PM,471694,From 2026-03-31 to 2026-06-09,Paul Palleschi Full Pool,"Martin, Finley",Booked,555-0157-5709,student.47.9@example.test,12,Splash  4,Paul Palleschi Full Pool,Tu,2026-03-31 6:30 PM,2026-03-31 7:00 PM,471694,30,12,1,9,75%
Splash  4,12,9,Tu,Splash  4 Demo,6:30 PM - 7:00 PM,471694,From 2026-03-31 to 2026-06-09,Paul Palleschi Full Pool,"Singh, Harper",Booked,555-0157-5710,student.47.10@example.test,3,Splash  4,Paul Palleschi Full Pool,Tu,2026-03-31 6:30 PM,2026-03-31 7:00 PM,471694,30,12,1,9,75%
Splash  4,12,9,Tu,Splash  4 Demo,6:30 PM - 7:00 PM,471694,From 2026-03-31 to 2026-06-09,Paul Palleschi Full Pool,"Singh, Jordan",Booked,555-0157-5711,student.47.11@example.test,4,Splash  4,Paul Palleschi Full Pool,Tu,2026-03-31 6:30 PM,2026-03-31 7:00 PM,471694,30,12,1,9,75%
Swimming Private Lesson,5,1,Tu,Swimming Private Lesson Demo,6:30 PM - 7:00 PM,496663,From 2026-03-31 to 2026-06-09,Paul Palleschi Full Pool,"Stone, Avery",Booked,555-0158-5800,student.48.0@example.test,3,Swimming Private Lesson,Paul Palleschi Full Pool,Tu,2026-03-31 6:30 PM,2026-03-31 7:00 PM,496663,30,5,1,1,20%
Swimming Private Lesson,5,1,Tu,Swimming Private Lesson Demo,6:30 PM - 7:00 PM,496663,From 2026-03-31 to 2026-06-09,Paul Palleschi Full Pool,"Stone, Blake",Waiting,555-0158-5801,student.48.1@example.test,4,Swimming Private Lesson,Paul Palleschi Full Pool,Tu,2026-03-31 6:30 PM,2026-03-31 7:00 PM,496663,30,5,1,1,20%
Swimming Private Lesson,5,1,Tu,Swimming Private Lesson Demo,6:30 PM - 7:00 PM,496663,From 2026-03-31 to 2026-06-09,Paul Palleschi Full Pool,"Lee, Casey",Waiting,555-0158-5802,student.48.2@example.test,5,Swimming Private Lesson,Paul Palleschi Full Pool,Tu,2026-03-31 6:30 PM,2026-03-31 7:00 PM,496663,30,5,1,1,20%
Swimming Private Lesson,5,1,Tu,Swimming Private Lesson Demo,6:30 PM - 7:00 PM,496663,From 2026-03-31 to 2026-06-09,Paul Palleschi Full Pool,"Lee, Drew",Waiting,555-0158-5803,student.48.3@example.test,6,Swimming Private Lesson,Paul Palleschi Full Pool,Tu,2026-03-31 6:30 PM,2026-03-31 7:00 PM,496663,30,5,1,1,20%
Swimming Private Lesson,5,1,Tu,Swimming Private Lesson Demo,6:30 PM - 7:00 PM,496663,From 2026-03-31 to 2026-06-09,Paul Palleschi Full Pool,"Martin, Emery",Waiting,555-0158-5804,student.48.4@example.test,7,Swimming Private Lesson,Paul Palleschi Full Pool,Tu,2026-03-31 6:30 PM,2026-03-31 7:00 PM,496663,30,5,1,1,20%
Splash  2B,7,6,Tu,Splash  2B Demo,6:30 PM - 7:00 PM,496748,From 2026-03-31 to 2026-06-09,Paul Palleschi Full Pool,"Martin, Emery",Booked,555-0159-5900,student.49.0@example.test,3,Splash  2B,Paul Palleschi Full Pool,Tu,2026-03-31 6:30 PM,2026-03-31 7:00 PM,496748,30,7,1,6,86%
Splash  2B,7,6,Tu,Splash  2B Demo,6:30 PM - 7:00 PM,496748,From 2026-03-31 to 2026-06-09,Paul Palleschi Full Pool,"Martin, Finley",Booked,555-0159-5901,student.49.1@example.test,4,Splash  2B,Paul Palleschi Full Pool,Tu,2026-03-31 6:30 PM,2026-03-31 7:00 PM,496748,30,7,1,6,86%
Splash  2B,7,6,Tu,Splash  2B Demo,6:30 PM - 7:00 PM,496748,From 2026-03-31 to 2026-06-09,Paul Palleschi Full Pool,"Singh, Harper",Booked,555-0159-5902,student.49.2@example.test,5,Splash  2B,Paul Palleschi Full Pool,Tu,2026-03-31 6:30 PM,2026-03-31 7:00 PM,496748,30,7,1,6,86%
Splash  2B,7,6,Tu,Splash  2B Demo,6:30 PM - 7:00 PM,496748,From 2026-03-31 to 2026-06-09,Paul Palleschi Full Pool,"Singh, Jordan",Booked,555-0159-5903,student.49.3@example.test,6,Splash  2B,Paul Palleschi Full Pool,Tu,2026-03-31 6:30 PM,2026-03-31 7:00 PM,496748,30,7,1,6,86%
Splash  2B,7,6,Tu,Splash  2B Demo,6:30 PM - 7:00 PM,496748,From 2026-03-31 to 2026-06-09,Paul Palleschi Full Pool,"Cooper, Kai",Booked,555-0159-5904,student.49.4@example.test,7,Splash  2B,Paul Palleschi Full Pool,Tu,2026-03-31 6:30 PM,2026-03-31 7:00 PM,496748,30,7,1,6,86%
Splash  2B,7,6,Tu,Splash  2B Demo,6:30 PM - 7:00 PM,496748,From 2026-03-31 to 2026-06-09,Paul Palleschi Full Pool,"Cooper, Logan",Waiting,555-0159-5905,student.49.5@example.test,8,Splash  2B,Paul Palleschi Full Pool,Tu,2026-03-31 6:30 PM,2026-03-31 7:00 PM,496748,30,7,1,6,86%
Splash  2B,7,6,Tu,Splash  2B Demo,6:30 PM - 7:00 PM,496748,From 2026-03-31 to 2026-06-09,Paul Palleschi Full Pool,"Walker, Maya",Booked,555-0159-5906,student.49.6@example.test,9,Splash  2B,Paul Palleschi Full Pool,Tu,2026-03-31 6:30 PM,2026-03-31 7:00 PM,496748,30,7,1,6,86%
Little Splash 3,5,5,Tu,Little Splash 3 Demo,6:45 PM - 7:15 PM,507382,From 2026-03-31 to 2026-06-09,Paul Palleschi Full Pool,"Cooper, Kai",Booked,555-0160-6000,student.50.0@example.test,3,Little Splash 3,Paul Palleschi Full Pool,Tu,2026-03-31 6:45 PM,2026-03-31 7:15 PM,507382,30,5,1,5,100%
Little Splash 3,5,5,Tu,Little Splash 3 Demo,6:45 PM - 7:15 PM,507382,From 2026-03-31 to 2026-06-09,Paul Palleschi Full Pool,"Cooper, Logan",Booked,555-0160-6001,student.50.1@example.test,4,Little Splash 3,Paul Palleschi Full Pool,Tu,2026-03-31 6:45 PM,2026-03-31 7:15 PM,507382,30,5,1,5,100%
Little Splash 3,5,5,Tu,Little Splash 3 Demo,6:45 PM - 7:15 PM,507382,From 2026-03-31 to 2026-06-09,Paul Palleschi Full Pool,"Walker, Maya",Booked,555-0160-6002,student.50.2@example.test,5,Little Splash 3,Paul Palleschi Full Pool,Tu,2026-03-31 6:45 PM,2026-03-31 7:15 PM,507382,30,5,1,5,100%
Little Splash 3,5,5,Tu,Little Splash 3 Demo,6:45 PM - 7:15 PM,507382,From 2026-03-31 to 2026-06-09,Paul Palleschi Full Pool,"Walker, Noah",Booked,555-0160-6003,student.50.3@example.test,6,Little Splash 3,Paul Palleschi Full Pool,Tu,2026-03-31 6:45 PM,2026-03-31 7:15 PM,507382,30,5,1,5,100%
Little Splash 3,5,5,Tu,Little Splash 3 Demo,6:45 PM - 7:15 PM,507382,From 2026-03-31 to 2026-06-09,Paul Palleschi Full Pool,"Young, Avery",Booked,555-0160-6004,student.50.4@example.test,7,Little Splash 3,Paul Palleschi Full Pool,Tu,2026-03-31 6:45 PM,2026-03-31 7:15 PM,507382,30,5,1,5,100%
Swimming Private Lesson,1,1,Tu,Swimming Private Lesson Demo,7:15 PM - 7:45 PM,496664,From 2026-03-31 to 2026-06-09,Paul Palleschi Full Pool,"Young, Avery",Booked,555-0161-6100,student.51.0@example.test,3,Swimming Private Lesson,Paul Palleschi Full Pool,Tu,2026-03-31 7:15 PM,2026-03-31 7:45 PM,496664,30,1,1,1,100%
Splash Adult 1 (18+ Years),12,12,Tu,Splash Adult 1 (18+ Years) Demo,7:15 PM - 8:15 PM,464053,From 2026-03-31 to 2026-06-09,Paul Palleschi Full Pool,"Allen, Emery",Booked,555-0162-6200,student.52.0@example.test,3,Splash Adult 1 (18+ Years),Paul Palleschi Full Pool,Tu,2026-03-31 7:15 PM,2026-03-31 8:15 PM,464053,60,12,1,12,100%
Splash Adult 1 (18+ Years),12,12,Tu,Splash Adult 1 (18+ Years) Demo,7:15 PM - 8:15 PM,464053,From 2026-03-31 to 2026-06-09,Paul Palleschi Full Pool,"Allen, Finley",Booked,555-0162-6201,student.52.1@example.test,4,Splash Adult 1 (18+ Years),Paul Palleschi Full Pool,Tu,2026-03-31 7:15 PM,2026-03-31 8:15 PM,464053,60,12,1,12,100%
Splash Adult 1 (18+ Years),12,12,Tu,Splash Adult 1 (18+ Years) Demo,7:15 PM - 8:15 PM,464053,From 2026-03-31 to 2026-06-09,Paul Palleschi Full Pool,"Wright, Harper",Booked,555-0162-6202,student.52.2@example.test,5,Splash Adult 1 (18+ Years),Paul Palleschi Full Pool,Tu,2026-03-31 7:15 PM,2026-03-31 8:15 PM,464053,60,12,1,12,100%
Splash Adult 1 (18+ Years),12,12,Tu,Splash Adult 1 (18+ Years) Demo,7:15 PM - 8:15 PM,464053,From 2026-03-31 to 2026-06-09,Paul Palleschi Full Pool,"Wright, Jordan",Booked,555-0162-6203,student.52.3@example.test,6,Splash Adult 1 (18+ Years),Paul Palleschi Full Pool,Tu,2026-03-31 7:15 PM,2026-03-31 8:15 PM,464053,60,12,1,12,100%
Splash Adult 1 (18+ Years),12,12,Tu,Splash Adult 1 (18+ Years) Demo,7:15 PM - 8:15 PM,464053,From 2026-03-31 to 2026-06-09,Paul Palleschi Full Pool,"King, Kai",Booked,555-0162-6204,student.52.4@example.test,7,Splash Adult 1 (18+ Years),Paul Palleschi Full Pool,Tu,2026-03-31 7:15 PM,2026-03-31 8:15 PM,464053,60,12,1,12,100%
Splash Adult 1 (18+ Years),12,12,Tu,Splash Adult 1 (18+ Years) Demo,7:15 PM - 8:15 PM,464053,From 2026-03-31 to 2026-06-09,Paul Palleschi Full Pool,"King, Logan",Booked,555-0162-6205,student.52.5@example.test,8,Splash Adult 1 (18+ Years),Paul Palleschi Full Pool,Tu,2026-03-31 7:15 PM,2026-03-31 8:15 PM,464053,60,12,1,12,100%
Splash Adult 1 (18+ Years),12,12,Tu,Splash Adult 1 (18+ Years) Demo,7:15 PM - 8:15 PM,464053,From 2026-03-31 to 2026-06-09,Paul Palleschi Full Pool,"Scott, Maya",Booked,555-0162-6206,student.52.6@example.test,9,Splash Adult 1 (18+ Years),Paul Palleschi Full Pool,Tu,2026-03-31 7:15 PM,2026-03-31 8:15 PM,464053,60,12,1,12,100%
Splash Adult 1 (18+ Years),12,12,Tu,Splash Adult 1 (18+ Years) Demo,7:15 PM - 8:15 PM,464053,From 2026-03-31 to 2026-06-09,Paul Palleschi Full Pool,"Scott, Noah",Booked,555-0162-6207,student.52.7@example.test,10,Splash Adult 1 (18+ Years),Paul Palleschi Full Pool,Tu,2026-03-31 7:15 PM,2026-03-31 8:15 PM,464053,60,12,1,12,100%
Splash Adult 1 (18+ Years),12,12,Tu,Splash Adult 1 (18+ Years) Demo,7:15 PM - 8:15 PM,464053,From 2026-03-31 to 2026-06-09,Paul Palleschi Full Pool,"Stone, Avery",Booked,555-0162-6208,student.52.8@example.test,11,Splash Adult 1 (18+ Years),Paul Palleschi Full Pool,Tu,2026-03-31 7:15 PM,2026-03-31 8:15 PM,464053,60,12,1,12,100%
Splash Adult 1 (18+ Years),12,12,Tu,Splash Adult 1 (18+ Years) Demo,7:15 PM - 8:15 PM,464053,From 2026-03-31 to 2026-06-09,Paul Palleschi Full Pool,"Stone, Blake",Booked,555-0162-6209,student.52.9@example.test,12,Splash Adult 1 (18+ Years),Paul Palleschi Full Pool,Tu,2026-03-31 7:15 PM,2026-03-31 8:15 PM,464053,60,12,1,12,100%
Splash Adult 1 (18+ Years),12,12,Tu,Splash Adult 1 (18+ Years) Demo,7:15 PM - 8:15 PM,464053,From 2026-03-31 to 2026-06-09,Paul Palleschi Full Pool,"Lee, Casey",Booked,555-0162-6210,student.52.10@example.test,3,Splash Adult 1 (18+ Years),Paul Palleschi Full Pool,Tu,2026-03-31 7:15 PM,2026-03-31 8:15 PM,464053,60,12,1,12,100%
Splash Adult 1 (18+ Years),12,12,Tu,Splash Adult 1 (18+ Years) Demo,7:15 PM - 8:15 PM,464053,From 2026-03-31 to 2026-06-09,Paul Palleschi Full Pool,"Lee, Drew",Booked,555-0162-6211,student.52.11@example.test,4,Splash Adult 1 (18+ Years),Paul Palleschi Full Pool,Tu,2026-03-31 7:15 PM,2026-03-31 8:15 PM,464053,60,12,1,12,100%
Splash Adult 1 (18+ Years),13,12,Tu,Splash Adult 1 (18+ Years) Demo,7:15 PM - 8:15 PM,464055,From 2026-03-31 to 2026-06-09,Paul Palleschi Full Pool,"King, Kai",Booked,555-0163-6300,student.53.0@example.test,3,Splash Adult 1 (18+ Years),Paul Palleschi Full Pool,Tu,2026-03-31 7:15 PM,2026-03-31 8:15 PM,464055,60,13,1,12,92%
Splash Adult 1 (18+ Years),13,12,Tu,Splash Adult 1 (18+ Years) Demo,7:15 PM - 8:15 PM,464055,From 2026-03-31 to 2026-06-09,Paul Palleschi Full Pool,"King, Logan",Booked,555-0163-6301,student.53.1@example.test,4,Splash Adult 1 (18+ Years),Paul Palleschi Full Pool,Tu,2026-03-31 7:15 PM,2026-03-31 8:15 PM,464055,60,13,1,12,92%
Splash Adult 1 (18+ Years),13,12,Tu,Splash Adult 1 (18+ Years) Demo,7:15 PM - 8:15 PM,464055,From 2026-03-31 to 2026-06-09,Paul Palleschi Full Pool,"Scott, Maya",Booked,555-0163-6302,student.53.2@example.test,5,Splash Adult 1 (18+ Years),Paul Palleschi Full Pool,Tu,2026-03-31 7:15 PM,2026-03-31 8:15 PM,464055,60,13,1,12,92%
Splash Adult 1 (18+ Years),13,12,Tu,Splash Adult 1 (18+ Years) Demo,7:15 PM - 8:15 PM,464055,From 2026-03-31 to 2026-06-09,Paul Palleschi Full Pool,"Scott, Noah",Booked,555-0163-6303,student.53.3@example.test,6,Splash Adult 1 (18+ Years),Paul Palleschi Full Pool,Tu,2026-03-31 7:15 PM,2026-03-31 8:15 PM,464055,60,13,1,12,92%
Splash Adult 1 (18+ Years),13,12,Tu,Splash Adult 1 (18+ Years) Demo,7:15 PM - 8:15 PM,464055,From 2026-03-31 to 2026-06-09,Paul Palleschi Full Pool,"Stone, Avery",Booked,555-0163-6304,student.53.4@example.test,7,Splash Adult 1 (18+ Years),Paul Palleschi Full Pool,Tu,2026-03-31 7:15 PM,2026-03-31 8:15 PM,464055,60,13,1,12,92%
Splash Adult 1 (18+ Years),13,12,Tu,Splash Adult 1 (18+ Years) Demo,7:15 PM - 8:15 PM,464055,From 2026-03-31 to 2026-06-09,Paul Palleschi Full Pool,"Stone, Blake",Booked,555-0163-6305,student.53.5@example.test,8,Splash Adult 1 (18+ Years),Paul Palleschi Full Pool,Tu,2026-03-31 7:15 PM,2026-03-31 8:15 PM,464055,60,13,1,12,92%
Splash Adult 1 (18+ Years),13,12,Tu,Splash Adult 1 (18+ Years) Demo,7:15 PM - 8:15 PM,464055,From 2026-03-31 to 2026-06-09,Paul Palleschi Full Pool,"Lee, Casey",Booked,555-0163-6306,student.53.6@example.test,9,Splash Adult 1 (18+ Years),Paul Palleschi Full Pool,Tu,2026-03-31 7:15 PM,2026-03-31 8:15 PM,464055,60,13,1,12,92%
Splash Adult 1 (18+ Years),13,12,Tu,Splash Adult 1 (18+ Years) Demo,7:15 PM - 8:15 PM,464055,From 2026-03-31 to 2026-06-09,Paul Palleschi Full Pool,"Lee, Drew",Booked,555-0163-6307,student.53.7@example.test,10,Splash Adult 1 (18+ Years),Paul Palleschi Full Pool,Tu,2026-03-31 7:15 PM,2026-03-31 8:15 PM,464055,60,13,1,12,92%
Splash Adult 1 (18+ Years),13,12,Tu,Splash Adult 1 (18+ Years) Demo,7:15 PM - 8:15 PM,464055,From 2026-03-31 to 2026-06-09,Paul Palleschi Full Pool,"Martin, Emery",Booked,555-0163-6308,student.53.8@example.test,11,Splash Adult 1 (18+ Years),Paul Palleschi Full Pool,Tu,2026-03-31 7:15 PM,2026-03-31 8:15 PM,464055,60,13,1,12,92%
Splash Adult 1 (18+ Years),13,12,Tu,Splash Adult 1 (18+ Years) Demo,7:15 PM - 8:15 PM,464055,From 2026-03-31 to 2026-06-09,Paul Palleschi Full Pool,"Martin, Finley",Waiting,555-0163-6309,student.53.9@example.test,12,Splash Adult 1 (18+ Years),Paul Palleschi Full Pool,Tu,2026-03-31 7:15 PM,2026-03-31 8:15 PM,464055,60,13,1,12,92%
Splash Adult 1 (18+ Years),13,12,Tu,Splash Adult 1 (18+ Years) Demo,7:15 PM - 8:15 PM,464055,From 2026-03-31 to 2026-06-09,Paul Palleschi Full Pool,"Singh, Harper",Booked,555-0163-6310,student.53.10@example.test,3,Splash Adult 1 (18+ Years),Paul Palleschi Full Pool,Tu,2026-03-31 7:15 PM,2026-03-31 8:15 PM,464055,60,13,1,12,92%
Splash Adult 1 (18+ Years),13,12,Tu,Splash Adult 1 (18+ Years) Demo,7:15 PM - 8:15 PM,464055,From 2026-03-31 to 2026-06-09,Paul Palleschi Full Pool,"Singh, Jordan",Booked,555-0163-6311,student.53.11@example.test,4,Splash Adult 1 (18+ Years),Paul Palleschi Full Pool,Tu,2026-03-31 7:15 PM,2026-03-31 8:15 PM,464055,60,13,1,12,92%
Splash Adult 1 (18+ Years),13,12,Tu,Splash Adult 1 (18+ Years) Demo,7:15 PM - 8:15 PM,464055,From 2026-03-31 to 2026-06-09,Paul Palleschi Full Pool,"Cooper, Kai",Booked,555-0163-6312,student.53.12@example.test,5,Splash Adult 1 (18+ Years),Paul Palleschi Full Pool,Tu,2026-03-31 7:15 PM,2026-03-31 8:15 PM,464055,60,13,1,12,92%
Swimming Private Lesson,1,1,Tu,Swimming Private Lesson Demo,7:45 PM - 8:15 PM,496666,From 2026-03-31 to 2026-06-09,Paul Palleschi Full Pool,"Stone, Avery",Booked,555-0164-6400,student.54.0@example.test,3,Swimming Private Lesson,Paul Palleschi Full Pool,Tu,2026-03-31 7:45 PM,2026-03-31 8:15 PM,496666,30,1,1,1,100%
Swimming Private Lesson,1,1,Tu,Swimming Private Lesson Demo,8:15 PM - 8:45 PM,496669,From 2026-03-31 to 2026-06-09,Paul Palleschi Full Pool,"Martin, Emery",Booked,555-0165-6500,student.55.0@example.test,3,Swimming Private Lesson,Paul Palleschi Full Pool,Tu,2026-03-31 8:15 PM,2026-03-31 8:45 PM,496669,30,1,1,1,100%
Splash Adult 1 (18+ Years),13,12,Tu,Splash Adult 1 (18+ Years) Demo,8:15 PM - 9:15 PM,464058,From 2026-03-31 to 2026-06-09,Paul Palleschi Full Pool,"Cooper, Kai",Booked,555-0166-6600,student.56.0@example.test,3,Splash Adult 1 (18+ Years),Paul Palleschi Full Pool,Tu,2026-03-31 8:15 PM,2026-03-31 9:15 PM,464058,60,13,1,12,92%
Splash Adult 1 (18+ Years),13,12,Tu,Splash Adult 1 (18+ Years) Demo,8:15 PM - 9:15 PM,464058,From 2026-03-31 to 2026-06-09,Paul Palleschi Full Pool,"Cooper, Logan",Booked,555-0166-6601,student.56.1@example.test,4,Splash Adult 1 (18+ Years),Paul Palleschi Full Pool,Tu,2026-03-31 8:15 PM,2026-03-31 9:15 PM,464058,60,13,1,12,92%
Splash Adult 1 (18+ Years),13,12,Tu,Splash Adult 1 (18+ Years) Demo,8:15 PM - 9:15 PM,464058,From 2026-03-31 to 2026-06-09,Paul Palleschi Full Pool,"Walker, Maya",Booked,555-0166-6602,student.56.2@example.test,5,Splash Adult 1 (18+ Years),Paul Palleschi Full Pool,Tu,2026-03-31 8:15 PM,2026-03-31 9:15 PM,464058,60,13,1,12,92%
Splash Adult 1 (18+ Years),13,12,Tu,Splash Adult 1 (18+ Years) Demo,8:15 PM - 9:15 PM,464058,From 2026-03-31 to 2026-06-09,Paul Palleschi Full Pool,"Walker, Noah",Booked,555-0166-6603,student.56.3@example.test,6,Splash Adult 1 (18+ Years),Paul Palleschi Full Pool,Tu,2026-03-31 8:15 PM,2026-03-31 9:15 PM,464058,60,13,1,12,92%
Splash Adult 1 (18+ Years),13,12,Tu,Splash Adult 1 (18+ Years) Demo,8:15 PM - 9:15 PM,464058,From 2026-03-31 to 2026-06-09,Paul Palleschi Full Pool,"Young, Avery",Waiting,555-0166-6604,student.56.4@example.test,7,Splash Adult 1 (18+ Years),Paul Palleschi Full Pool,Tu,2026-03-31 8:15 PM,2026-03-31 9:15 PM,464058,60,13,1,12,92%
Splash Adult 1 (18+ Years),13,12,Tu,Splash Adult 1 (18+ Years) Demo,8:15 PM - 9:15 PM,464058,From 2026-03-31 to 2026-06-09,Paul Palleschi Full Pool,"Young, Blake",Booked,555-0166-6605,student.56.5@example.test,8,Splash Adult 1 (18+ Years),Paul Palleschi Full Pool,Tu,2026-03-31 8:15 PM,2026-03-31 9:15 PM,464058,60,13,1,12,92%
Splash Adult 1 (18+ Years),13,12,Tu,Splash Adult 1 (18+ Years) Demo,8:15 PM - 9:15 PM,464058,From 2026-03-31 to 2026-06-09,Paul Palleschi Full Pool,"Hall, Casey",Booked,555-0166-6606,student.56.6@example.test,9,Splash Adult 1 (18+ Years),Paul Palleschi Full Pool,Tu,2026-03-31 8:15 PM,2026-03-31 9:15 PM,464058,60,13,1,12,92%
Splash Adult 1 (18+ Years),13,12,Tu,Splash Adult 1 (18+ Years) Demo,8:15 PM - 9:15 PM,464058,From 2026-03-31 to 2026-06-09,Paul Palleschi Full Pool,"Hall, Drew",Booked,555-0166-6607,student.56.7@example.test,10,Splash Adult 1 (18+ Years),Paul Palleschi Full Pool,Tu,2026-03-31 8:15 PM,2026-03-31 9:15 PM,464058,60,13,1,12,92%
Splash Adult 1 (18+ Years),13,12,Tu,Splash Adult 1 (18+ Years) Demo,8:15 PM - 9:15 PM,464058,From 2026-03-31 to 2026-06-09,Paul Palleschi Full Pool,"Allen, Emery",Booked,555-0166-6608,student.56.8@example.test,11,Splash Adult 1 (18+ Years),Paul Palleschi Full Pool,Tu,2026-03-31 8:15 PM,2026-03-31 9:15 PM,464058,60,13,1,12,92%
Splash Adult 1 (18+ Years),13,12,Tu,Splash Adult 1 (18+ Years) Demo,8:15 PM - 9:15 PM,464058,From 2026-03-31 to 2026-06-09,Paul Palleschi Full Pool,"Allen, Finley",Booked,555-0166-6609,student.56.9@example.test,12,Splash Adult 1 (18+ Years),Paul Palleschi Full Pool,Tu,2026-03-31 8:15 PM,2026-03-31 9:15 PM,464058,60,13,1,12,92%
Splash Adult 1 (18+ Years),13,12,Tu,Splash Adult 1 (18+ Years) Demo,8:15 PM - 9:15 PM,464058,From 2026-03-31 to 2026-06-09,Paul Palleschi Full Pool,"Wright, Harper",Booked,555-0166-6610,student.56.10@example.test,3,Splash Adult 1 (18+ Years),Paul Palleschi Full Pool,Tu,2026-03-31 8:15 PM,2026-03-31 9:15 PM,464058,60,13,1,12,92%
Splash Adult 1 (18+ Years),13,12,Tu,Splash Adult 1 (18+ Years) Demo,8:15 PM - 9:15 PM,464058,From 2026-03-31 to 2026-06-09,Paul Palleschi Full Pool,"Wright, Jordan",Booked,555-0166-6611,student.56.11@example.test,4,Splash Adult 1 (18+ Years),Paul Palleschi Full Pool,Tu,2026-03-31 8:15 PM,2026-03-31 9:15 PM,464058,60,13,1,12,92%
Splash Adult 1 (18+ Years),13,12,Tu,Splash Adult 1 (18+ Years) Demo,8:15 PM - 9:15 PM,464058,From 2026-03-31 to 2026-06-09,Paul Palleschi Full Pool,"King, Kai",Booked,555-0166-6612,student.56.12@example.test,5,Splash Adult 1 (18+ Years),Paul Palleschi Full Pool,Tu,2026-03-31 8:15 PM,2026-03-31 9:15 PM,464058,60,13,1,12,92%
Splash Adult 2 (18+ Years),10,10,Tu,Splash Adult 2 (18+ Years) Demo,8:15 PM - 9:15 PM,464086,From 2026-03-31 to 2026-06-09,Paul Palleschi Full Pool,"Young, Avery",Booked,555-0167-6700,student.57.0@example.test,3,Splash Adult 2 (18+ Years),Paul Palleschi Full Pool,Tu,2026-03-31 8:15 PM,2026-03-31 9:15 PM,464086,60,10,1,10,100%
Splash Adult 2 (18+ Years),10,10,Tu,Splash Adult 2 (18+ Years) Demo,8:15 PM - 9:15 PM,464086,From 2026-03-31 to 2026-06-09,Paul Palleschi Full Pool,"Young, Blake",Booked,555-0167-6701,student.57.1@example.test,4,Splash Adult 2 (18+ Years),Paul Palleschi Full Pool,Tu,2026-03-31 8:15 PM,2026-03-31 9:15 PM,464086,60,10,1,10,100%
Splash Adult 2 (18+ Years),10,10,Tu,Splash Adult 2 (18+ Years) Demo,8:15 PM - 9:15 PM,464086,From 2026-03-31 to 2026-06-09,Paul Palleschi Full Pool,"Hall, Casey",Booked,555-0167-6702,student.57.2@example.test,5,Splash Adult 2 (18+ Years),Paul Palleschi Full Pool,Tu,2026-03-31 8:15 PM,2026-03-31 9:15 PM,464086,60,10,1,10,100%
Splash Adult 2 (18+ Years),10,10,Tu,Splash Adult 2 (18+ Years) Demo,8:15 PM - 9:15 PM,464086,From 2026-03-31 to 2026-06-09,Paul Palleschi Full Pool,"Hall, Drew",Booked,555-0167-6703,student.57.3@example.test,6,Splash Adult 2 (18+ Years),Paul Palleschi Full Pool,Tu,2026-03-31 8:15 PM,2026-03-31 9:15 PM,464086,60,10,1,10,100%
Splash Adult 2 (18+ Years),10,10,Tu,Splash Adult 2 (18+ Years) Demo,8:15 PM - 9:15 PM,464086,From 2026-03-31 to 2026-06-09,Paul Palleschi Full Pool,"Allen, Emery",Booked,555-0167-6704,student.57.4@example.test,7,Splash Adult 2 (18+ Years),Paul Palleschi Full Pool,Tu,2026-03-31 8:15 PM,2026-03-31 9:15 PM,464086,60,10,1,10,100%
Splash Adult 2 (18+ Years),10,10,Tu,Splash Adult 2 (18+ Years) Demo,8:15 PM - 9:15 PM,464086,From 2026-03-31 to 2026-06-09,Paul Palleschi Full Pool,"Allen, Finley",Booked,555-0167-6705,student.57.5@example.test,8,Splash Adult 2 (18+ Years),Paul Palleschi Full Pool,Tu,2026-03-31 8:15 PM,2026-03-31 9:15 PM,464086,60,10,1,10,100%
Splash Adult 2 (18+ Years),10,10,Tu,Splash Adult 2 (18+ Years) Demo,8:15 PM - 9:15 PM,464086,From 2026-03-31 to 2026-06-09,Paul Palleschi Full Pool,"Wright, Harper",Booked,555-0167-6706,student.57.6@example.test,9,Splash Adult 2 (18+ Years),Paul Palleschi Full Pool,Tu,2026-03-31 8:15 PM,2026-03-31 9:15 PM,464086,60,10,1,10,100%
Splash Adult 2 (18+ Years),10,10,Tu,Splash Adult 2 (18+ Years) Demo,8:15 PM - 9:15 PM,464086,From 2026-03-31 to 2026-06-09,Paul Palleschi Full Pool,"Wright, Jordan",Booked,555-0167-6707,student.57.7@example.test,10,Splash Adult 2 (18+ Years),Paul Palleschi Full Pool,Tu,2026-03-31 8:15 PM,2026-03-31 9:15 PM,464086,60,10,1,10,100%
Splash Adult 2 (18+ Years),10,10,Tu,Splash Adult 2 (18+ Years) Demo,8:15 PM - 9:15 PM,464086,From 2026-03-31 to 2026-06-09,Paul Palleschi Full Pool,"King, Kai",Booked,555-0167-6708,student.57.8@example.test,11,Splash Adult 2 (18+ Years),Paul Palleschi Full Pool,Tu,2026-03-31 8:15 PM,2026-03-31 9:15 PM,464086,60,10,1,10,100%
Splash Adult 2 (18+ Years),10,10,Tu,Splash Adult 2 (18+ Years) Demo,8:15 PM - 9:15 PM,464086,From 2026-03-31 to 2026-06-09,Paul Palleschi Full Pool,"King, Logan",Booked,555-0167-6709,student.57.9@example.test,12,Splash Adult 2 (18+ Years),Paul Palleschi Full Pool,Tu,2026-03-31 8:15 PM,2026-03-31 9:15 PM,464086,60,10,1,10,100%
Swimming Private Lesson,1,1,Tu,Swimming Private Lesson Demo,8:45 PM - 9:15 PM,496671,From 2026-03-31 to 2026-06-09,Paul Palleschi Full Pool,"Allen, Emery",Booked,555-0168-6800,student.58.0@example.test,3,Swimming Private Lesson,Paul Palleschi Full Pool,Tu,2026-03-31 8:45 PM,2026-03-31 9:15 PM,496671,30,1,1,1,100%
Splash  5,13,11,We,Splash  5 Demo,4:00 PM - 4:45 PM,496674,From 2026-04-01 to 2026-06-10,Paul Palleschi Full Pool,"King, Kai",Booked,555-0169-6900,student.59.0@example.test,3,Splash  5,Paul Palleschi Full Pool,We,2026-04-01 4:00 PM,2026-04-01 4:45 PM,496674,45,13,1,11,85%
Splash  5,13,11,We,Splash  5 Demo,4:00 PM - 4:45 PM,496674,From 2026-04-01 to 2026-06-10,Paul Palleschi Full Pool,"King, Logan",Booked,555-0169-6901,student.59.1@example.test,4,Splash  5,Paul Palleschi Full Pool,We,2026-04-01 4:00 PM,2026-04-01 4:45 PM,496674,45,13,1,11,85%
Splash  5,13,11,We,Splash  5 Demo,4:00 PM - 4:45 PM,496674,From 2026-04-01 to 2026-06-10,Paul Palleschi Full Pool,"Scott, Maya",Booked,555-0169-6902,student.59.2@example.test,5,Splash  5,Paul Palleschi Full Pool,We,2026-04-01 4:00 PM,2026-04-01 4:45 PM,496674,45,13,1,11,85%
Splash  5,13,11,We,Splash  5 Demo,4:00 PM - 4:45 PM,496674,From 2026-04-01 to 2026-06-10,Paul Palleschi Full Pool,"Scott, Noah",Booked,555-0169-6903,student.59.3@example.test,6,Splash  5,Paul Palleschi Full Pool,We,2026-04-01 4:00 PM,2026-04-01 4:45 PM,496674,45,13,1,11,85%
Splash  5,13,11,We,Splash  5 Demo,4:00 PM - 4:45 PM,496674,From 2026-04-01 to 2026-06-10,Paul Palleschi Full Pool,"Stone, Avery",Booked,555-0169-6904,student.59.4@example.test,7,Splash  5,Paul Palleschi Full Pool,We,2026-04-01 4:00 PM,2026-04-01 4:45 PM,496674,45,13,1,11,85%
Splash  5,13,11,We,Splash  5 Demo,4:00 PM - 4:45 PM,496674,From 2026-04-01 to 2026-06-10,Paul Palleschi Full Pool,"Stone, Blake",Waiting,555-0169-6905,student.59.5@example.test,8,Splash  5,Paul Palleschi Full Pool,We,2026-04-01 4:00 PM,2026-04-01 4:45 PM,496674,45,13,1,11,85%
Splash  5,13,11,We,Splash  5 Demo,4:00 PM - 4:45 PM,496674,From 2026-04-01 to 2026-06-10,Paul Palleschi Full Pool,"Lee, Casey",Waiting,555-0169-6906,student.59.6@example.test,9,Splash  5,Paul Palleschi Full Pool,We,2026-04-01 4:00 PM,2026-04-01 4:45 PM,496674,45,13,1,11,85%
Splash  5,13,11,We,Splash  5 Demo,4:00 PM - 4:45 PM,496674,From 2026-04-01 to 2026-06-10,Paul Palleschi Full Pool,"Lee, Drew",Booked,555-0169-6907,student.59.7@example.test,10,Splash  5,Paul Palleschi Full Pool,We,2026-04-01 4:00 PM,2026-04-01 4:45 PM,496674,45,13,1,11,85%
Splash  5,13,11,We,Splash  5 Demo,4:00 PM - 4:45 PM,496674,From 2026-04-01 to 2026-06-10,Paul Palleschi Full Pool,"Martin, Emery",Booked,555-0169-6908,student.59.8@example.test,11,Splash  5,Paul Palleschi Full Pool,We,2026-04-01 4:00 PM,2026-04-01 4:45 PM,496674,45,13,1,11,85%
Splash  5,13,11,We,Splash  5 Demo,4:00 PM - 4:45 PM,496674,From 2026-04-01 to 2026-06-10,Paul Palleschi Full Pool,"Martin, Finley",Booked,555-0169-6909,student.59.9@example.test,12,Splash  5,Paul Palleschi Full Pool,We,2026-04-01 4:00 PM,2026-04-01 4:45 PM,496674,45,13,1,11,85%
Splash  5,13,11,We,Splash  5 Demo,4:00 PM - 4:45 PM,496674,From 2026-04-01 to 2026-06-10,Paul Palleschi Full Pool,"Singh, Harper",Booked,555-0169-6910,student.59.10@example.test,3,Splash  5,Paul Palleschi Full Pool,We,2026-04-01 4:00 PM,2026-04-01 4:45 PM,496674,45,13,1,11,85%
Splash  5,13,11,We,Splash  5 Demo,4:00 PM - 4:45 PM,496674,From 2026-04-01 to 2026-06-10,Paul Palleschi Full Pool,"Singh, Jordan",Booked,555-0169-6911,student.59.11@example.test,4,Splash  5,Paul Palleschi Full Pool,We,2026-04-01 4:00 PM,2026-04-01 4:45 PM,496674,45,13,1,11,85%
Splash  5,13,11,We,Splash  5 Demo,4:00 PM - 4:45 PM,496674,From 2026-04-01 to 2026-06-10,Paul Palleschi Full Pool,"Cooper, Kai",Booked,555-0169-6912,student.59.12@example.test,5,Splash  5,Paul Palleschi Full Pool,We,2026-04-01 4:00 PM,2026-04-01 4:45 PM,496674,45,13,1,11,85%
Little Splash 4,6,5,We,Little Splash 4 Demo,4:30 PM - 5:00 PM,463901,From 2026-04-01 to 2026-06-10,Paul Palleschi Full Pool,"Stone, Avery",Booked,555-0170-7000,student.60.0@example.test,3,Little Splash 4,Paul Palleschi Full Pool,We,2026-04-01 4:30 PM,2026-04-01 5:00 PM,463901,30,6,1,5,83%
Little Splash 4,6,5,We,Little Splash 4 Demo,4:30 PM - 5:00 PM,463901,From 2026-04-01 to 2026-06-10,Paul Palleschi Full Pool,"Stone, Blake",Waiting,555-0170-7001,student.60.1@example.test,4,Little Splash 4,Paul Palleschi Full Pool,We,2026-04-01 4:30 PM,2026-04-01 5:00 PM,463901,30,6,1,5,83%
Little Splash 4,6,5,We,Little Splash 4 Demo,4:30 PM - 5:00 PM,463901,From 2026-04-01 to 2026-06-10,Paul Palleschi Full Pool,"Lee, Casey",Booked,555-0170-7002,student.60.2@example.test,5,Little Splash 4,Paul Palleschi Full Pool,We,2026-04-01 4:30 PM,2026-04-01 5:00 PM,463901,30,6,1,5,83%
Little Splash 4,6,5,We,Little Splash 4 Demo,4:30 PM - 5:00 PM,463901,From 2026-04-01 to 2026-06-10,Paul Palleschi Full Pool,"Lee, Drew",Booked,555-0170-7003,student.60.3@example.test,6,Little Splash 4,Paul Palleschi Full Pool,We,2026-04-01 4:30 PM,2026-04-01 5:00 PM,463901,30,6,1,5,83%
Little Splash 4,6,5,We,Little Splash 4 Demo,4:30 PM - 5:00 PM,463901,From 2026-04-01 to 2026-06-10,Paul Palleschi Full Pool,"Martin, Emery",Booked,555-0170-7004,student.60.4@example.test,7,Little Splash 4,Paul Palleschi Full Pool,We,2026-04-01 4:30 PM,2026-04-01 5:00 PM,463901,30,6,1,5,83%
Little Splash 4,6,5,We,Little Splash 4 Demo,4:30 PM - 5:00 PM,463901,From 2026-04-01 to 2026-06-10,Paul Palleschi Full Pool,"Martin, Finley",Booked,555-0170-7005,student.60.5@example.test,8,Little Splash 4,Paul Palleschi Full Pool,We,2026-04-01 4:30 PM,2026-04-01 5:00 PM,463901,30,6,1,5,83%
Splash  3,5,5,We,Splash  3 Demo,4:30 PM - 5:00 PM,471675,From 2026-04-01 to 2026-06-10,Paul Palleschi Full Pool,"Martin, Emery",Booked,555-0171-7100,student.61.0@example.test,3,Splash  3,Paul Palleschi Full Pool,We,2026-04-01 4:30 PM,2026-04-01 5:00 PM,471675,30,5,1,5,100%
Splash  3,5,5,We,Splash  3 Demo,4:30 PM - 5:00 PM,471675,From 2026-04-01 to 2026-06-10,Paul Palleschi Full Pool,"Martin, Finley",Booked,555-0171-7101,student.61.1@example.test,4,Splash  3,Paul Palleschi Full Pool,We,2026-04-01 4:30 PM,2026-04-01 5:00 PM,471675,30,5,1,5,100%
Splash  3,5,5,We,Splash  3 Demo,4:30 PM - 5:00 PM,471675,From 2026-04-01 to 2026-06-10,Paul Palleschi Full Pool,"Singh, Harper",Booked,555-0171-7102,student.61.2@example.test,5,Splash  3,Paul Palleschi Full Pool,We,2026-04-01 4:30 PM,2026-04-01 5:00 PM,471675,30,5,1,5,100%
Splash  3,5,5,We,Splash  3 Demo,4:30 PM - 5:00 PM,471675,From 2026-04-01 to 2026-06-10,Paul Palleschi Full Pool,"Singh, Jordan",Booked,555-0171-7103,student.61.3@example.test,6,Splash  3,Paul Palleschi Full Pool,We,2026-04-01 4:30 PM,2026-04-01 5:00 PM,471675,30,5,1,5,100%
Splash  3,5,5,We,Splash  3 Demo,4:30 PM - 5:00 PM,471675,From 2026-04-01 to 2026-06-10,Paul Palleschi Full Pool,"Cooper, Kai",Booked,555-0171-7104,student.61.4@example.test,7,Splash  3,Paul Palleschi Full Pool,We,2026-04-01 4:30 PM,2026-04-01 5:00 PM,471675,30,5,1,5,100%
Splash  6,9,9,We,Splash  6 Demo,4:45 PM - 5:30 PM,471583,From 2026-04-01 to 2026-06-10,Paul Palleschi Full Pool,"Cooper, Kai",Booked,555-0172-7200,student.62.0@example.test,3,Splash  6,Paul Palleschi Full Pool,We,2026-04-01 4:45 PM,2026-04-01 5:30 PM,471583,45,9,1,9,100%
Splash  6,9,9,We,Splash  6 Demo,4:45 PM - 5:30 PM,471583,From 2026-04-01 to 2026-06-10,Paul Palleschi Full Pool,"Cooper, Logan",Booked,555-0172-7201,student.62.1@example.test,4,Splash  6,Paul Palleschi Full Pool,We,2026-04-01 4:45 PM,2026-04-01 5:30 PM,471583,45,9,1,9,100%
Splash  6,9,9,We,Splash  6 Demo,4:45 PM - 5:30 PM,471583,From 2026-04-01 to 2026-06-10,Paul Palleschi Full Pool,"Walker, Maya",Booked,555-0172-7202,student.62.2@example.test,5,Splash  6,Paul Palleschi Full Pool,We,2026-04-01 4:45 PM,2026-04-01 5:30 PM,471583,45,9,1,9,100%
Splash  6,9,9,We,Splash  6 Demo,4:45 PM - 5:30 PM,471583,From 2026-04-01 to 2026-06-10,Paul Palleschi Full Pool,"Walker, Noah",Booked,555-0172-7203,student.62.3@example.test,6,Splash  6,Paul Palleschi Full Pool,We,2026-04-01 4:45 PM,2026-04-01 5:30 PM,471583,45,9,1,9,100%
Splash  6,9,9,We,Splash  6 Demo,4:45 PM - 5:30 PM,471583,From 2026-04-01 to 2026-06-10,Paul Palleschi Full Pool,"Young, Avery",Booked,555-0172-7204,student.62.4@example.test,7,Splash  6,Paul Palleschi Full Pool,We,2026-04-01 4:45 PM,2026-04-01 5:30 PM,471583,45,9,1,9,100%
Splash  6,9,9,We,Splash  6 Demo,4:45 PM - 5:30 PM,471583,From 2026-04-01 to 2026-06-10,Paul Palleschi Full Pool,"Young, Blake",Booked,555-0172-7205,student.62.5@example.test,8,Splash  6,Paul Palleschi Full Pool,We,2026-04-01 4:45 PM,2026-04-01 5:30 PM,471583,45,9,1,9,100%
Splash  6,9,9,We,Splash  6 Demo,4:45 PM - 5:30 PM,471583,From 2026-04-01 to 2026-06-10,Paul Palleschi Full Pool,"Hall, Casey",Booked,555-0172-7206,student.62.6@example.test,9,Splash  6,Paul Palleschi Full Pool,We,2026-04-01 4:45 PM,2026-04-01 5:30 PM,471583,45,9,1,9,100%
Splash  6,9,9,We,Splash  6 Demo,4:45 PM - 5:30 PM,471583,From 2026-04-01 to 2026-06-10,Paul Palleschi Full Pool,"Hall, Drew",Booked,555-0172-7207,student.62.7@example.test,10,Splash  6,Paul Palleschi Full Pool,We,2026-04-01 4:45 PM,2026-04-01 5:30 PM,471583,45,9,1,9,100%
Splash  6,9,9,We,Splash  6 Demo,4:45 PM - 5:30 PM,471583,From 2026-04-01 to 2026-06-10,Paul Palleschi Full Pool,"Allen, Emery",Booked,555-0172-7208,student.62.8@example.test,11,Splash  6,Paul Palleschi Full Pool,We,2026-04-01 4:45 PM,2026-04-01 5:30 PM,471583,45,9,1,9,100%
Little Splash 3,8,5,We,Little Splash 3 Demo,5:00 PM - 5:30 PM,463821,From 2026-04-01 to 2026-06-10,Paul Palleschi Full Pool,"Young, Avery",Waiting,555-0173-7300,student.63.0@example.test,3,Little Splash 3,Paul Palleschi Full Pool,We,2026-04-01 5:00 PM,2026-04-01 5:30 PM,463821,30,8,1,5,62%
Little Splash 3,8,5,We,Little Splash 3 Demo,5:00 PM - 5:30 PM,463821,From 2026-04-01 to 2026-06-10,Paul Palleschi Full Pool,"Young, Blake",Waiting,555-0173-7301,student.63.1@example.test,4,Little Splash 3,Paul Palleschi Full Pool,We,2026-04-01 5:00 PM,2026-04-01 5:30 PM,463821,30,8,1,5,62%
Little Splash 3,8,5,We,Little Splash 3 Demo,5:00 PM - 5:30 PM,463821,From 2026-04-01 to 2026-06-10,Paul Palleschi Full Pool,"Hall, Casey",Booked,555-0173-7302,student.63.2@example.test,5,Little Splash 3,Paul Palleschi Full Pool,We,2026-04-01 5:00 PM,2026-04-01 5:30 PM,463821,30,8,1,5,62%
Little Splash 3,8,5,We,Little Splash 3 Demo,5:00 PM - 5:30 PM,463821,From 2026-04-01 to 2026-06-10,Paul Palleschi Full Pool,"Hall, Drew",Booked,555-0173-7303,student.63.3@example.test,6,Little Splash 3,Paul Palleschi Full Pool,We,2026-04-01 5:00 PM,2026-04-01 5:30 PM,463821,30,8,1,5,62%
Little Splash 3,8,5,We,Little Splash 3 Demo,5:00 PM - 5:30 PM,463821,From 2026-04-01 to 2026-06-10,Paul Palleschi Full Pool,"Allen, Emery",Booked,555-0173-7304,student.63.4@example.test,7,Little Splash 3,Paul Palleschi Full Pool,We,2026-04-01 5:00 PM,2026-04-01 5:30 PM,463821,30,8,1,5,62%
Little Splash 3,8,5,We,Little Splash 3 Demo,5:00 PM - 5:30 PM,463821,From 2026-04-01 to 2026-06-10,Paul Palleschi Full Pool,"Allen, Finley",Waiting,555-0173-7305,student.63.5@example.test,8,Little Splash 3,Paul Palleschi Full Pool,We,2026-04-01 5:00 PM,2026-04-01 5:30 PM,463821,30,8,1,5,62%
Little Splash 3,8,5,We,Little Splash 3 Demo,5:00 PM - 5:30 PM,463821,From 2026-04-01 to 2026-06-10,Paul Palleschi Full Pool,"Wright, Harper",Booked,555-0173-7306,student.63.6@example.test,9,Little Splash 3,Paul Palleschi Full Pool,We,2026-04-01 5:00 PM,2026-04-01 5:30 PM,463821,30,8,1,5,62%
Little Splash 3,8,5,We,Little Splash 3 Demo,5:00 PM - 5:30 PM,463821,From 2026-04-01 to 2026-06-10,Paul Palleschi Full Pool,"Wright, Jordan",Booked,555-0173-7307,student.63.7@example.test,10,Little Splash 3,Paul Palleschi Full Pool,We,2026-04-01 5:00 PM,2026-04-01 5:30 PM,463821,30,8,1,5,62%
Splash  2B,5,5,We,Splash  2B Demo,5:00 PM - 5:30 PM,471280,From 2026-04-01 to 2026-06-10,Paul Palleschi Full Pool,"Allen, Emery",Booked,555-0174-7400,student.64.0@example.test,3,Splash  2B,Paul Palleschi Full Pool,We,2026-04-01 5:00 PM,2026-04-01 5:30 PM,471280,30,5,1,5,100%
Splash  2B,5,5,We,Splash  2B Demo,5:00 PM - 5:30 PM,471280,From 2026-04-01 to 2026-06-10,Paul Palleschi Full Pool,"Allen, Finley",Booked,555-0174-7401,student.64.1@example.test,4,Splash  2B,Paul Palleschi Full Pool,We,2026-04-01 5:00 PM,2026-04-01 5:30 PM,471280,30,5,1,5,100%
Splash  2B,5,5,We,Splash  2B Demo,5:00 PM - 5:30 PM,471280,From 2026-04-01 to 2026-06-10,Paul Palleschi Full Pool,"Wright, Harper",Booked,555-0174-7402,student.64.2@example.test,5,Splash  2B,Paul Palleschi Full Pool,We,2026-04-01 5:00 PM,2026-04-01 5:30 PM,471280,30,5,1,5,100%
Splash  2B,5,5,We,Splash  2B Demo,5:00 PM - 5:30 PM,471280,From 2026-04-01 to 2026-06-10,Paul Palleschi Full Pool,"Wright, Jordan",Booked,555-0174-7403,student.64.3@example.test,6,Splash  2B,Paul Palleschi Full Pool,We,2026-04-01 5:00 PM,2026-04-01 5:30 PM,471280,30,5,1,5,100%
Splash  2B,5,5,We,Splash  2B Demo,5:00 PM - 5:30 PM,471280,From 2026-04-01 to 2026-06-10,Paul Palleschi Full Pool,"King, Kai",Booked,555-0174-7404,student.64.4@example.test,7,Splash  2B,Paul Palleschi Full Pool,We,2026-04-01 5:00 PM,2026-04-01 5:30 PM,471280,30,5,1,5,100%
Splash  2B,5,5,We,Splash  2B Demo,5:00 PM - 5:30 PM,505389,From 2026-04-01 to 2026-06-10,Paul Palleschi Full Pool,"King, Kai",Booked,555-0175-7500,student.65.0@example.test,3,Splash  2B,Paul Palleschi Full Pool,We,2026-04-01 5:00 PM,2026-04-01 5:30 PM,505389,30,5,1,5,100%
Splash  2B,5,5,We,Splash  2B Demo,5:00 PM - 5:30 PM,505389,From 2026-04-01 to 2026-06-10,Paul Palleschi Full Pool,"King, Logan",Booked,555-0175-7501,student.65.1@example.test,4,Splash  2B,Paul Palleschi Full Pool,We,2026-04-01 5:00 PM,2026-04-01 5:30 PM,505389,30,5,1,5,100%
Splash  2B,5,5,We,Splash  2B Demo,5:00 PM - 5:30 PM,505389,From 2026-04-01 to 2026-06-10,Paul Palleschi Full Pool,"Scott, Maya",Booked,555-0175-7502,student.65.2@example.test,5,Splash  2B,Paul Palleschi Full Pool,We,2026-04-01 5:00 PM,2026-04-01 5:30 PM,505389,30,5,1,5,100%
Splash  2B,5,5,We,Splash  2B Demo,5:00 PM - 5:30 PM,505389,From 2026-04-01 to 2026-06-10,Paul Palleschi Full Pool,"Scott, Noah",Booked,555-0175-7503,student.65.3@example.test,6,Splash  2B,Paul Palleschi Full Pool,We,2026-04-01 5:00 PM,2026-04-01 5:30 PM,505389,30,5,1,5,100%
Splash  2B,5,5,We,Splash  2B Demo,5:00 PM - 5:30 PM,505389,From 2026-04-01 to 2026-06-10,Paul Palleschi Full Pool,"Stone, Avery",Booked,555-0175-7504,student.65.4@example.test,7,Splash  2B,Paul Palleschi Full Pool,We,2026-04-01 5:00 PM,2026-04-01 5:30 PM,505389,30,5,1,5,100%
Little Splash 2,7,5,We,Little Splash 2 Demo,5:00 PM - 5:30 PM,505390,From 2026-04-01 to 2026-06-10,Paul Palleschi Full Pool,"Stone, Avery",Booked,555-0176-7600,student.66.0@example.test,3,Little Splash 2,Paul Palleschi Full Pool,We,2026-04-01 5:00 PM,2026-04-01 5:30 PM,505390,30,7,1,5,71%
Little Splash 2,7,5,We,Little Splash 2 Demo,5:00 PM - 5:30 PM,505390,From 2026-04-01 to 2026-06-10,Paul Palleschi Full Pool,"Stone, Blake",Booked,555-0176-7601,student.66.1@example.test,4,Little Splash 2,Paul Palleschi Full Pool,We,2026-04-01 5:00 PM,2026-04-01 5:30 PM,505390,30,7,1,5,71%
Little Splash 2,7,5,We,Little Splash 2 Demo,5:00 PM - 5:30 PM,505390,From 2026-04-01 to 2026-06-10,Paul Palleschi Full Pool,"Lee, Casey",Booked,555-0176-7602,student.66.2@example.test,5,Little Splash 2,Paul Palleschi Full Pool,We,2026-04-01 5:00 PM,2026-04-01 5:30 PM,505390,30,7,1,5,71%
Little Splash 2,7,5,We,Little Splash 2 Demo,5:00 PM - 5:30 PM,505390,From 2026-04-01 to 2026-06-10,Paul Palleschi Full Pool,"Lee, Drew",Booked,555-0176-7603,student.66.3@example.test,6,Little Splash 2,Paul Palleschi Full Pool,We,2026-04-01 5:00 PM,2026-04-01 5:30 PM,505390,30,7,1,5,71%
Little Splash 2,7,5,We,Little Splash 2 Demo,5:00 PM - 5:30 PM,505390,From 2026-04-01 to 2026-06-10,Paul Palleschi Full Pool,"Martin, Emery",Waiting,555-0176-7604,student.66.4@example.test,7,Little Splash 2,Paul Palleschi Full Pool,We,2026-04-01 5:00 PM,2026-04-01 5:30 PM,505390,30,7,1,5,71%
Little Splash 2,7,5,We,Little Splash 2 Demo,5:00 PM - 5:30 PM,505390,From 2026-04-01 to 2026-06-10,Paul Palleschi Full Pool,"Martin, Finley",Waiting,555-0176-7605,student.66.5@example.test,8,Little Splash 2,Paul Palleschi Full Pool,We,2026-04-01 5:00 PM,2026-04-01 5:30 PM,505390,30,7,1,5,71%
Little Splash 2,7,5,We,Little Splash 2 Demo,5:00 PM - 5:30 PM,505390,From 2026-04-01 to 2026-06-10,Paul Palleschi Full Pool,"Singh, Harper",Booked,555-0176-7606,student.66.6@example.test,9,Little Splash 2,Paul Palleschi Full Pool,We,2026-04-01 5:00 PM,2026-04-01 5:30 PM,505390,30,7,1,5,71%
Little Splash 1,4,4,We,Little Splash 1 Demo,5:30 PM - 6:00 PM,457510,From 2026-04-01 to 2026-06-10,Paul Palleschi Full Pool,"Martin, Emery",Booked,555-0177-7700,student.67.0@example.test,3,Little Splash 1,Paul Palleschi Full Pool,We,2026-04-01 5:30 PM,2026-04-01 6:00 PM,457510,30,4,1,4,100%
Little Splash 1,4,4,We,Little Splash 1 Demo,5:30 PM - 6:00 PM,457510,From 2026-04-01 to 2026-06-10,Paul Palleschi Full Pool,"Martin, Finley",Booked,555-0177-7701,student.67.1@example.test,4,Little Splash 1,Paul Palleschi Full Pool,We,2026-04-01 5:30 PM,2026-04-01 6:00 PM,457510,30,4,1,4,100%
Little Splash 1,4,4,We,Little Splash 1 Demo,5:30 PM - 6:00 PM,457510,From 2026-04-01 to 2026-06-10,Paul Palleschi Full Pool,"Singh, Harper",Booked,555-0177-7702,student.67.2@example.test,5,Little Splash 1,Paul Palleschi Full Pool,We,2026-04-01 5:30 PM,2026-04-01 6:00 PM,457510,30,4,1,4,100%
Little Splash 1,4,4,We,Little Splash 1 Demo,5:30 PM - 6:00 PM,457510,From 2026-04-01 to 2026-06-10,Paul Palleschi Full Pool,"Singh, Jordan",Booked,555-0177-7703,student.67.3@example.test,6,Little Splash 1,Paul Palleschi Full Pool,We,2026-04-01 5:30 PM,2026-04-01 6:00 PM,457510,30,4,1,4,100%
Little Splash 3,7,5,We,Little Splash 3 Demo,5:30 PM - 6:00 PM,463824,From 2026-04-01 to 2026-06-10,Paul Palleschi Full Pool,"Cooper, Kai",Booked,555-0178-7800,student.68.0@example.test,3,Little Splash 3,Paul Palleschi Full Pool,We,2026-04-01 5:30 PM,2026-04-01 6:00 PM,463824,30,7,1,5,71%
Little Splash 3,7,5,We,Little Splash 3 Demo,5:30 PM - 6:00 PM,463824,From 2026-04-01 to 2026-06-10,Paul Palleschi Full Pool,"Cooper, Logan",Booked,555-0178-7801,student.68.1@example.test,4,Little Splash 3,Paul Palleschi Full Pool,We,2026-04-01 5:30 PM,2026-04-01 6:00 PM,463824,30,7,1,5,71%
Little Splash 3,7,5,We,Little Splash 3 Demo,5:30 PM - 6:00 PM,463824,From 2026-04-01 to 2026-06-10,Paul Palleschi Full Pool,"Walker, Maya",Waiting,555-0178-7802,student.68.2@example.test,5,Little Splash 3,Paul Palleschi Full Pool,We,2026-04-01 5:30 PM,2026-04-01 6:00 PM,463824,30,7,1,5,71%
Little Splash 3,7,5,We,Little Splash 3 Demo,5:30 PM - 6:00 PM,463824,From 2026-04-01 to 2026-06-10,Paul Palleschi Full Pool,"Walker, Noah",Booked,555-0178-7803,student.68.3@example.test,6,Little Splash 3,Paul Palleschi Full Pool,We,2026-04-01 5:30 PM,2026-04-01 6:00 PM,463824,30,7,1,5,71%
Little Splash 3,7,5,We,Little Splash 3 Demo,5:30 PM - 6:00 PM,463824,From 2026-04-01 to 2026-06-10,Paul Palleschi Full Pool,"Young, Avery",Waiting,555-0178-7804,student.68.4@example.test,7,Little Splash 3,Paul Palleschi Full Pool,We,2026-04-01 5:30 PM,2026-04-01 6:00 PM,463824,30,7,1,5,71%
Little Splash 3,7,5,We,Little Splash 3 Demo,5:30 PM - 6:00 PM,463824,From 2026-04-01 to 2026-06-10,Paul Palleschi Full Pool,"Young, Blake",Booked,555-0178-7805,student.68.5@example.test,8,Little Splash 3,Paul Palleschi Full Pool,We,2026-04-01 5:30 PM,2026-04-01 6:00 PM,463824,30,7,1,5,71%
Little Splash 3,7,5,We,Little Splash 3 Demo,5:30 PM - 6:00 PM,463824,From 2026-04-01 to 2026-06-10,Paul Palleschi Full Pool,"Hall, Casey",Booked,555-0178-7806,student.68.6@example.test,9,Little Splash 3,Paul Palleschi Full Pool,We,2026-04-01 5:30 PM,2026-04-01 6:00 PM,463824,30,7,1,5,71%
Splash  2A,9,6,We,Splash  2A Demo,5:30 PM - 6:00 PM,471161,From 2026-04-01 to 2026-06-10,Paul Palleschi Full Pool,"Young, Avery",Booked,555-0179-7900,student.69.0@example.test,3,Splash  2A,Paul Palleschi Full Pool,We,2026-04-01 5:30 PM,2026-04-01 6:00 PM,471161,30,9,1,6,67%
Splash  2A,9,6,We,Splash  2A Demo,5:30 PM - 6:00 PM,471161,From 2026-04-01 to 2026-06-10,Paul Palleschi Full Pool,"Young, Blake",Booked,555-0179-7901,student.69.1@example.test,4,Splash  2A,Paul Palleschi Full Pool,We,2026-04-01 5:30 PM,2026-04-01 6:00 PM,471161,30,9,1,6,67%
Splash  2A,9,6,We,Splash  2A Demo,5:30 PM - 6:00 PM,471161,From 2026-04-01 to 2026-06-10,Paul Palleschi Full Pool,"Hall, Casey",Waiting,555-0179-7902,student.69.2@example.test,5,Splash  2A,Paul Palleschi Full Pool,We,2026-04-01 5:30 PM,2026-04-01 6:00 PM,471161,30,9,1,6,67%
Splash  2A,9,6,We,Splash  2A Demo,5:30 PM - 6:00 PM,471161,From 2026-04-01 to 2026-06-10,Paul Palleschi Full Pool,"Hall, Drew",Waiting,555-0179-7903,student.69.3@example.test,6,Splash  2A,Paul Palleschi Full Pool,We,2026-04-01 5:30 PM,2026-04-01 6:00 PM,471161,30,9,1,6,67%
Splash  2A,9,6,We,Splash  2A Demo,5:30 PM - 6:00 PM,471161,From 2026-04-01 to 2026-06-10,Paul Palleschi Full Pool,"Allen, Emery",Booked,555-0179-7904,student.69.4@example.test,7,Splash  2A,Paul Palleschi Full Pool,We,2026-04-01 5:30 PM,2026-04-01 6:00 PM,471161,30,9,1,6,67%
Splash  2A,9,6,We,Splash  2A Demo,5:30 PM - 6:00 PM,471161,From 2026-04-01 to 2026-06-10,Paul Palleschi Full Pool,"Allen, Finley",Booked,555-0179-7905,student.69.5@example.test,8,Splash  2A,Paul Palleschi Full Pool,We,2026-04-01 5:30 PM,2026-04-01 6:00 PM,471161,30,9,1,6,67%
Splash  2A,9,6,We,Splash  2A Demo,5:30 PM - 6:00 PM,471161,From 2026-04-01 to 2026-06-10,Paul Palleschi Full Pool,"Wright, Harper",Booked,555-0179-7906,student.69.6@example.test,9,Splash  2A,Paul Palleschi Full Pool,We,2026-04-01 5:30 PM,2026-04-01 6:00 PM,471161,30,9,1,6,67%
Splash  2A,9,6,We,Splash  2A Demo,5:30 PM - 6:00 PM,471161,From 2026-04-01 to 2026-06-10,Paul Palleschi Full Pool,"Wright, Jordan",Booked,555-0179-7907,student.69.7@example.test,10,Splash  2A,Paul Palleschi Full Pool,We,2026-04-01 5:30 PM,2026-04-01 6:00 PM,471161,30,9,1,6,67%
Splash  2A,9,6,We,Splash  2A Demo,5:30 PM - 6:00 PM,471161,From 2026-04-01 to 2026-06-10,Paul Palleschi Full Pool,"King, Kai",Waiting,555-0179-7908,student.69.8@example.test,11,Splash  2A,Paul Palleschi Full Pool,We,2026-04-01 5:30 PM,2026-04-01 6:00 PM,471161,30,9,1,6,67%
Splash  3,5,5,We,Splash  3 Demo,5:30 PM - 6:00 PM,471679,From 2026-04-01 to 2026-06-10,Paul Palleschi Full Pool,"Allen, Emery",Booked,555-0180-8000,student.70.0@example.test,3,Splash  3,Paul Palleschi Full Pool,We,2026-04-01 5:30 PM,2026-04-01 6:00 PM,471679,30,5,1,5,100%
Splash  3,5,5,We,Splash  3 Demo,5:30 PM - 6:00 PM,471679,From 2026-04-01 to 2026-06-10,Paul Palleschi Full Pool,"Allen, Finley",Booked,555-0180-8001,student.70.1@example.test,4,Splash  3,Paul Palleschi Full Pool,We,2026-04-01 5:30 PM,2026-04-01 6:00 PM,471679,30,5,1,5,100%
Splash  3,5,5,We,Splash  3 Demo,5:30 PM - 6:00 PM,471679,From 2026-04-01 to 2026-06-10,Paul Palleschi Full Pool,"Wright, Harper",Booked,555-0180-8002,student.70.2@example.test,5,Splash  3,Paul Palleschi Full Pool,We,2026-04-01 5:30 PM,2026-04-01 6:00 PM,471679,30,5,1,5,100%
Splash  3,5,5,We,Splash  3 Demo,5:30 PM - 6:00 PM,471679,From 2026-04-01 to 2026-06-10,Paul Palleschi Full Pool,"Wright, Jordan",Booked,555-0180-8003,student.70.3@example.test,6,Splash  3,Paul Palleschi Full Pool,We,2026-04-01 5:30 PM,2026-04-01 6:00 PM,471679,30,5,1,5,100%
Splash  3,5,5,We,Splash  3 Demo,5:30 PM - 6:00 PM,471679,From 2026-04-01 to 2026-06-10,Paul Palleschi Full Pool,"King, Kai",Booked,555-0180-8004,student.70.4@example.test,7,Splash  3,Paul Palleschi Full Pool,We,2026-04-01 5:30 PM,2026-04-01 6:00 PM,471679,30,5,1,5,100%
Splash  4,9,9,We,Splash  4 Demo,5:30 PM - 6:00 PM,471705,From 2026-04-01 to 2026-06-10,Paul Palleschi Full Pool,"King, Kai",Booked,555-0181-8100,student.71.0@example.test,3,Splash  4,Paul Palleschi Full Pool,We,2026-04-01 5:30 PM,2026-04-01 6:00 PM,471705,30,9,1,9,100%
Splash  4,9,9,We,Splash  4 Demo,5:30 PM - 6:00 PM,471705,From 2026-04-01 to 2026-06-10,Paul Palleschi Full Pool,"King, Logan",Booked,555-0181-8101,student.71.1@example.test,4,Splash  4,Paul Palleschi Full Pool,We,2026-04-01 5:30 PM,2026-04-01 6:00 PM,471705,30,9,1,9,100%
Splash  4,9,9,We,Splash  4 Demo,5:30 PM - 6:00 PM,471705,From 2026-04-01 to 2026-06-10,Paul Palleschi Full Pool,"Scott, Maya",Booked,555-0181-8102,student.71.2@example.test,5,Splash  4,Paul Palleschi Full Pool,We,2026-04-01 5:30 PM,2026-04-01 6:00 PM,471705,30,9,1,9,100%
Splash  4,9,9,We,Splash  4 Demo,5:30 PM - 6:00 PM,471705,From 2026-04-01 to 2026-06-10,Paul Palleschi Full Pool,"Scott, Noah",Booked,555-0181-8103,student.71.3@example.test,6,Splash  4,Paul Palleschi Full Pool,We,2026-04-01 5:30 PM,2026-04-01 6:00 PM,471705,30,9,1,9,100%
Splash  4,9,9,We,Splash  4 Demo,5:30 PM - 6:00 PM,471705,From 2026-04-01 to 2026-06-10,Paul Palleschi Full Pool,"Stone, Avery",Booked,555-0181-8104,student.71.4@example.test,7,Splash  4,Paul Palleschi Full Pool,We,2026-04-01 5:30 PM,2026-04-01 6:00 PM,471705,30,9,1,9,100%
Splash  4,9,9,We,Splash  4 Demo,5:30 PM - 6:00 PM,471705,From 2026-04-01 to 2026-06-10,Paul Palleschi Full Pool,"Stone, Blake",Booked,555-0181-8105,student.71.5@example.test,8,Splash  4,Paul Palleschi Full Pool,We,2026-04-01 5:30 PM,2026-04-01 6:00 PM,471705,30,9,1,9,100%
Splash  4,9,9,We,Splash  4 Demo,5:30 PM - 6:00 PM,471705,From 2026-04-01 to 2026-06-10,Paul Palleschi Full Pool,"Lee, Casey",Booked,555-0181-8106,student.71.6@example.test,9,Splash  4,Paul Palleschi Full Pool,We,2026-04-01 5:30 PM,2026-04-01 6:00 PM,471705,30,9,1,9,100%
Splash  4,9,9,We,Splash  4 Demo,5:30 PM - 6:00 PM,471705,From 2026-04-01 to 2026-06-10,Paul Palleschi Full Pool,"Lee, Drew",Booked,555-0181-8107,student.71.7@example.test,10,Splash  4,Paul Palleschi Full Pool,We,2026-04-01 5:30 PM,2026-04-01 6:00 PM,471705,30,9,1,9,100%
Splash  4,9,9,We,Splash  4 Demo,5:30 PM - 6:00 PM,471705,From 2026-04-01 to 2026-06-10,Paul Palleschi Full Pool,"Martin, Emery",Booked,555-0181-8108,student.71.8@example.test,11,Splash  4,Paul Palleschi Full Pool,We,2026-04-01 5:30 PM,2026-04-01 6:00 PM,471705,30,9,1,9,100%
Little Splash 3,9,5,We,Little Splash 3 Demo,6:00 PM - 6:30 PM,463826,From 2026-04-01 to 2026-06-10,Paul Palleschi Full Pool,"Stone, Avery",Waiting,555-0182-8200,student.72.0@example.test,3,Little Splash 3,Paul Palleschi Full Pool,We,2026-04-01 6:00 PM,2026-04-01 6:30 PM,463826,30,9,1,5,56%
Little Splash 3,9,5,We,Little Splash 3 Demo,6:00 PM - 6:30 PM,463826,From 2026-04-01 to 2026-06-10,Paul Palleschi Full Pool,"Stone, Blake",Booked,555-0182-8201,student.72.1@example.test,4,Little Splash 3,Paul Palleschi Full Pool,We,2026-04-01 6:00 PM,2026-04-01 6:30 PM,463826,30,9,1,5,56%
Little Splash 3,9,5,We,Little Splash 3 Demo,6:00 PM - 6:30 PM,463826,From 2026-04-01 to 2026-06-10,Paul Palleschi Full Pool,"Lee, Casey",Booked,555-0182-8202,student.72.2@example.test,5,Little Splash 3,Paul Palleschi Full Pool,We,2026-04-01 6:00 PM,2026-04-01 6:30 PM,463826,30,9,1,5,56%
Little Splash 3,9,5,We,Little Splash 3 Demo,6:00 PM - 6:30 PM,463826,From 2026-04-01 to 2026-06-10,Paul Palleschi Full Pool,"Lee, Drew",Booked,555-0182-8203,student.72.3@example.test,6,Little Splash 3,Paul Palleschi Full Pool,We,2026-04-01 6:00 PM,2026-04-01 6:30 PM,463826,30,9,1,5,56%
Little Splash 3,9,5,We,Little Splash 3 Demo,6:00 PM - 6:30 PM,463826,From 2026-04-01 to 2026-06-10,Paul Palleschi Full Pool,"Martin, Emery",Booked,555-0182-8204,student.72.4@example.test,7,Little Splash 3,Paul Palleschi Full Pool,We,2026-04-01 6:00 PM,2026-04-01 6:30 PM,463826,30,9,1,5,56%
Little Splash 3,9,5,We,Little Splash 3 Demo,6:00 PM - 6:30 PM,463826,From 2026-04-01 to 2026-06-10,Paul Palleschi Full Pool,"Martin, Finley",Waiting,555-0182-8205,student.72.5@example.test,8,Little Splash 3,Paul Palleschi Full Pool,We,2026-04-01 6:00 PM,2026-04-01 6:30 PM,463826,30,9,1,5,56%
Little Splash 3,9,5,We,Little Splash 3 Demo,6:00 PM - 6:30 PM,463826,From 2026-04-01 to 2026-06-10,Paul Palleschi Full Pool,"Singh, Harper",Waiting,555-0182-8206,student.72.6@example.test,9,Little Splash 3,Paul Palleschi Full Pool,We,2026-04-01 6:00 PM,2026-04-01 6:30 PM,463826,30,9,1,5,56%
Little Splash 3,9,5,We,Little Splash 3 Demo,6:00 PM - 6:30 PM,463826,From 2026-04-01 to 2026-06-10,Paul Palleschi Full Pool,"Singh, Jordan",Booked,555-0182-8207,student.72.7@example.test,10,Little Splash 3,Paul Palleschi Full Pool,We,2026-04-01 6:00 PM,2026-04-01 6:30 PM,463826,30,9,1,5,56%
Little Splash 3,9,5,We,Little Splash 3 Demo,6:00 PM - 6:30 PM,463826,From 2026-04-01 to 2026-06-10,Paul Palleschi Full Pool,"Cooper, Kai",Waiting,555-0182-8208,student.72.8@example.test,11,Little Splash 3,Paul Palleschi Full Pool,We,2026-04-01 6:00 PM,2026-04-01 6:30 PM,463826,30,9,1,5,56%
Splash  2A,7,6,We,Splash  2A Demo,6:00 PM - 6:30 PM,471165,From 2026-04-01 to 2026-06-10,Paul Palleschi Full Pool,"Martin, Emery",Waiting,555-0183-8300,student.73.0@example.test,3,Splash  2A,Paul Palleschi Full Pool,We,2026-04-01 6:00 PM,2026-04-01 6:30 PM,471165,30,7,1,6,86%
Splash  2A,7,6,We,Splash  2A Demo,6:00 PM - 6:30 PM,471165,From 2026-04-01 to 2026-06-10,Paul Palleschi Full Pool,"Martin, Finley",Booked,555-0183-8301,student.73.1@example.test,4,Splash  2A,Paul Palleschi Full Pool,We,2026-04-01 6:00 PM,2026-04-01 6:30 PM,471165,30,7,1,6,86%
Splash  2A,7,6,We,Splash  2A Demo,6:00 PM - 6:30 PM,471165,From 2026-04-01 to 2026-06-10,Paul Palleschi Full Pool,"Singh, Harper",Booked,555-0183-8302,student.73.2@example.test,5,Splash  2A,Paul Palleschi Full Pool,We,2026-04-01 6:00 PM,2026-04-01 6:30 PM,471165,30,7,1,6,86%
Splash  2A,7,6,We,Splash  2A Demo,6:00 PM - 6:30 PM,471165,From 2026-04-01 to 2026-06-10,Paul Palleschi Full Pool,"Singh, Jordan",Booked,555-0183-8303,student.73.3@example.test,6,Splash  2A,Paul Palleschi Full Pool,We,2026-04-01 6:00 PM,2026-04-01 6:30 PM,471165,30,7,1,6,86%
Splash  2A,7,6,We,Splash  2A Demo,6:00 PM - 6:30 PM,471165,From 2026-04-01 to 2026-06-10,Paul Palleschi Full Pool,"Cooper, Kai",Booked,555-0183-8304,student.73.4@example.test,7,Splash  2A,Paul Palleschi Full Pool,We,2026-04-01 6:00 PM,2026-04-01 6:30 PM,471165,30,7,1,6,86%
Splash  2A,7,6,We,Splash  2A Demo,6:00 PM - 6:30 PM,471165,From 2026-04-01 to 2026-06-10,Paul Palleschi Full Pool,"Cooper, Logan",Booked,555-0183-8305,student.73.5@example.test,8,Splash  2A,Paul Palleschi Full Pool,We,2026-04-01 6:00 PM,2026-04-01 6:30 PM,471165,30,7,1,6,86%
Splash  2A,7,6,We,Splash  2A Demo,6:00 PM - 6:30 PM,471165,From 2026-04-01 to 2026-06-10,Paul Palleschi Full Pool,"Walker, Maya",Booked,555-0183-8306,student.73.6@example.test,9,Splash  2A,Paul Palleschi Full Pool,We,2026-04-01 6:00 PM,2026-04-01 6:30 PM,471165,30,7,1,6,86%
Splash  2B,8,6,We,Splash  2B Demo,6:00 PM - 6:30 PM,471329,From 2026-04-01 to 2026-06-10,Paul Palleschi Full Pool,"Cooper, Kai",Waiting,555-0184-8400,student.74.0@example.test,3,Splash  2B,Paul Palleschi Full Pool,We,2026-04-01 6:00 PM,2026-04-01 6:30 PM,471329,30,8,1,6,75%
Splash  2B,8,6,We,Splash  2B Demo,6:00 PM - 6:30 PM,471329,From 2026-04-01 to 2026-06-10,Paul Palleschi Full Pool,"Cooper, Logan",Booked,555-0184-8401,student.74.1@example.test,4,Splash  2B,Paul Palleschi Full Pool,We,2026-04-01 6:00 PM,2026-04-01 6:30 PM,471329,30,8,1,6,75%
Splash  2B,8,6,We,Splash  2B Demo,6:00 PM - 6:30 PM,471329,From 2026-04-01 to 2026-06-10,Paul Palleschi Full Pool,"Walker, Maya",Waiting,555-0184-8402,student.74.2@example.test,5,Splash  2B,Paul Palleschi Full Pool,We,2026-04-01 6:00 PM,2026-04-01 6:30 PM,471329,30,8,1,6,75%
Splash  2B,8,6,We,Splash  2B Demo,6:00 PM - 6:30 PM,471329,From 2026-04-01 to 2026-06-10,Paul Palleschi Full Pool,"Walker, Noah",Booked,555-0184-8403,student.74.3@example.test,6,Splash  2B,Paul Palleschi Full Pool,We,2026-04-01 6:00 PM,2026-04-01 6:30 PM,471329,30,8,1,6,75%
Splash  2B,8,6,We,Splash  2B Demo,6:00 PM - 6:30 PM,471329,From 2026-04-01 to 2026-06-10,Paul Palleschi Full Pool,"Young, Avery",Booked,555-0184-8404,student.74.4@example.test,7,Splash  2B,Paul Palleschi Full Pool,We,2026-04-01 6:00 PM,2026-04-01 6:30 PM,471329,30,8,1,6,75%
Splash  2B,8,6,We,Splash  2B Demo,6:00 PM - 6:30 PM,471329,From 2026-04-01 to 2026-06-10,Paul Palleschi Full Pool,"Young, Blake",Booked,555-0184-8405,student.74.5@example.test,8,Splash  2B,Paul Palleschi Full Pool,We,2026-04-01 6:00 PM,2026-04-01 6:30 PM,471329,30,8,1,6,75%
Splash  2B,8,6,We,Splash  2B Demo,6:00 PM - 6:30 PM,471329,From 2026-04-01 to 2026-06-10,Paul Palleschi Full Pool,"Hall, Casey",Booked,555-0184-8406,student.74.6@example.test,9,Splash  2B,Paul Palleschi Full Pool,We,2026-04-01 6:00 PM,2026-04-01 6:30 PM,471329,30,8,1,6,75%
Splash  2B,8,6,We,Splash  2B Demo,6:00 PM - 6:30 PM,471329,From 2026-04-01 to 2026-06-10,Paul Palleschi Full Pool,"Hall, Drew",Booked,555-0184-8407,student.74.7@example.test,10,Splash  2B,Paul Palleschi Full Pool,We,2026-04-01 6:00 PM,2026-04-01 6:30 PM,471329,30,8,1,6,75%
Splash  3,8,7,We,Splash  3 Demo,6:00 PM - 6:30 PM,471684,From 2026-04-01 to 2026-06-10,Paul Palleschi Full Pool,"Young, Avery",Booked,555-0185-8500,student.75.0@example.test,3,Splash  3,Paul Palleschi Full Pool,We,2026-04-01 6:00 PM,2026-04-01 6:30 PM,471684,30,8,1,7,88%
Splash  3,8,7,We,Splash  3 Demo,6:00 PM - 6:30 PM,471684,From 2026-04-01 to 2026-06-10,Paul Palleschi Full Pool,"Young, Blake",Booked,555-0185-8501,student.75.1@example.test,4,Splash  3,Paul Palleschi Full Pool,We,2026-04-01 6:00 PM,2026-04-01 6:30 PM,471684,30,8,1,7,88%
Splash  3,8,7,We,Splash  3 Demo,6:00 PM - 6:30 PM,471684,From 2026-04-01 to 2026-06-10,Paul Palleschi Full Pool,"Hall, Casey",Booked,555-0185-8502,student.75.2@example.test,5,Splash  3,Paul Palleschi Full Pool,We,2026-04-01 6:00 PM,2026-04-01 6:30 PM,471684,30,8,1,7,88%
Splash  3,8,7,We,Splash  3 Demo,6:00 PM - 6:30 PM,471684,From 2026-04-01 to 2026-06-10,Paul Palleschi Full Pool,"Hall, Drew",Waiting,555-0185-8503,student.75.3@example.test,6,Splash  3,Paul Palleschi Full Pool,We,2026-04-01 6:00 PM,2026-04-01 6:30 PM,471684,30,8,1,7,88%
Splash  3,8,7,We,Splash  3 Demo,6:00 PM - 6:30 PM,471684,From 2026-04-01 to 2026-06-10,Paul Palleschi Full Pool,"Allen, Emery",Booked,555-0185-8504,student.75.4@example.test,7,Splash  3,Paul Palleschi Full Pool,We,2026-04-01 6:00 PM,2026-04-01 6:30 PM,471684,30,8,1,7,88%
Splash  3,8,7,We,Splash  3 Demo,6:00 PM - 6:30 PM,471684,From 2026-04-01 to 2026-06-10,Paul Palleschi Full Pool,"Allen, Finley",Booked,555-0185-8505,student.75.5@example.test,8,Splash  3,Paul Palleschi Full Pool,We,2026-04-01 6:00 PM,2026-04-01 6:30 PM,471684,30,8,1,7,88%
Splash  3,8,7,We,Splash  3 Demo,6:00 PM - 6:30 PM,471684,From 2026-04-01 to 2026-06-10,Paul Palleschi Full Pool,"Wright, Harper",Booked,555-0185-8506,student.75.6@example.test,9,Splash  3,Paul Palleschi Full Pool,We,2026-04-01 6:00 PM,2026-04-01 6:30 PM,471684,30,8,1,7,88%
Splash  3,8,7,We,Splash  3 Demo,6:00 PM - 6:30 PM,471684,From 2026-04-01 to 2026-06-10,Paul Palleschi Full Pool,"Wright, Jordan",Booked,555-0185-8507,student.75.7@example.test,10,Splash  3,Paul Palleschi Full Pool,We,2026-04-01 6:00 PM,2026-04-01 6:30 PM,471684,30,8,1,7,88%
Splash  9 Star Patrol,14,12,We,Splash  9 Star Patrol Demo,6:00 PM - 7:00 PM,471441,From 2026-04-01 to 2026-06-10,Paul Palleschi Full Pool,"Allen, Emery",Booked,555-0186-8600,student.76.0@example.test,3,Splash  9 Star Patrol,Paul Palleschi Full Pool,We,2026-04-01 6:00 PM,2026-04-01 7:00 PM,471441,60,14,1,12,86%
Splash  9 Star Patrol,14,12,We,Splash  9 Star Patrol Demo,6:00 PM - 7:00 PM,471441,From 2026-04-01 to 2026-06-10,Paul Palleschi Full Pool,"Allen, Finley",Booked,555-0186-8601,student.76.1@example.test,4,Splash  9 Star Patrol,Paul Palleschi Full Pool,We,2026-04-01 6:00 PM,2026-04-01 7:00 PM,471441,60,14,1,12,86%
Splash  9 Star Patrol,14,12,We,Splash  9 Star Patrol Demo,6:00 PM - 7:00 PM,471441,From 2026-04-01 to 2026-06-10,Paul Palleschi Full Pool,"Wright, Harper",Booked,555-0186-8602,student.76.2@example.test,5,Splash  9 Star Patrol,Paul Palleschi Full Pool,We,2026-04-01 6:00 PM,2026-04-01 7:00 PM,471441,60,14,1,12,86%
Splash  9 Star Patrol,14,12,We,Splash  9 Star Patrol Demo,6:00 PM - 7:00 PM,471441,From 2026-04-01 to 2026-06-10,Paul Palleschi Full Pool,"Wright, Jordan",Booked,555-0186-8603,student.76.3@example.test,6,Splash  9 Star Patrol,Paul Palleschi Full Pool,We,2026-04-01 6:00 PM,2026-04-01 7:00 PM,471441,60,14,1,12,86%
Splash  9 Star Patrol,14,12,We,Splash  9 Star Patrol Demo,6:00 PM - 7:00 PM,471441,From 2026-04-01 to 2026-06-10,Paul Palleschi Full Pool,"King, Kai",Booked,555-0186-8604,student.76.4@example.test,7,Splash  9 Star Patrol,Paul Palleschi Full Pool,We,2026-04-01 6:00 PM,2026-04-01 7:00 PM,471441,60,14,1,12,86%
Splash  9 Star Patrol,14,12,We,Splash  9 Star Patrol Demo,6:00 PM - 7:00 PM,471441,From 2026-04-01 to 2026-06-10,Paul Palleschi Full Pool,"King, Logan",Booked,555-0186-8605,student.76.5@example.test,8,Splash  9 Star Patrol,Paul Palleschi Full Pool,We,2026-04-01 6:00 PM,2026-04-01 7:00 PM,471441,60,14,1,12,86%
Splash  9 Star Patrol,14,12,We,Splash  9 Star Patrol Demo,6:00 PM - 7:00 PM,471441,From 2026-04-01 to 2026-06-10,Paul Palleschi Full Pool,"Scott, Maya",Booked,555-0186-8606,student.76.6@example.test,9,Splash  9 Star Patrol,Paul Palleschi Full Pool,We,2026-04-01 6:00 PM,2026-04-01 7:00 PM,471441,60,14,1,12,86%
Splash  9 Star Patrol,14,12,We,Splash  9 Star Patrol Demo,6:00 PM - 7:00 PM,471441,From 2026-04-01 to 2026-06-10,Paul Palleschi Full Pool,"Scott, Noah",Booked,555-0186-8607,student.76.7@example.test,10,Splash  9 Star Patrol,Paul Palleschi Full Pool,We,2026-04-01 6:00 PM,2026-04-01 7:00 PM,471441,60,14,1,12,86%
Splash  9 Star Patrol,14,12,We,Splash  9 Star Patrol Demo,6:00 PM - 7:00 PM,471441,From 2026-04-01 to 2026-06-10,Paul Palleschi Full Pool,"Stone, Avery",Booked,555-0186-8608,student.76.8@example.test,11,Splash  9 Star Patrol,Paul Palleschi Full Pool,We,2026-04-01 6:00 PM,2026-04-01 7:00 PM,471441,60,14,1,12,86%
Splash  9 Star Patrol,14,12,We,Splash  9 Star Patrol Demo,6:00 PM - 7:00 PM,471441,From 2026-04-01 to 2026-06-10,Paul Palleschi Full Pool,"Stone, Blake",Waiting,555-0186-8609,student.76.9@example.test,12,Splash  9 Star Patrol,Paul Palleschi Full Pool,We,2026-04-01 6:00 PM,2026-04-01 7:00 PM,471441,60,14,1,12,86%
Splash  9 Star Patrol,14,12,We,Splash  9 Star Patrol Demo,6:00 PM - 7:00 PM,471441,From 2026-04-01 to 2026-06-10,Paul Palleschi Full Pool,"Lee, Casey",Booked,555-0186-8610,student.76.10@example.test,3,Splash  9 Star Patrol,Paul Palleschi Full Pool,We,2026-04-01 6:00 PM,2026-04-01 7:00 PM,471441,60,14,1,12,86%
Splash  9 Star Patrol,14,12,We,Splash  9 Star Patrol Demo,6:00 PM - 7:00 PM,471441,From 2026-04-01 to 2026-06-10,Paul Palleschi Full Pool,"Lee, Drew",Booked,555-0186-8611,student.76.11@example.test,4,Splash  9 Star Patrol,Paul Palleschi Full Pool,We,2026-04-01 6:00 PM,2026-04-01 7:00 PM,471441,60,14,1,12,86%
Splash  9 Star Patrol,14,12,We,Splash  9 Star Patrol Demo,6:00 PM - 7:00 PM,471441,From 2026-04-01 to 2026-06-10,Paul Palleschi Full Pool,"Martin, Emery",Booked,555-0186-8612,student.76.12@example.test,5,Splash  9 Star Patrol,Paul Palleschi Full Pool,We,2026-04-01 6:00 PM,2026-04-01 7:00 PM,471441,60,14,1,12,86%
Splash  9 Star Patrol,14,12,We,Splash  9 Star Patrol Demo,6:00 PM - 7:00 PM,471441,From 2026-04-01 to 2026-06-10,Paul Palleschi Full Pool,"Martin, Finley",Waiting,555-0186-8613,student.76.13@example.test,6,Splash  9 Star Patrol,Paul Palleschi Full Pool,We,2026-04-01 6:00 PM,2026-04-01 7:00 PM,471441,60,14,1,12,86%
Little Splash 4,11,5,We,Little Splash 4 Demo,6:30 PM - 7:00 PM,463904,From 2026-04-01 to 2026-06-10,Paul Palleschi Full Pool,"King, Kai",Waiting,555-0187-8700,student.77.0@example.test,3,Little Splash 4,Paul Palleschi Full Pool,We,2026-04-01 6:30 PM,2026-04-01 7:00 PM,463904,30,11,1,5,45%
Little Splash 4,11,5,We,Little Splash 4 Demo,6:30 PM - 7:00 PM,463904,From 2026-04-01 to 2026-06-10,Paul Palleschi Full Pool,"King, Logan",Booked,555-0187-8701,student.77.1@example.test,4,Little Splash 4,Paul Palleschi Full Pool,We,2026-04-01 6:30 PM,2026-04-01 7:00 PM,463904,30,11,1,5,45%
Little Splash 4,11,5,We,Little Splash 4 Demo,6:30 PM - 7:00 PM,463904,From 2026-04-01 to 2026-06-10,Paul Palleschi Full Pool,"Scott, Maya",Waiting,555-0187-8702,student.77.2@example.test,5,Little Splash 4,Paul Palleschi Full Pool,We,2026-04-01 6:30 PM,2026-04-01 7:00 PM,463904,30,11,1,5,45%
Little Splash 4,11,5,We,Little Splash 4 Demo,6:30 PM - 7:00 PM,463904,From 2026-04-01 to 2026-06-10,Paul Palleschi Full Pool,"Scott, Noah",Waiting,555-0187-8703,student.77.3@example.test,6,Little Splash 4,Paul Palleschi Full Pool,We,2026-04-01 6:30 PM,2026-04-01 7:00 PM,463904,30,11,1,5,45%
Little Splash 4,11,5,We,Little Splash 4 Demo,6:30 PM - 7:00 PM,463904,From 2026-04-01 to 2026-06-10,Paul Palleschi Full Pool,"Stone, Avery",Booked,555-0187-8704,student.77.4@example.test,7,Little Splash 4,Paul Palleschi Full Pool,We,2026-04-01 6:30 PM,2026-04-01 7:00 PM,463904,30,11,1,5,45%
Little Splash 4,11,5,We,Little Splash 4 Demo,6:30 PM - 7:00 PM,463904,From 2026-04-01 to 2026-06-10,Paul Palleschi Full Pool,"Stone, Blake",Booked,555-0187-8705,student.77.5@example.test,8,Little Splash 4,Paul Palleschi Full Pool,We,2026-04-01 6:30 PM,2026-04-01 7:00 PM,463904,30,11,1,5,45%
Little Splash 4,11,5,We,Little Splash 4 Demo,6:30 PM - 7:00 PM,463904,From 2026-04-01 to 2026-06-10,Paul Palleschi Full Pool,"Lee, Casey",Waiting,555-0187-8706,student.77.6@example.test,9,Little Splash 4,Paul Palleschi Full Pool,We,2026-04-01 6:30 PM,2026-04-01 7:00 PM,463904,30,11,1,5,45%
Little Splash 4,11,5,We,Little Splash 4 Demo,6:30 PM - 7:00 PM,463904,From 2026-04-01 to 2026-06-10,Paul Palleschi Full Pool,"Lee, Drew",Booked,555-0187-8707,student.77.7@example.test,10,Little Splash 4,Paul Palleschi Full Pool,We,2026-04-01 6:30 PM,2026-04-01 7:00 PM,463904,30,11,1,5,45%
Little Splash 4,11,5,We,Little Splash 4 Demo,6:30 PM - 7:00 PM,463904,From 2026-04-01 to 2026-06-10,Paul Palleschi Full Pool,"Martin, Emery",Waiting,555-0187-8708,student.77.8@example.test,11,Little Splash 4,Paul Palleschi Full Pool,We,2026-04-01 6:30 PM,2026-04-01 7:00 PM,463904,30,11,1,5,45%
Little Splash 4,11,5,We,Little Splash 4 Demo,6:30 PM - 7:00 PM,463904,From 2026-04-01 to 2026-06-10,Paul Palleschi Full Pool,"Martin, Finley",Booked,555-0187-8709,student.77.9@example.test,12,Little Splash 4,Paul Palleschi Full Pool,We,2026-04-01 6:30 PM,2026-04-01 7:00 PM,463904,30,11,1,5,45%
Little Splash 4,11,5,We,Little Splash 4 Demo,6:30 PM - 7:00 PM,463904,From 2026-04-01 to 2026-06-10,Paul Palleschi Full Pool,"Singh, Harper",Waiting,555-0187-8710,student.77.10@example.test,3,Little Splash 4,Paul Palleschi Full Pool,We,2026-04-01 6:30 PM,2026-04-01 7:00 PM,463904,30,11,1,5,45%
Splash  2A,5,5,We,Splash  2A Demo,6:30 PM - 7:00 PM,471168,From 2026-04-01 to 2026-06-10,Paul Palleschi Full Pool,"Stone, Avery",Booked,555-0188-8800,student.78.0@example.test,3,Splash  2A,Paul Palleschi Full Pool,We,2026-04-01 6:30 PM,2026-04-01 7:00 PM,471168,30,5,1,5,100%
Splash  2A,5,5,We,Splash  2A Demo,6:30 PM - 7:00 PM,471168,From 2026-04-01 to 2026-06-10,Paul Palleschi Full Pool,"Stone, Blake",Booked,555-0188-8801,student.78.1@example.test,4,Splash  2A,Paul Palleschi Full Pool,We,2026-04-01 6:30 PM,2026-04-01 7:00 PM,471168,30,5,1,5,100%
Splash  2A,5,5,We,Splash  2A Demo,6:30 PM - 7:00 PM,471168,From 2026-04-01 to 2026-06-10,Paul Palleschi Full Pool,"Lee, Casey",Booked,555-0188-8802,student.78.2@example.test,5,Splash  2A,Paul Palleschi Full Pool,We,2026-04-01 6:30 PM,2026-04-01 7:00 PM,471168,30,5,1,5,100%
Splash  2A,5,5,We,Splash  2A Demo,6:30 PM - 7:00 PM,471168,From 2026-04-01 to 2026-06-10,Paul Palleschi Full Pool,"Lee, Drew",Booked,555-0188-8803,student.78.3@example.test,6,Splash  2A,Paul Palleschi Full Pool,We,2026-04-01 6:30 PM,2026-04-01 7:00 PM,471168,30,5,1,5,100%
Splash  2A,5,5,We,Splash  2A Demo,6:30 PM - 7:00 PM,471168,From 2026-04-01 to 2026-06-10,Paul Palleschi Full Pool,"Martin, Emery",Booked,555-0188-8804,student.78.4@example.test,7,Splash  2A,Paul Palleschi Full Pool,We,2026-04-01 6:30 PM,2026-04-01 7:00 PM,471168,30,5,1,5,100%
Splash  3,7,7,We,Splash  3 Demo,6:30 PM - 7:00 PM,471686,From 2026-04-01 to 2026-06-10,Paul Palleschi Full Pool,"Martin, Emery",Booked,555-0189-8900,student.79.0@example.test,3,Splash  3,Paul Palleschi Full Pool,We,2026-04-01 6:30 PM,2026-04-01 7:00 PM,471686,30,7,1,7,100%
Splash  3,7,7,We,Splash  3 Demo,6:30 PM - 7:00 PM,471686,From 2026-04-01 to 2026-06-10,Paul Palleschi Full Pool,"Martin, Finley",Booked,555-0189-8901,student.79.1@example.test,4,Splash  3,Paul Palleschi Full Pool,We,2026-04-01 6:30 PM,2026-04-01 7:00 PM,471686,30,7,1,7,100%
Splash  3,7,7,We,Splash  3 Demo,6:30 PM - 7:00 PM,471686,From 2026-04-01 to 2026-06-10,Paul Palleschi Full Pool,"Singh, Harper",Booked,555-0189-8902,student.79.2@example.test,5,Splash  3,Paul Palleschi Full Pool,We,2026-04-01 6:30 PM,2026-04-01 7:00 PM,471686,30,7,1,7,100%
Splash  3,7,7,We,Splash  3 Demo,6:30 PM - 7:00 PM,471686,From 2026-04-01 to 2026-06-10,Paul Palleschi Full Pool,"Singh, Jordan",Booked,555-0189-8903,student.79.3@example.test,6,Splash  3,Paul Palleschi Full Pool,We,2026-04-01 6:30 PM,2026-04-01 7:00 PM,471686,30,7,1,7,100%
Splash  3,7,7,We,Splash  3 Demo,6:30 PM - 7:00 PM,471686,From 2026-04-01 to 2026-06-10,Paul Palleschi Full Pool,"Cooper, Kai",Booked,555-0189-8904,student.79.4@example.test,7,Splash  3,Paul Palleschi Full Pool,We,2026-04-01 6:30 PM,2026-04-01 7:00 PM,471686,30,7,1,7,100%
Splash  3,7,7,We,Splash  3 Demo,6:30 PM - 7:00 PM,471686,From 2026-04-01 to 2026-06-10,Paul Palleschi Full Pool,"Cooper, Logan",Booked,555-0189-8905,student.79.5@example.test,8,Splash  3,Paul Palleschi Full Pool,We,2026-04-01 6:30 PM,2026-04-01 7:00 PM,471686,30,7,1,7,100%
Splash  3,7,7,We,Splash  3 Demo,6:30 PM - 7:00 PM,471686,From 2026-04-01 to 2026-06-10,Paul Palleschi Full Pool,"Walker, Maya",Booked,555-0189-8906,student.79.6@example.test,9,Splash  3,Paul Palleschi Full Pool,We,2026-04-01 6:30 PM,2026-04-01 7:00 PM,471686,30,7,1,7,100%
Swimming Private Lesson,4,1,We,Swimming Private Lesson Demo,6:30 PM - 7:00 PM,471763,From 2026-04-01 to 2026-06-10,Paul Palleschi Full Pool,"Cooper, Kai",Booked,555-0190-9000,student.80.0@example.test,3,Swimming Private Lesson,Paul Palleschi Full Pool,We,2026-04-01 6:30 PM,2026-04-01 7:00 PM,471763,30,4,1,1,25%
Swimming Private Lesson,4,1,We,Swimming Private Lesson Demo,6:30 PM - 7:00 PM,471763,From 2026-04-01 to 2026-06-10,Paul Palleschi Full Pool,"Cooper, Logan",Waiting,555-0190-9001,student.80.1@example.test,4,Swimming Private Lesson,Paul Palleschi Full Pool,We,2026-04-01 6:30 PM,2026-04-01 7:00 PM,471763,30,4,1,1,25%
Swimming Private Lesson,4,1,We,Swimming Private Lesson Demo,6:30 PM - 7:00 PM,471763,From 2026-04-01 to 2026-06-10,Paul Palleschi Full Pool,"Walker, Maya",Waiting,555-0190-9002,student.80.2@example.test,5,Swimming Private Lesson,Paul Palleschi Full Pool,We,2026-04-01 6:30 PM,2026-04-01 7:00 PM,471763,30,4,1,1,25%
Swimming Private Lesson,4,1,We,Swimming Private Lesson Demo,6:30 PM - 7:00 PM,471763,From 2026-04-01 to 2026-06-10,Paul Palleschi Full Pool,"Walker, Noah",Waiting,555-0190-9003,student.80.3@example.test,6,Swimming Private Lesson,Paul Palleschi Full Pool,We,2026-04-01 6:30 PM,2026-04-01 7:00 PM,471763,30,4,1,1,25%
Little Splash 4,5,5,Th,Little Splash 4 Demo,4:00 PM - 4:30 PM,463909,From 2026-04-02 to 2026-06-11,Paul Palleschi Full Pool,"Young, Avery",Booked,555-0191-9100,student.81.0@example.test,3,Little Splash 4,Paul Palleschi Full Pool,Th,2026-04-02 4:00 PM,2026-04-02 4:30 PM,463909,30,5,1,5,100%
Little Splash 4,5,5,Th,Little Splash 4 Demo,4:00 PM - 4:30 PM,463909,From 2026-04-02 to 2026-06-11,Paul Palleschi Full Pool,"Young, Blake",Booked,555-0191-9101,student.81.1@example.test,4,Little Splash 4,Paul Palleschi Full Pool,Th,2026-04-02 4:00 PM,2026-04-02 4:30 PM,463909,30,5,1,5,100%
Little Splash 4,5,5,Th,Little Splash 4 Demo,4:00 PM - 4:30 PM,463909,From 2026-04-02 to 2026-06-11,Paul Palleschi Full Pool,"Hall, Casey",Booked,555-0191-9102,student.81.2@example.test,5,Little Splash 4,Paul Palleschi Full Pool,Th,2026-04-02 4:00 PM,2026-04-02 4:30 PM,463909,30,5,1,5,100%
Little Splash 4,5,5,Th,Little Splash 4 Demo,4:00 PM - 4:30 PM,463909,From 2026-04-02 to 2026-06-11,Paul Palleschi Full Pool,"Hall, Drew",Booked,555-0191-9103,student.81.3@example.test,6,Little Splash 4,Paul Palleschi Full Pool,Th,2026-04-02 4:00 PM,2026-04-02 4:30 PM,463909,30,5,1,5,100%
Little Splash 4,5,5,Th,Little Splash 4 Demo,4:00 PM - 4:30 PM,463909,From 2026-04-02 to 2026-06-11,Paul Palleschi Full Pool,"Allen, Emery",Booked,555-0191-9104,student.81.4@example.test,7,Little Splash 4,Paul Palleschi Full Pool,Th,2026-04-02 4:00 PM,2026-04-02 4:30 PM,463909,30,5,1,5,100%
Splash  2B,6,6,Th,Splash  2B Demo,4:00 PM - 4:30 PM,471334,From 2026-04-02 to 2026-06-11,Paul Palleschi Full Pool,"Allen, Emery",Booked,555-0192-9200,student.82.0@example.test,3,Splash  2B,Paul Palleschi Full Pool,Th,2026-04-02 4:00 PM,2026-04-02 4:30 PM,471334,30,6,1,6,100%
Splash  2B,6,6,Th,Splash  2B Demo,4:00 PM - 4:30 PM,471334,From 2026-04-02 to 2026-06-11,Paul Palleschi Full Pool,"Allen, Finley",Booked,555-0192-9201,student.82.1@example.test,4,Splash  2B,Paul Palleschi Full Pool,Th,2026-04-02 4:00 PM,2026-04-02 4:30 PM,471334,30,6,1,6,100%
Splash  2B,6,6,Th,Splash  2B Demo,4:00 PM - 4:30 PM,471334,From 2026-04-02 to 2026-06-11,Paul Palleschi Full Pool,"Wright, Harper",Booked,555-0192-9202,student.82.2@example.test,5,Splash  2B,Paul Palleschi Full Pool,Th,2026-04-02 4:00 PM,2026-04-02 4:30 PM,471334,30,6,1,6,100%
Splash  2B,6,6,Th,Splash  2B Demo,4:00 PM - 4:30 PM,471334,From 2026-04-02 to 2026-06-11,Paul Palleschi Full Pool,"Wright, Jordan",Booked,555-0192-9203,student.82.3@example.test,6,Splash  2B,Paul Palleschi Full Pool,Th,2026-04-02 4:00 PM,2026-04-02 4:30 PM,471334,30,6,1,6,100%
Splash  2B,6,6,Th,Splash  2B Demo,4:00 PM - 4:30 PM,471334,From 2026-04-02 to 2026-06-11,Paul Palleschi Full Pool,"King, Kai",Booked,555-0192-9204,student.82.4@example.test,7,Splash  2B,Paul Palleschi Full Pool,Th,2026-04-02 4:00 PM,2026-04-02 4:30 PM,471334,30,6,1,6,100%
Splash  2B,6,6,Th,Splash  2B Demo,4:00 PM - 4:30 PM,471334,From 2026-04-02 to 2026-06-11,Paul Palleschi Full Pool,"King, Logan",Booked,555-0192-9205,student.82.5@example.test,8,Splash  2B,Paul Palleschi Full Pool,Th,2026-04-02 4:00 PM,2026-04-02 4:30 PM,471334,30,6,1,6,100%
Little Splash 1,4,4,Th,Little Splash 1 Demo,4:30 PM - 5:00 PM,457524,From 2026-04-02 to 2026-06-11,Paul Palleschi Full Pool,"King, Kai",Booked,555-0193-9300,student.83.0@example.test,3,Little Splash 1,Paul Palleschi Full Pool,Th,2026-04-02 4:30 PM,2026-04-02 5:00 PM,457524,30,4,1,4,100%
Little Splash 1,4,4,Th,Little Splash 1 Demo,4:30 PM - 5:00 PM,457524,From 2026-04-02 to 2026-06-11,Paul Palleschi Full Pool,"King, Logan",Booked,555-0193-9301,student.83.1@example.test,4,Little Splash 1,Paul Palleschi Full Pool,Th,2026-04-02 4:30 PM,2026-04-02 5:00 PM,457524,30,4,1,4,100%
Little Splash 1,4,4,Th,Little Splash 1 Demo,4:30 PM - 5:00 PM,457524,From 2026-04-02 to 2026-06-11,Paul Palleschi Full Pool,"Scott, Maya",Booked,555-0193-9302,student.83.2@example.test,5,Little Splash 1,Paul Palleschi Full Pool,Th,2026-04-02 4:30 PM,2026-04-02 5:00 PM,457524,30,4,1,4,100%
Little Splash 1,4,4,Th,Little Splash 1 Demo,4:30 PM - 5:00 PM,457524,From 2026-04-02 to 2026-06-11,Paul Palleschi Full Pool,"Scott, Noah",Booked,555-0193-9303,student.83.3@example.test,6,Little Splash 1,Paul Palleschi Full Pool,Th,2026-04-02 4:30 PM,2026-04-02 5:00 PM,457524,30,4,1,4,100%
Splash  1,6,6,Th,Splash  1 Demo,4:30 PM - 5:00 PM,457812,From 2026-04-02 to 2026-06-11,Paul Palleschi Full Pool,"Stone, Avery",Booked,555-0194-9400,student.84.0@example.test,3,Splash  1,Paul Palleschi Full Pool,Th,2026-04-02 4:30 PM,2026-04-02 5:00 PM,457812,30,6,1,6,100%
Splash  1,6,6,Th,Splash  1 Demo,4:30 PM - 5:00 PM,457812,From 2026-04-02 to 2026-06-11,Paul Palleschi Full Pool,"Stone, Blake",Booked,555-0194-9401,student.84.1@example.test,4,Splash  1,Paul Palleschi Full Pool,Th,2026-04-02 4:30 PM,2026-04-02 5:00 PM,457812,30,6,1,6,100%
Splash  1,6,6,Th,Splash  1 Demo,4:30 PM - 5:00 PM,457812,From 2026-04-02 to 2026-06-11,Paul Palleschi Full Pool,"Lee, Casey",Booked,555-0194-9402,student.84.2@example.test,5,Splash  1,Paul Palleschi Full Pool,Th,2026-04-02 4:30 PM,2026-04-02 5:00 PM,457812,30,6,1,6,100%
Splash  1,6,6,Th,Splash  1 Demo,4:30 PM - 5:00 PM,457812,From 2026-04-02 to 2026-06-11,Paul Palleschi Full Pool,"Lee, Drew",Booked,555-0194-9403,student.84.3@example.test,6,Splash  1,Paul Palleschi Full Pool,Th,2026-04-02 4:30 PM,2026-04-02 5:00 PM,457812,30,6,1,6,100%
Splash  1,6,6,Th,Splash  1 Demo,4:30 PM - 5:00 PM,457812,From 2026-04-02 to 2026-06-11,Paul Palleschi Full Pool,"Martin, Emery",Booked,555-0194-9404,student.84.4@example.test,7,Splash  1,Paul Palleschi Full Pool,Th,2026-04-02 4:30 PM,2026-04-02 5:00 PM,457812,30,6,1,6,100%
Splash  1,6,6,Th,Splash  1 Demo,4:30 PM - 5:00 PM,457812,From 2026-04-02 to 2026-06-11,Paul Palleschi Full Pool,"Martin, Finley",Booked,555-0194-9405,student.84.5@example.test,8,Splash  1,Paul Palleschi Full Pool,Th,2026-04-02 4:30 PM,2026-04-02 5:00 PM,457812,30,6,1,6,100%
Splash  2A,6,6,Th,Splash  2A Demo,4:30 PM - 5:00 PM,471175,From 2026-04-02 to 2026-06-11,Paul Palleschi Full Pool,"Martin, Emery",Booked,555-0195-9500,student.85.0@example.test,3,Splash  2A,Paul Palleschi Full Pool,Th,2026-04-02 4:30 PM,2026-04-02 5:00 PM,471175,30,6,1,6,100%
Splash  2A,6,6,Th,Splash  2A Demo,4:30 PM - 5:00 PM,471175,From 2026-04-02 to 2026-06-11,Paul Palleschi Full Pool,"Martin, Finley",Booked,555-0195-9501,student.85.1@example.test,4,Splash  2A,Paul Palleschi Full Pool,Th,2026-04-02 4:30 PM,2026-04-02 5:00 PM,471175,30,6,1,6,100%
Splash  2A,6,6,Th,Splash  2A Demo,4:30 PM - 5:00 PM,471175,From 2026-04-02 to 2026-06-11,Paul Palleschi Full Pool,"Singh, Harper",Booked,555-0195-9502,student.85.2@example.test,5,Splash  2A,Paul Palleschi Full Pool,Th,2026-04-02 4:30 PM,2026-04-02 5:00 PM,471175,30,6,1,6,100%
Splash  2A,6,6,Th,Splash  2A Demo,4:30 PM - 5:00 PM,471175,From 2026-04-02 to 2026-06-11,Paul Palleschi Full Pool,"Singh, Jordan",Booked,555-0195-9503,student.85.3@example.test,6,Splash  2A,Paul Palleschi Full Pool,Th,2026-04-02 4:30 PM,2026-04-02 5:00 PM,471175,30,6,1,6,100%
Splash  2A,6,6,Th,Splash  2A Demo,4:30 PM - 5:00 PM,471175,From 2026-04-02 to 2026-06-11,Paul Palleschi Full Pool,"Cooper, Kai",Booked,555-0195-9504,student.85.4@example.test,7,Splash  2A,Paul Palleschi Full Pool,Th,2026-04-02 4:30 PM,2026-04-02 5:00 PM,471175,30,6,1,6,100%
Splash  2A,6,6,Th,Splash  2A Demo,4:30 PM - 5:00 PM,471175,From 2026-04-02 to 2026-06-11,Paul Palleschi Full Pool,"Cooper, Logan",Booked,555-0195-9505,student.85.5@example.test,8,Splash  2A,Paul Palleschi Full Pool,Th,2026-04-02 4:30 PM,2026-04-02 5:00 PM,471175,30,6,1,6,100%
Splash  2B,8,6,Th,Splash  2B Demo,4:30 PM - 5:00 PM,471340,From 2026-04-02 to 2026-06-11,Paul Palleschi Full Pool,"Cooper, Kai",Booked,555-0196-9600,student.86.0@example.test,3,Splash  2B,Paul Palleschi Full Pool,Th,2026-04-02 4:30 PM,2026-04-02 5:00 PM,471340,30,8,1,6,75%
Splash  2B,8,6,Th,Splash  2B Demo,4:30 PM - 5:00 PM,471340,From 2026-04-02 to 2026-06-11,Paul Palleschi Full Pool,"Cooper, Logan",Booked,555-0196-9601,student.86.1@example.test,4,Splash  2B,Paul Palleschi Full Pool,Th,2026-04-02 4:30 PM,2026-04-02 5:00 PM,471340,30,8,1,6,75%
Splash  2B,8,6,Th,Splash  2B Demo,4:30 PM - 5:00 PM,471340,From 2026-04-02 to 2026-06-11,Paul Palleschi Full Pool,"Walker, Maya",Waiting,555-0196-9602,student.86.2@example.test,5,Splash  2B,Paul Palleschi Full Pool,Th,2026-04-02 4:30 PM,2026-04-02 5:00 PM,471340,30,8,1,6,75%
Splash  2B,8,6,Th,Splash  2B Demo,4:30 PM - 5:00 PM,471340,From 2026-04-02 to 2026-06-11,Paul Palleschi Full Pool,"Walker, Noah",Waiting,555-0196-9603,student.86.3@example.test,6,Splash  2B,Paul Palleschi Full Pool,Th,2026-04-02 4:30 PM,2026-04-02 5:00 PM,471340,30,8,1,6,75%
Splash  2B,8,6,Th,Splash  2B Demo,4:30 PM - 5:00 PM,471340,From 2026-04-02 to 2026-06-11,Paul Palleschi Full Pool,"Young, Avery",Booked,555-0196-9604,student.86.4@example.test,7,Splash  2B,Paul Palleschi Full Pool,Th,2026-04-02 4:30 PM,2026-04-02 5:00 PM,471340,30,8,1,6,75%
Splash  2B,8,6,Th,Splash  2B Demo,4:30 PM - 5:00 PM,471340,From 2026-04-02 to 2026-06-11,Paul Palleschi Full Pool,"Young, Blake",Booked,555-0196-9605,student.86.5@example.test,8,Splash  2B,Paul Palleschi Full Pool,Th,2026-04-02 4:30 PM,2026-04-02 5:00 PM,471340,30,8,1,6,75%
Splash  2B,8,6,Th,Splash  2B Demo,4:30 PM - 5:00 PM,471340,From 2026-04-02 to 2026-06-11,Paul Palleschi Full Pool,"Hall, Casey",Booked,555-0196-9606,student.86.6@example.test,9,Splash  2B,Paul Palleschi Full Pool,Th,2026-04-02 4:30 PM,2026-04-02 5:00 PM,471340,30,8,1,6,75%
Splash  2B,8,6,Th,Splash  2B Demo,4:30 PM - 5:00 PM,471340,From 2026-04-02 to 2026-06-11,Paul Palleschi Full Pool,"Hall, Drew",Booked,555-0196-9607,student.86.7@example.test,10,Splash  2B,Paul Palleschi Full Pool,Th,2026-04-02 4:30 PM,2026-04-02 5:00 PM,471340,30,8,1,6,75%
Splash  4,8,8,Th,Splash  4 Demo,4:30 PM - 5:00 PM,471719,From 2026-04-02 to 2026-06-11,Paul Palleschi Full Pool,"Young, Avery",Booked,555-0197-9700,student.87.0@example.test,3,Splash  4,Paul Palleschi Full Pool,Th,2026-04-02 4:30 PM,2026-04-02 5:00 PM,471719,30,8,1,8,100%
Splash  4,8,8,Th,Splash  4 Demo,4:30 PM - 5:00 PM,471719,From 2026-04-02 to 2026-06-11,Paul Palleschi Full Pool,"Young, Blake",Booked,555-0197-9701,student.87.1@example.test,4,Splash  4,Paul Palleschi Full Pool,Th,2026-04-02 4:30 PM,2026-04-02 5:00 PM,471719,30,8,1,8,100%
Splash  4,8,8,Th,Splash  4 Demo,4:30 PM - 5:00 PM,471719,From 2026-04-02 to 2026-06-11,Paul Palleschi Full Pool,"Hall, Casey",Booked,555-0197-9702,student.87.2@example.test,5,Splash  4,Paul Palleschi Full Pool,Th,2026-04-02 4:30 PM,2026-04-02 5:00 PM,471719,30,8,1,8,100%
Splash  4,8,8,Th,Splash  4 Demo,4:30 PM - 5:00 PM,471719,From 2026-04-02 to 2026-06-11,Paul Palleschi Full Pool,"Hall, Drew",Booked,555-0197-9703,student.87.3@example.test,6,Splash  4,Paul Palleschi Full Pool,Th,2026-04-02 4:30 PM,2026-04-02 5:00 PM,471719,30,8,1,8,100%
Splash  4,8,8,Th,Splash  4 Demo,4:30 PM - 5:00 PM,471719,From 2026-04-02 to 2026-06-11,Paul Palleschi Full Pool,"Allen, Emery",Booked,555-0197-9704,student.87.4@example.test,7,Splash  4,Paul Palleschi Full Pool,Th,2026-04-02 4:30 PM,2026-04-02 5:00 PM,471719,30,8,1,8,100%
Splash  4,8,8,Th,Splash  4 Demo,4:30 PM - 5:00 PM,471719,From 2026-04-02 to 2026-06-11,Paul Palleschi Full Pool,"Allen, Finley",Booked,555-0197-9705,student.87.5@example.test,8,Splash  4,Paul Palleschi Full Pool,Th,2026-04-02 4:30 PM,2026-04-02 5:00 PM,471719,30,8,1,8,100%
Splash  4,8,8,Th,Splash  4 Demo,4:30 PM - 5:00 PM,471719,From 2026-04-02 to 2026-06-11,Paul Palleschi Full Pool,"Wright, Harper",Booked,555-0197-9706,student.87.6@example.test,9,Splash  4,Paul Palleschi Full Pool,Th,2026-04-02 4:30 PM,2026-04-02 5:00 PM,471719,30,8,1,8,100%
Splash  4,8,8,Th,Splash  4 Demo,4:30 PM - 5:00 PM,471719,From 2026-04-02 to 2026-06-11,Paul Palleschi Full Pool,"Wright, Jordan",Booked,555-0197-9707,student.87.7@example.test,10,Splash  4,Paul Palleschi Full Pool,Th,2026-04-02 4:30 PM,2026-04-02 5:00 PM,471719,30,8,1,8,100%
Little Splash 2,6,5,Th,Little Splash 2 Demo,5:00 PM - 5:30 PM,463746,From 2026-04-02 to 2026-06-11,Paul Palleschi Full Pool,"Allen, Emery",Booked,555-0198-9800,student.88.0@example.test,3,Little Splash 2,Paul Palleschi Full Pool,Th,2026-04-02 5:00 PM,2026-04-02 5:30 PM,463746,30,6,1,5,83%
Little Splash 2,6,5,Th,Little Splash 2 Demo,5:00 PM - 5:30 PM,463746,From 2026-04-02 to 2026-06-11,Paul Palleschi Full Pool,"Allen, Finley",Booked,555-0198-9801,student.88.1@example.test,4,Little Splash 2,Paul Palleschi Full Pool,Th,2026-04-02 5:00 PM,2026-04-02 5:30 PM,463746,30,6,1,5,83%
Little Splash 2,6,5,Th,Little Splash 2 Demo,5:00 PM - 5:30 PM,463746,From 2026-04-02 to 2026-06-11,Paul Palleschi Full Pool,"Wright, Harper",Booked,555-0198-9802,student.88.2@example.test,5,Little Splash 2,Paul Palleschi Full Pool,Th,2026-04-02 5:00 PM,2026-04-02 5:30 PM,463746,30,6,1,5,83%
Little Splash 2,6,5,Th,Little Splash 2 Demo,5:00 PM - 5:30 PM,463746,From 2026-04-02 to 2026-06-11,Paul Palleschi Full Pool,"Wright, Jordan",Booked,555-0198-9803,student.88.3@example.test,6,Little Splash 2,Paul Palleschi Full Pool,Th,2026-04-02 5:00 PM,2026-04-02 5:30 PM,463746,30,6,1,5,83%
Little Splash 2,6,5,Th,Little Splash 2 Demo,5:00 PM - 5:30 PM,463746,From 2026-04-02 to 2026-06-11,Paul Palleschi Full Pool,"King, Kai",Booked,555-0198-9804,student.88.4@example.test,7,Little Splash 2,Paul Palleschi Full Pool,Th,2026-04-02 5:00 PM,2026-04-02 5:30 PM,463746,30,6,1,5,83%
Little Splash 2,6,5,Th,Little Splash 2 Demo,5:00 PM - 5:30 PM,463746,From 2026-04-02 to 2026-06-11,Paul Palleschi Full Pool,"King, Logan",Waiting,555-0198-9805,student.88.5@example.test,8,Little Splash 2,Paul Palleschi Full Pool,Th,2026-04-02 5:00 PM,2026-04-02 5:30 PM,463746,30,6,1,5,83%
Little Splash 3,5,5,Th,Little Splash 3 Demo,5:00 PM - 5:30 PM,463832,From 2026-04-02 to 2026-06-11,Paul Palleschi Full Pool,"King, Kai",Booked,555-0199-9900,student.89.0@example.test,3,Little Splash 3,Paul Palleschi Full Pool,Th,2026-04-02 5:00 PM,2026-04-02 5:30 PM,463832,30,5,1,5,100%
Little Splash 3,5,5,Th,Little Splash 3 Demo,5:00 PM - 5:30 PM,463832,From 2026-04-02 to 2026-06-11,Paul Palleschi Full Pool,"King, Logan",Booked,555-0199-9901,student.89.1@example.test,4,Little Splash 3,Paul Palleschi Full Pool,Th,2026-04-02 5:00 PM,2026-04-02 5:30 PM,463832,30,5,1,5,100%
Little Splash 3,5,5,Th,Little Splash 3 Demo,5:00 PM - 5:30 PM,463832,From 2026-04-02 to 2026-06-11,Paul Palleschi Full Pool,"Scott, Maya",Booked,555-0199-9902,student.89.2@example.test,5,Little Splash 3,Paul Palleschi Full Pool,Th,2026-04-02 5:00 PM,2026-04-02 5:30 PM,463832,30,5,1,5,100%
Little Splash 3,5,5,Th,Little Splash 3 Demo,5:00 PM - 5:30 PM,463832,From 2026-04-02 to 2026-06-11,Paul Palleschi Full Pool,"Scott, Noah",Booked,555-0199-9903,student.89.3@example.test,6,Little Splash 3,Paul Palleschi Full Pool,Th,2026-04-02 5:00 PM,2026-04-02 5:30 PM,463832,30,5,1,5,100%
Little Splash 3,5,5,Th,Little Splash 3 Demo,5:00 PM - 5:30 PM,463832,From 2026-04-02 to 2026-06-11,Paul Palleschi Full Pool,"Stone, Avery",Booked,555-0199-9904,student.89.4@example.test,7,Little Splash 3,Paul Palleschi Full Pool,Th,2026-04-02 5:00 PM,2026-04-02 5:30 PM,463832,30,5,1,5,100%
Splash  3,7,7,Th,Splash  3 Demo,5:00 PM - 5:30 PM,471690,From 2026-04-02 to 2026-06-11,Paul Palleschi Full Pool,"Stone, Avery",Booked,555-0110-10000,student.90.0@example.test,3,Splash  3,Paul Palleschi Full Pool,Th,2026-04-02 5:00 PM,2026-04-02 5:30 PM,471690,30,7,1,7,100%
Splash  3,7,7,Th,Splash  3 Demo,5:00 PM - 5:30 PM,471690,From 2026-04-02 to 2026-06-11,Paul Palleschi Full Pool,"Stone, Blake",Booked,555-0110-10001,student.90.1@example.test,4,Splash  3,Paul Palleschi Full Pool,Th,2026-04-02 5:00 PM,2026-04-02 5:30 PM,471690,30,7,1,7,100%
Splash  3,7,7,Th,Splash  3 Demo,5:00 PM - 5:30 PM,471690,From 2026-04-02 to 2026-06-11,Paul Palleschi Full Pool,"Lee, Casey",Booked,555-0110-10002,student.90.2@example.test,5,Splash  3,Paul Palleschi Full Pool,Th,2026-04-02 5:00 PM,2026-04-02 5:30 PM,471690,30,7,1,7,100%
Splash  3,7,7,Th,Splash  3 Demo,5:00 PM - 5:30 PM,471690,From 2026-04-02 to 2026-06-11,Paul Palleschi Full Pool,"Lee, Drew",Booked,555-0110-10003,student.90.3@example.test,6,Splash  3,Paul Palleschi Full Pool,Th,2026-04-02 5:00 PM,2026-04-02 5:30 PM,471690,30,7,1,7,100%
Splash  3,7,7,Th,Splash  3 Demo,5:00 PM - 5:30 PM,471690,From 2026-04-02 to 2026-06-11,Paul Palleschi Full Pool,"Martin, Emery",Booked,555-0110-10004,student.90.4@example.test,7,Splash  3,Paul Palleschi Full Pool,Th,2026-04-02 5:00 PM,2026-04-02 5:30 PM,471690,30,7,1,7,100%
Splash  3,7,7,Th,Splash  3 Demo,5:00 PM - 5:30 PM,471690,From 2026-04-02 to 2026-06-11,Paul Palleschi Full Pool,"Martin, Finley",Booked,555-0110-10005,student.90.5@example.test,8,Splash  3,Paul Palleschi Full Pool,Th,2026-04-02 5:00 PM,2026-04-02 5:30 PM,471690,30,7,1,7,100%
Splash  3,7,7,Th,Splash  3 Demo,5:00 PM - 5:30 PM,471690,From 2026-04-02 to 2026-06-11,Paul Palleschi Full Pool,"Singh, Harper",Booked,555-0110-10006,student.90.6@example.test,9,Splash  3,Paul Palleschi Full Pool,Th,2026-04-02 5:00 PM,2026-04-02 5:30 PM,471690,30,7,1,7,100%
Swimming Family Private Lesson,1,1,Th,Swimming Family Private Lesson Demo,5:00 PM - 5:30 PM,496701,From 2026-04-02 to 2026-06-11,Paul Palleschi Full Pool,"Martin, Emery",Booked,555-0111-10100,student.91.0@example.test,3,Swimming Family Private Lesson,Paul Palleschi Full Pool,Th,2026-04-02 5:00 PM,2026-04-02 5:30 PM,496701,30,1,1,1,100%
Little Splash 1,5,4,Th,Little Splash 1 Demo,5:30 PM - 6:00 PM,457540,From 2026-04-02 to 2026-06-11,Paul Palleschi Full Pool,"Cooper, Kai",Booked,555-0112-10200,student.92.0@example.test,3,Little Splash 1,Paul Palleschi Full Pool,Th,2026-04-02 5:30 PM,2026-04-02 6:00 PM,457540,30,5,1,4,80%
Little Splash 1,5,4,Th,Little Splash 1 Demo,5:30 PM - 6:00 PM,457540,From 2026-04-02 to 2026-06-11,Paul Palleschi Full Pool,"Cooper, Logan",Booked,555-0112-10201,student.92.1@example.test,4,Little Splash 1,Paul Palleschi Full Pool,Th,2026-04-02 5:30 PM,2026-04-02 6:00 PM,457540,30,5,1,4,80%
Little Splash 1,5,4,Th,Little Splash 1 Demo,5:30 PM - 6:00 PM,457540,From 2026-04-02 to 2026-06-11,Paul Palleschi Full Pool,"Walker, Maya",Booked,555-0112-10202,student.92.2@example.test,5,Little Splash 1,Paul Palleschi Full Pool,Th,2026-04-02 5:30 PM,2026-04-02 6:00 PM,457540,30,5,1,4,80%
Little Splash 1,5,4,Th,Little Splash 1 Demo,5:30 PM - 6:00 PM,457540,From 2026-04-02 to 2026-06-11,Paul Palleschi Full Pool,"Walker, Noah",Waiting,555-0112-10203,student.92.3@example.test,6,Little Splash 1,Paul Palleschi Full Pool,Th,2026-04-02 5:30 PM,2026-04-02 6:00 PM,457540,30,5,1,4,80%
Little Splash 1,5,4,Th,Little Splash 1 Demo,5:30 PM - 6:00 PM,457540,From 2026-04-02 to 2026-06-11,Paul Palleschi Full Pool,"Young, Avery",Booked,555-0112-10204,student.92.4@example.test,7,Little Splash 1,Paul Palleschi Full Pool,Th,2026-04-02 5:30 PM,2026-04-02 6:00 PM,457540,30,5,1,4,80%
Little Splash 3,11,5,Th,Little Splash 3 Demo,5:30 PM - 6:00 PM,463835,From 2026-04-02 to 2026-06-11,Paul Palleschi Full Pool,"Young, Avery",Booked,555-0113-10300,student.93.0@example.test,3,Little Splash 3,Paul Palleschi Full Pool,Th,2026-04-02 5:30 PM,2026-04-02 6:00 PM,463835,30,11,1,5,45%
Little Splash 3,11,5,Th,Little Splash 3 Demo,5:30 PM - 6:00 PM,463835,From 2026-04-02 to 2026-06-11,Paul Palleschi Full Pool,"Young, Blake",Booked,555-0113-10301,student.93.1@example.test,4,Little Splash 3,Paul Palleschi Full Pool,Th,2026-04-02 5:30 PM,2026-04-02 6:00 PM,463835,30,11,1,5,45%
Little Splash 3,11,5,Th,Little Splash 3 Demo,5:30 PM - 6:00 PM,463835,From 2026-04-02 to 2026-06-11,Paul Palleschi Full Pool,"Hall, Casey",Booked,555-0113-10302,student.93.2@example.test,5,Little Splash 3,Paul Palleschi Full Pool,Th,2026-04-02 5:30 PM,2026-04-02 6:00 PM,463835,30,11,1,5,45%
Little Splash 3,11,5,Th,Little Splash 3 Demo,5:30 PM - 6:00 PM,463835,From 2026-04-02 to 2026-06-11,Paul Palleschi Full Pool,"Hall, Drew",Waiting,555-0113-10303,student.93.3@example.test,6,Little Splash 3,Paul Palleschi Full Pool,Th,2026-04-02 5:30 PM,2026-04-02 6:00 PM,463835,30,11,1,5,45%
Little Splash 3,11,5,Th,Little Splash 3 Demo,5:30 PM - 6:00 PM,463835,From 2026-04-02 to 2026-06-11,Paul Palleschi Full Pool,"Allen, Emery",Waiting,555-0113-10304,student.93.4@example.test,7,Little Splash 3,Paul Palleschi Full Pool,Th,2026-04-02 5:30 PM,2026-04-02 6:00 PM,463835,30,11,1,5,45%
Little Splash 3,11,5,Th,Little Splash 3 Demo,5:30 PM - 6:00 PM,463835,From 2026-04-02 to 2026-06-11,Paul Palleschi Full Pool,"Allen, Finley",Waiting,555-0113-10305,student.93.5@example.test,8,Little Splash 3,Paul Palleschi Full Pool,Th,2026-04-02 5:30 PM,2026-04-02 6:00 PM,463835,30,11,1,5,45%
Little Splash 3,11,5,Th,Little Splash 3 Demo,5:30 PM - 6:00 PM,463835,From 2026-04-02 to 2026-06-11,Paul Palleschi Full Pool,"Wright, Harper",Waiting,555-0113-10306,student.93.6@example.test,9,Little Splash 3,Paul Palleschi Full Pool,Th,2026-04-02 5:30 PM,2026-04-02 6:00 PM,463835,30,11,1,5,45%
Little Splash 3,11,5,Th,Little Splash 3 Demo,5:30 PM - 6:00 PM,463835,From 2026-04-02 to 2026-06-11,Paul Palleschi Full Pool,"Wright, Jordan",Booked,555-0113-10307,student.93.7@example.test,10,Little Splash 3,Paul Palleschi Full Pool,Th,2026-04-02 5:30 PM,2026-04-02 6:00 PM,463835,30,11,1,5,45%
Little Splash 3,11,5,Th,Little Splash 3 Demo,5:30 PM - 6:00 PM,463835,From 2026-04-02 to 2026-06-11,Paul Palleschi Full Pool,"King, Kai",Booked,555-0113-10308,student.93.8@example.test,11,Little Splash 3,Paul Palleschi Full Pool,Th,2026-04-02 5:30 PM,2026-04-02 6:00 PM,463835,30,11,1,5,45%
Little Splash 3,11,5,Th,Little Splash 3 Demo,5:30 PM - 6:00 PM,463835,From 2026-04-02 to 2026-06-11,Paul Palleschi Full Pool,"King, Logan",Waiting,555-0113-10309,student.93.9@example.test,12,Little Splash 3,Paul Palleschi Full Pool,Th,2026-04-02 5:30 PM,2026-04-02 6:00 PM,463835,30,11,1,5,45%
Little Splash 3,11,5,Th,Little Splash 3 Demo,5:30 PM - 6:00 PM,463835,From 2026-04-02 to 2026-06-11,Paul Palleschi Full Pool,"Scott, Maya",Waiting,555-0113-10310,student.93.10@example.test,3,Little Splash 3,Paul Palleschi Full Pool,Th,2026-04-02 5:30 PM,2026-04-02 6:00 PM,463835,30,11,1,5,45%
Splash  2A,5,5,Th,Splash  2A Demo,5:30 PM - 6:00 PM,471177,From 2026-04-02 to 2026-06-11,Paul Palleschi Full Pool,"Allen, Emery",Booked,555-0114-10400,student.94.0@example.test,3,Splash  2A,Paul Palleschi Full Pool,Th,2026-04-02 5:30 PM,2026-04-02 6:00 PM,471177,30,5,1,5,100%
Splash  2A,5,5,Th,Splash  2A Demo,5:30 PM - 6:00 PM,471177,From 2026-04-02 to 2026-06-11,Paul Palleschi Full Pool,"Allen, Finley",Booked,555-0114-10401,student.94.1@example.test,4,Splash  2A,Paul Palleschi Full Pool,Th,2026-04-02 5:30 PM,2026-04-02 6:00 PM,471177,30,5,1,5,100%
Splash  2A,5,5,Th,Splash  2A Demo,5:30 PM - 6:00 PM,471177,From 2026-04-02 to 2026-06-11,Paul Palleschi Full Pool,"Wright, Harper",Booked,555-0114-10402,student.94.2@example.test,5,Splash  2A,Paul Palleschi Full Pool,Th,2026-04-02 5:30 PM,2026-04-02 6:00 PM,471177,30,5,1,5,100%
Splash  2A,5,5,Th,Splash  2A Demo,5:30 PM - 6:00 PM,471177,From 2026-04-02 to 2026-06-11,Paul Palleschi Full Pool,"Wright, Jordan",Booked,555-0114-10403,student.94.3@example.test,6,Splash  2A,Paul Palleschi Full Pool,Th,2026-04-02 5:30 PM,2026-04-02 6:00 PM,471177,30,5,1,5,100%
Splash  2A,5,5,Th,Splash  2A Demo,5:30 PM - 6:00 PM,471177,From 2026-04-02 to 2026-06-11,Paul Palleschi Full Pool,"King, Kai",Booked,555-0114-10404,student.94.4@example.test,7,Splash  2A,Paul Palleschi Full Pool,Th,2026-04-02 5:30 PM,2026-04-02 6:00 PM,471177,30,5,1,5,100%
Splash  2B,5,5,Th,Splash  2B Demo,5:30 PM - 6:00 PM,471347,From 2026-04-02 to 2026-06-11,Paul Palleschi Full Pool,"King, Kai",Booked,555-0115-10500,student.95.0@example.test,3,Splash  2B,Paul Palleschi Full Pool,Th,2026-04-02 5:30 PM,2026-04-02 6:00 PM,471347,30,5,1,5,100%
Splash  2B,5,5,Th,Splash  2B Demo,5:30 PM - 6:00 PM,471347,From 2026-04-02 to 2026-06-11,Paul Palleschi Full Pool,"King, Logan",Booked,555-0115-10501,student.95.1@example.test,4,Splash  2B,Paul Palleschi Full Pool,Th,2026-04-02 5:30 PM,2026-04-02 6:00 PM,471347,30,5,1,5,100%
Splash  2B,5,5,Th,Splash  2B Demo,5:30 PM - 6:00 PM,471347,From 2026-04-02 to 2026-06-11,Paul Palleschi Full Pool,"Scott, Maya",Booked,555-0115-10502,student.95.2@example.test,5,Splash  2B,Paul Palleschi Full Pool,Th,2026-04-02 5:30 PM,2026-04-02 6:00 PM,471347,30,5,1,5,100%
Splash  2B,5,5,Th,Splash  2B Demo,5:30 PM - 6:00 PM,471347,From 2026-04-02 to 2026-06-11,Paul Palleschi Full Pool,"Scott, Noah",Booked,555-0115-10503,student.95.3@example.test,6,Splash  2B,Paul Palleschi Full Pool,Th,2026-04-02 5:30 PM,2026-04-02 6:00 PM,471347,30,5,1,5,100%
Splash  2B,5,5,Th,Splash  2B Demo,5:30 PM - 6:00 PM,471347,From 2026-04-02 to 2026-06-11,Paul Palleschi Full Pool,"Stone, Avery",Booked,555-0115-10504,student.95.4@example.test,7,Splash  2B,Paul Palleschi Full Pool,Th,2026-04-02 5:30 PM,2026-04-02 6:00 PM,471347,30,5,1,5,100%
Splash  8 Ranger Patrol,12,12,Th,Splash  8 Ranger Patrol Demo,5:30 PM - 6:30 PM,471467,From 2026-04-02 to 2026-06-11,Paul Palleschi Full Pool,"Stone, Avery",Booked,555-0116-10600,student.96.0@example.test,3,Splash  8 Ranger Patrol,Paul Palleschi Full Pool,Th,2026-04-02 5:30 PM,2026-04-02 6:30 PM,471467,60,12,1,12,100%
Splash  8 Ranger Patrol,12,12,Th,Splash  8 Ranger Patrol Demo,5:30 PM - 6:30 PM,471467,From 2026-04-02 to 2026-06-11,Paul Palleschi Full Pool,"Stone, Blake",Booked,555-0116-10601,student.96.1@example.test,4,Splash  8 Ranger Patrol,Paul Palleschi Full Pool,Th,2026-04-02 5:30 PM,2026-04-02 6:30 PM,471467,60,12,1,12,100%
Splash  8 Ranger Patrol,12,12,Th,Splash  8 Ranger Patrol Demo,5:30 PM - 6:30 PM,471467,From 2026-04-02 to 2026-06-11,Paul Palleschi Full Pool,"Lee, Casey",Booked,555-0116-10602,student.96.2@example.test,5,Splash  8 Ranger Patrol,Paul Palleschi Full Pool,Th,2026-04-02 5:30 PM,2026-04-02 6:30 PM,471467,60,12,1,12,100%
Splash  8 Ranger Patrol,12,12,Th,Splash  8 Ranger Patrol Demo,5:30 PM - 6:30 PM,471467,From 2026-04-02 to 2026-06-11,Paul Palleschi Full Pool,"Lee, Drew",Booked,555-0116-10603,student.96.3@example.test,6,Splash  8 Ranger Patrol,Paul Palleschi Full Pool,Th,2026-04-02 5:30 PM,2026-04-02 6:30 PM,471467,60,12,1,12,100%
Splash  8 Ranger Patrol,12,12,Th,Splash  8 Ranger Patrol Demo,5:30 PM - 6:30 PM,471467,From 2026-04-02 to 2026-06-11,Paul Palleschi Full Pool,"Martin, Emery",Booked,555-0116-10604,student.96.4@example.test,7,Splash  8 Ranger Patrol,Paul Palleschi Full Pool,Th,2026-04-02 5:30 PM,2026-04-02 6:30 PM,471467,60,12,1,12,100%
Splash  8 Ranger Patrol,12,12,Th,Splash  8 Ranger Patrol Demo,5:30 PM - 6:30 PM,471467,From 2026-04-02 to 2026-06-11,Paul Palleschi Full Pool,"Martin, Finley",Booked,555-0116-10605,student.96.5@example.test,8,Splash  8 Ranger Patrol,Paul Palleschi Full Pool,Th,2026-04-02 5:30 PM,2026-04-02 6:30 PM,471467,60,12,1,12,100%
Splash  8 Ranger Patrol,12,12,Th,Splash  8 Ranger Patrol Demo,5:30 PM - 6:30 PM,471467,From 2026-04-02 to 2026-06-11,Paul Palleschi Full Pool,"Singh, Harper",Booked,555-0116-10606,student.96.6@example.test,9,Splash  8 Ranger Patrol,Paul Palleschi Full Pool,Th,2026-04-02 5:30 PM,2026-04-02 6:30 PM,471467,60,12,1,12,100%
Splash  8 Ranger Patrol,12,12,Th,Splash  8 Ranger Patrol Demo,5:30 PM - 6:30 PM,471467,From 2026-04-02 to 2026-06-11,Paul Palleschi Full Pool,"Singh, Jordan",Booked,555-0116-10607,student.96.7@example.test,10,Splash  8 Ranger Patrol,Paul Palleschi Full Pool,Th,2026-04-02 5:30 PM,2026-04-02 6:30 PM,471467,60,12,1,12,100%
Splash  8 Ranger Patrol,12,12,Th,Splash  8 Ranger Patrol Demo,5:30 PM - 6:30 PM,471467,From 2026-04-02 to 2026-06-11,Paul Palleschi Full Pool,"Cooper, Kai",Booked,555-0116-10608,student.96.8@example.test,11,Splash  8 Ranger Patrol,Paul Palleschi Full Pool,Th,2026-04-02 5:30 PM,2026-04-02 6:30 PM,471467,60,12,1,12,100%
Splash  8 Ranger Patrol,12,12,Th,Splash  8 Ranger Patrol Demo,5:30 PM - 6:30 PM,471467,From 2026-04-02 to 2026-06-11,Paul Palleschi Full Pool,"Cooper, Logan",Booked,555-0116-10609,student.96.9@example.test,12,Splash  8 Ranger Patrol,Paul Palleschi Full Pool,Th,2026-04-02 5:30 PM,2026-04-02 6:30 PM,471467,60,12,1,12,100%
Splash  8 Ranger Patrol,12,12,Th,Splash  8 Ranger Patrol Demo,5:30 PM - 6:30 PM,471467,From 2026-04-02 to 2026-06-11,Paul Palleschi Full Pool,"Walker, Maya",Booked,555-0116-10610,student.96.10@example.test,3,Splash  8 Ranger Patrol,Paul Palleschi Full Pool,Th,2026-04-02 5:30 PM,2026-04-02 6:30 PM,471467,60,12,1,12,100%
Splash  8 Ranger Patrol,12,12,Th,Splash  8 Ranger Patrol Demo,5:30 PM - 6:30 PM,471467,From 2026-04-02 to 2026-06-11,Paul Palleschi Full Pool,"Walker, Noah",Booked,555-0116-10611,student.96.11@example.test,4,Splash  8 Ranger Patrol,Paul Palleschi Full Pool,Th,2026-04-02 5:30 PM,2026-04-02 6:30 PM,471467,60,12,1,12,100%
Splash  1,6,6,Th,Splash  1 Demo,6:00 PM - 6:30 PM,457829,From 2026-04-02 to 2026-06-11,Paul Palleschi Full Pool,"Martin, Emery",Booked,555-0117-10700,student.97.0@example.test,3,Splash  1,Paul Palleschi Full Pool,Th,2026-04-02 6:00 PM,2026-04-02 6:30 PM,457829,30,6,1,6,100%
Splash  1,6,6,Th,Splash  1 Demo,6:00 PM - 6:30 PM,457829,From 2026-04-02 to 2026-06-11,Paul Palleschi Full Pool,"Martin, Finley",Booked,555-0117-10701,student.97.1@example.test,4,Splash  1,Paul Palleschi Full Pool,Th,2026-04-02 6:00 PM,2026-04-02 6:30 PM,457829,30,6,1,6,100%
Splash  1,6,6,Th,Splash  1 Demo,6:00 PM - 6:30 PM,457829,From 2026-04-02 to 2026-06-11,Paul Palleschi Full Pool,"Singh, Harper",Booked,555-0117-10702,student.97.2@example.test,5,Splash  1,Paul Palleschi Full Pool,Th,2026-04-02 6:00 PM,2026-04-02 6:30 PM,457829,30,6,1,6,100%
Splash  1,6,6,Th,Splash  1 Demo,6:00 PM - 6:30 PM,457829,From 2026-04-02 to 2026-06-11,Paul Palleschi Full Pool,"Singh, Jordan",Booked,555-0117-10703,student.97.3@example.test,6,Splash  1,Paul Palleschi Full Pool,Th,2026-04-02 6:00 PM,2026-04-02 6:30 PM,457829,30,6,1,6,100%
Splash  1,6,6,Th,Splash  1 Demo,6:00 PM - 6:30 PM,457829,From 2026-04-02 to 2026-06-11,Paul Palleschi Full Pool,"Cooper, Kai",Booked,555-0117-10704,student.97.4@example.test,7,Splash  1,Paul Palleschi Full Pool,Th,2026-04-02 6:00 PM,2026-04-02 6:30 PM,457829,30,6,1,6,100%
Splash  1,6,6,Th,Splash  1 Demo,6:00 PM - 6:30 PM,457829,From 2026-04-02 to 2026-06-11,Paul Palleschi Full Pool,"Cooper, Logan",Booked,555-0117-10705,student.97.5@example.test,8,Splash  1,Paul Palleschi Full Pool,Th,2026-04-02 6:00 PM,2026-04-02 6:30 PM,457829,30,6,1,6,100%
Little Splash 2,5,5,Th,Little Splash 2 Demo,6:00 PM - 6:30 PM,463750,From 2026-04-02 to 2026-06-11,Paul Palleschi Full Pool,"Cooper, Kai",Booked,555-0118-10800,student.98.0@example.test,3,Little Splash 2,Paul Palleschi Full Pool,Th,2026-04-02 6:00 PM,2026-04-02 6:30 PM,463750,30,5,1,5,100%
Little Splash 2,5,5,Th,Little Splash 2 Demo,6:00 PM - 6:30 PM,463750,From 2026-04-02 to 2026-06-11,Paul Palleschi Full Pool,"Cooper, Logan",Booked,555-0118-10801,student.98.1@example.test,4,Little Splash 2,Paul Palleschi Full Pool,Th,2026-04-02 6:00 PM,2026-04-02 6:30 PM,463750,30,5,1,5,100%
Little Splash 2,5,5,Th,Little Splash 2 Demo,6:00 PM - 6:30 PM,463750,From 2026-04-02 to 2026-06-11,Paul Palleschi Full Pool,"Walker, Maya",Booked,555-0118-10802,student.98.2@example.test,5,Little Splash 2,Paul Palleschi Full Pool,Th,2026-04-02 6:00 PM,2026-04-02 6:30 PM,463750,30,5,1,5,100%
Little Splash 2,5,5,Th,Little Splash 2 Demo,6:00 PM - 6:30 PM,463750,From 2026-04-02 to 2026-06-11,Paul Palleschi Full Pool,"Walker, Noah",Booked,555-0118-10803,student.98.3@example.test,6,Little Splash 2,Paul Palleschi Full Pool,Th,2026-04-02 6:00 PM,2026-04-02 6:30 PM,463750,30,5,1,5,100%
Little Splash 2,5,5,Th,Little Splash 2 Demo,6:00 PM - 6:30 PM,463750,From 2026-04-02 to 2026-06-11,Paul Palleschi Full Pool,"Young, Avery",Booked,555-0118-10804,student.98.4@example.test,7,Little Splash 2,Paul Palleschi Full Pool,Th,2026-04-02 6:00 PM,2026-04-02 6:30 PM,463750,30,5,1,5,100%
Little Splash 4,6,5,Th,Little Splash 4 Demo,6:00 PM - 6:30 PM,463914,From 2026-04-02 to 2026-06-11,Paul Palleschi Full Pool,"Young, Avery",Booked,555-0119-10900,student.99.0@example.test,3,Little Splash 4,Paul Palleschi Full Pool,Th,2026-04-02 6:00 PM,2026-04-02 6:30 PM,463914,30,6,1,5,83%
Little Splash 4,6,5,Th,Little Splash 4 Demo,6:00 PM - 6:30 PM,463914,From 2026-04-02 to 2026-06-11,Paul Palleschi Full Pool,"Young, Blake",Booked,555-0119-10901,student.99.1@example.test,4,Little Splash 4,Paul Palleschi Full Pool,Th,2026-04-02 6:00 PM,2026-04-02 6:30 PM,463914,30,6,1,5,83%
Little Splash 4,6,5,Th,Little Splash 4 Demo,6:00 PM - 6:30 PM,463914,From 2026-04-02 to 2026-06-11,Paul Palleschi Full Pool,"Hall, Casey",Booked,555-0119-10902,student.99.2@example.test,5,Little Splash 4,Paul Palleschi Full Pool,Th,2026-04-02 6:00 PM,2026-04-02 6:30 PM,463914,30,6,1,5,83%
Little Splash 4,6,5,Th,Little Splash 4 Demo,6:00 PM - 6:30 PM,463914,From 2026-04-02 to 2026-06-11,Paul Palleschi Full Pool,"Hall, Drew",Booked,555-0119-10903,student.99.3@example.test,6,Little Splash 4,Paul Palleschi Full Pool,Th,2026-04-02 6:00 PM,2026-04-02 6:30 PM,463914,30,6,1,5,83%
Little Splash 4,6,5,Th,Little Splash 4 Demo,6:00 PM - 6:30 PM,463914,From 2026-04-02 to 2026-06-11,Paul Palleschi Full Pool,"Allen, Emery",Booked,555-0119-10904,student.99.4@example.test,7,Little Splash 4,Paul Palleschi Full Pool,Th,2026-04-02 6:00 PM,2026-04-02 6:30 PM,463914,30,6,1,5,83%
Little Splash 4,6,5,Th,Little Splash 4 Demo,6:00 PM - 6:30 PM,463914,From 2026-04-02 to 2026-06-11,Paul Palleschi Full Pool,"Allen, Finley",Waiting,555-0119-10905,student.99.5@example.test,8,Little Splash 4,Paul Palleschi Full Pool,Th,2026-04-02 6:00 PM,2026-04-02 6:30 PM,463914,30,6,1,5,83%
Splash Adult 1 (18+ Years),14,12,Th,Splash Adult 1 (18+ Years) Demo,6:00 PM - 7:00 PM,464065,From 2026-04-02 to 2026-06-11,Paul Palleschi Full Pool,"Allen, Emery",Booked,555-0120-11000,student.100.0@example.test,3,Splash Adult 1 (18+ Years),Paul Palleschi Full Pool,Th,2026-04-02 6:00 PM,2026-04-02 7:00 PM,464065,60,14,1,12,86%
Splash Adult 1 (18+ Years),14,12,Th,Splash Adult 1 (18+ Years) Demo,6:00 PM - 7:00 PM,464065,From 2026-04-02 to 2026-06-11,Paul Palleschi Full Pool,"Allen, Finley",Booked,555-0120-11001,student.100.1@example.test,4,Splash Adult 1 (18+ Years),Paul Palleschi Full Pool,Th,2026-04-02 6:00 PM,2026-04-02 7:00 PM,464065,60,14,1,12,86%
Splash Adult 1 (18+ Years),14,12,Th,Splash Adult 1 (18+ Years) Demo,6:00 PM - 7:00 PM,464065,From 2026-04-02 to 2026-06-11,Paul Palleschi Full Pool,"Wright, Harper",Booked,555-0120-11002,student.100.2@example.test,5,Splash Adult 1 (18+ Years),Paul Palleschi Full Pool,Th,2026-04-02 6:00 PM,2026-04-02 7:00 PM,464065,60,14,1,12,86%
Splash Adult 1 (18+ Years),14,12,Th,Splash Adult 1 (18+ Years) Demo,6:00 PM - 7:00 PM,464065,From 2026-04-02 to 2026-06-11,Paul Palleschi Full Pool,"Wright, Jordan",Booked,555-0120-11003,student.100.3@example.test,6,Splash Adult 1 (18+ Years),Paul Palleschi Full Pool,Th,2026-04-02 6:00 PM,2026-04-02 7:00 PM,464065,60,14,1,12,86%
Splash Adult 1 (18+ Years),14,12,Th,Splash Adult 1 (18+ Years) Demo,6:00 PM - 7:00 PM,464065,From 2026-04-02 to 2026-06-11,Paul Palleschi Full Pool,"King, Kai",Waiting,555-0120-11004,student.100.4@example.test,7,Splash Adult 1 (18+ Years),Paul Palleschi Full Pool,Th,2026-04-02 6:00 PM,2026-04-02 7:00 PM,464065,60,14,1,12,86%
Splash Adult 1 (18+ Years),14,12,Th,Splash Adult 1 (18+ Years) Demo,6:00 PM - 7:00 PM,464065,From 2026-04-02 to 2026-06-11,Paul Palleschi Full Pool,"King, Logan",Booked,555-0120-11005,student.100.5@example.test,8,Splash Adult 1 (18+ Years),Paul Palleschi Full Pool,Th,2026-04-02 6:00 PM,2026-04-02 7:00 PM,464065,60,14,1,12,86%
Splash Adult 1 (18+ Years),14,12,Th,Splash Adult 1 (18+ Years) Demo,6:00 PM - 7:00 PM,464065,From 2026-04-02 to 2026-06-11,Paul Palleschi Full Pool,"Scott, Maya",Booked,555-0120-11006,student.100.6@example.test,9,Splash Adult 1 (18+ Years),Paul Palleschi Full Pool,Th,2026-04-02 6:00 PM,2026-04-02 7:00 PM,464065,60,14,1,12,86%
Splash Adult 1 (18+ Years),14,12,Th,Splash Adult 1 (18+ Years) Demo,6:00 PM - 7:00 PM,464065,From 2026-04-02 to 2026-06-11,Paul Palleschi Full Pool,"Scott, Noah",Booked,555-0120-11007,student.100.7@example.test,10,Splash Adult 1 (18+ Years),Paul Palleschi Full Pool,Th,2026-04-02 6:00 PM,2026-04-02 7:00 PM,464065,60,14,1,12,86%
Splash Adult 1 (18+ Years),14,12,Th,Splash Adult 1 (18+ Years) Demo,6:00 PM - 7:00 PM,464065,From 2026-04-02 to 2026-06-11,Paul Palleschi Full Pool,"Stone, Avery",Waiting,555-0120-11008,student.100.8@example.test,11,Splash Adult 1 (18+ Years),Paul Palleschi Full Pool,Th,2026-04-02 6:00 PM,2026-04-02 7:00 PM,464065,60,14,1,12,86%
Splash Adult 1 (18+ Years),14,12,Th,Splash Adult 1 (18+ Years) Demo,6:00 PM - 7:00 PM,464065,From 2026-04-02 to 2026-06-11,Paul Palleschi Full Pool,"Stone, Blake",Booked,555-0120-11009,student.100.9@example.test,12,Splash Adult 1 (18+ Years),Paul Palleschi Full Pool,Th,2026-04-02 6:00 PM,2026-04-02 7:00 PM,464065,60,14,1,12,86%
Splash Adult 1 (18+ Years),14,12,Th,Splash Adult 1 (18+ Years) Demo,6:00 PM - 7:00 PM,464065,From 2026-04-02 to 2026-06-11,Paul Palleschi Full Pool,"Lee, Casey",Booked,555-0120-11010,student.100.10@example.test,3,Splash Adult 1 (18+ Years),Paul Palleschi Full Pool,Th,2026-04-02 6:00 PM,2026-04-02 7:00 PM,464065,60,14,1,12,86%
Splash Adult 1 (18+ Years),14,12,Th,Splash Adult 1 (18+ Years) Demo,6:00 PM - 7:00 PM,464065,From 2026-04-02 to 2026-06-11,Paul Palleschi Full Pool,"Lee, Drew",Booked,555-0120-11011,student.100.11@example.test,4,Splash Adult 1 (18+ Years),Paul Palleschi Full Pool,Th,2026-04-02 6:00 PM,2026-04-02 7:00 PM,464065,60,14,1,12,86%
Splash Adult 1 (18+ Years),14,12,Th,Splash Adult 1 (18+ Years) Demo,6:00 PM - 7:00 PM,464065,From 2026-04-02 to 2026-06-11,Paul Palleschi Full Pool,"Martin, Emery",Booked,555-0120-11012,student.100.12@example.test,5,Splash Adult 1 (18+ Years),Paul Palleschi Full Pool,Th,2026-04-02 6:00 PM,2026-04-02 7:00 PM,464065,60,14,1,12,86%
Splash Adult 1 (18+ Years),14,12,Th,Splash Adult 1 (18+ Years) Demo,6:00 PM - 7:00 PM,464065,From 2026-04-02 to 2026-06-11,Paul Palleschi Full Pool,"Martin, Finley",Booked,555-0120-11013,student.100.13@example.test,6,Splash Adult 1 (18+ Years),Paul Palleschi Full Pool,Th,2026-04-02 6:00 PM,2026-04-02 7:00 PM,464065,60,14,1,12,86%
Little Splash 1,5,4,Th,Little Splash 1 Demo,6:30 PM - 7:00 PM,457546,From 2026-04-02 to 2026-06-11,Paul Palleschi Full Pool,"King, Kai",Booked,555-0121-11100,student.101.0@example.test,3,Little Splash 1,Paul Palleschi Full Pool,Th,2026-04-02 6:30 PM,2026-04-02 7:00 PM,457546,30,5,1,4,80%
Little Splash 1,5,4,Th,Little Splash 1 Demo,6:30 PM - 7:00 PM,457546,From 2026-04-02 to 2026-06-11,Paul Palleschi Full Pool,"King, Logan",Booked,555-0121-11101,student.101.1@example.test,4,Little Splash 1,Paul Palleschi Full Pool,Th,2026-04-02 6:30 PM,2026-04-02 7:00 PM,457546,30,5,1,4,80%
Little Splash 1,5,4,Th,Little Splash 1 Demo,6:30 PM - 7:00 PM,457546,From 2026-04-02 to 2026-06-11,Paul Palleschi Full Pool,"Scott, Maya",Waiting,555-0121-11102,student.101.2@example.test,5,Little Splash 1,Paul Palleschi Full Pool,Th,2026-04-02 6:30 PM,2026-04-02 7:00 PM,457546,30,5,1,4,80%
Little Splash 1,5,4,Th,Little Splash 1 Demo,6:30 PM - 7:00 PM,457546,From 2026-04-02 to 2026-06-11,Paul Palleschi Full Pool,"Scott, Noah",Booked,555-0121-11103,student.101.3@example.test,6,Little Splash 1,Paul Palleschi Full Pool,Th,2026-04-02 6:30 PM,2026-04-02 7:00 PM,457546,30,5,1,4,80%
Little Splash 1,5,4,Th,Little Splash 1 Demo,6:30 PM - 7:00 PM,457546,From 2026-04-02 to 2026-06-11,Paul Palleschi Full Pool,"Stone, Avery",Booked,555-0121-11104,student.101.4@example.test,7,Little Splash 1,Paul Palleschi Full Pool,Th,2026-04-02 6:30 PM,2026-04-02 7:00 PM,457546,30,5,1,4,80%
Little Splash 5,5,5,Th,Little Splash 5 Demo,6:30 PM - 7:00 PM,463943,From 2026-04-02 to 2026-06-11,Paul Palleschi Full Pool,"Stone, Avery",Booked,555-0122-11200,student.102.0@example.test,3,Little Splash 5,Paul Palleschi Full Pool,Th,2026-04-02 6:30 PM,2026-04-02 7:00 PM,463943,30,5,1,5,100%
Little Splash 5,5,5,Th,Little Splash 5 Demo,6:30 PM - 7:00 PM,463943,From 2026-04-02 to 2026-06-11,Paul Palleschi Full Pool,"Stone, Blake",Booked,555-0122-11201,student.102.1@example.test,4,Little Splash 5,Paul Palleschi Full Pool,Th,2026-04-02 6:30 PM,2026-04-02 7:00 PM,463943,30,5,1,5,100%
Little Splash 5,5,5,Th,Little Splash 5 Demo,6:30 PM - 7:00 PM,463943,From 2026-04-02 to 2026-06-11,Paul Palleschi Full Pool,"Lee, Casey",Booked,555-0122-11202,student.102.2@example.test,5,Little Splash 5,Paul Palleschi Full Pool,Th,2026-04-02 6:30 PM,2026-04-02 7:00 PM,463943,30,5,1,5,100%
Little Splash 5,5,5,Th,Little Splash 5 Demo,6:30 PM - 7:00 PM,463943,From 2026-04-02 to 2026-06-11,Paul Palleschi Full Pool,"Lee, Drew",Booked,555-0122-11203,student.102.3@example.test,6,Little Splash 5,Paul Palleschi Full Pool,Th,2026-04-02 6:30 PM,2026-04-02 7:00 PM,463943,30,5,1,5,100%
Little Splash 5,5,5,Th,Little Splash 5 Demo,6:30 PM - 7:00 PM,463943,From 2026-04-02 to 2026-06-11,Paul Palleschi Full Pool,"Martin, Emery",Booked,555-0122-11204,student.102.4@example.test,7,Little Splash 5,Paul Palleschi Full Pool,Th,2026-04-02 6:30 PM,2026-04-02 7:00 PM,463943,30,5,1,5,100%
Swimming Private Lesson,5,1,Th,Swimming Private Lesson Demo,6:30 PM - 7:00 PM,471766,From 2026-04-02 to 2026-06-11,Paul Palleschi Full Pool,"Martin, Emery",Waiting,555-0123-11300,student.103.0@example.test,3,Swimming Private Lesson,Paul Palleschi Full Pool,Th,2026-04-02 6:30 PM,2026-04-02 7:00 PM,471766,30,5,1,1,20%
Swimming Private Lesson,5,1,Th,Swimming Private Lesson Demo,6:30 PM - 7:00 PM,471766,From 2026-04-02 to 2026-06-11,Paul Palleschi Full Pool,"Martin, Finley",Booked,555-0123-11301,student.103.1@example.test,4,Swimming Private Lesson,Paul Palleschi Full Pool,Th,2026-04-02 6:30 PM,2026-04-02 7:00 PM,471766,30,5,1,1,20%
Swimming Private Lesson,5,1,Th,Swimming Private Lesson Demo,6:30 PM - 7:00 PM,471766,From 2026-04-02 to 2026-06-11,Paul Palleschi Full Pool,"Singh, Harper",Waiting,555-0123-11302,student.103.2@example.test,5,Swimming Private Lesson,Paul Palleschi Full Pool,Th,2026-04-02 6:30 PM,2026-04-02 7:00 PM,471766,30,5,1,1,20%
Swimming Private Lesson,5,1,Th,Swimming Private Lesson Demo,6:30 PM - 7:00 PM,471766,From 2026-04-02 to 2026-06-11,Paul Palleschi Full Pool,"Singh, Jordan",Waiting,555-0123-11303,student.103.3@example.test,6,Swimming Private Lesson,Paul Palleschi Full Pool,Th,2026-04-02 6:30 PM,2026-04-02 7:00 PM,471766,30,5,1,1,20%
Swimming Private Lesson,5,1,Th,Swimming Private Lesson Demo,6:30 PM - 7:00 PM,471766,From 2026-04-02 to 2026-06-11,Paul Palleschi Full Pool,"Cooper, Kai",Waiting,555-0123-11304,student.103.4@example.test,7,Swimming Private Lesson,Paul Palleschi Full Pool,Th,2026-04-02 6:30 PM,2026-04-02 7:00 PM,471766,30,5,1,1,20%
Splash  5,17,11,Th,Splash  5 Demo,6:30 PM - 7:15 PM,496676,From 2026-04-02 to 2026-06-11,Paul Palleschi Full Pool,"Cooper, Kai",Booked,555-0124-11400,student.104.0@example.test,3,Splash  5,Paul Palleschi Full Pool,Th,2026-04-02 6:30 PM,2026-04-02 7:15 PM,496676,45,17,1,11,65%
Splash  5,17,11,Th,Splash  5 Demo,6:30 PM - 7:15 PM,496676,From 2026-04-02 to 2026-06-11,Paul Palleschi Full Pool,"Cooper, Logan",Booked,555-0124-11401,student.104.1@example.test,4,Splash  5,Paul Palleschi Full Pool,Th,2026-04-02 6:30 PM,2026-04-02 7:15 PM,496676,45,17,1,11,65%
Splash  5,17,11,Th,Splash  5 Demo,6:30 PM - 7:15 PM,496676,From 2026-04-02 to 2026-06-11,Paul Palleschi Full Pool,"Walker, Maya",Booked,555-0124-11402,student.104.2@example.test,5,Splash  5,Paul Palleschi Full Pool,Th,2026-04-02 6:30 PM,2026-04-02 7:15 PM,496676,45,17,1,11,65%
Splash  5,17,11,Th,Splash  5 Demo,6:30 PM - 7:15 PM,496676,From 2026-04-02 to 2026-06-11,Paul Palleschi Full Pool,"Walker, Noah",Booked,555-0124-11403,student.104.3@example.test,6,Splash  5,Paul Palleschi Full Pool,Th,2026-04-02 6:30 PM,2026-04-02 7:15 PM,496676,45,17,1,11,65%
Splash  5,17,11,Th,Splash  5 Demo,6:30 PM - 7:15 PM,496676,From 2026-04-02 to 2026-06-11,Paul Palleschi Full Pool,"Young, Avery",Waiting,555-0124-11404,student.104.4@example.test,7,Splash  5,Paul Palleschi Full Pool,Th,2026-04-02 6:30 PM,2026-04-02 7:15 PM,496676,45,17,1,11,65%
Splash  5,17,11,Th,Splash  5 Demo,6:30 PM - 7:15 PM,496676,From 2026-04-02 to 2026-06-11,Paul Palleschi Full Pool,"Young, Blake",Waiting,555-0124-11405,student.104.5@example.test,8,Splash  5,Paul Palleschi Full Pool,Th,2026-04-02 6:30 PM,2026-04-02 7:15 PM,496676,45,17,1,11,65%
Splash  5,17,11,Th,Splash  5 Demo,6:30 PM - 7:15 PM,496676,From 2026-04-02 to 2026-06-11,Paul Palleschi Full Pool,"Hall, Casey",Booked,555-0124-11406,student.104.6@example.test,9,Splash  5,Paul Palleschi Full Pool,Th,2026-04-02 6:30 PM,2026-04-02 7:15 PM,496676,45,17,1,11,65%
Splash  5,17,11,Th,Splash  5 Demo,6:30 PM - 7:15 PM,496676,From 2026-04-02 to 2026-06-11,Paul Palleschi Full Pool,"Hall, Drew",Waiting,555-0124-11407,student.104.7@example.test,10,Splash  5,Paul Palleschi Full Pool,Th,2026-04-02 6:30 PM,2026-04-02 7:15 PM,496676,45,17,1,11,65%
Splash  5,17,11,Th,Splash  5 Demo,6:30 PM - 7:15 PM,496676,From 2026-04-02 to 2026-06-11,Paul Palleschi Full Pool,"Allen, Emery",Booked,555-0124-11408,student.104.8@example.test,11,Splash  5,Paul Palleschi Full Pool,Th,2026-04-02 6:30 PM,2026-04-02 7:15 PM,496676,45,17,1,11,65%
Splash  5,17,11,Th,Splash  5 Demo,6:30 PM - 7:15 PM,496676,From 2026-04-02 to 2026-06-11,Paul Palleschi Full Pool,"Allen, Finley",Booked,555-0124-11409,student.104.9@example.test,12,Splash  5,Paul Palleschi Full Pool,Th,2026-04-02 6:30 PM,2026-04-02 7:15 PM,496676,45,17,1,11,65%
Splash  5,17,11,Th,Splash  5 Demo,6:30 PM - 7:15 PM,496676,From 2026-04-02 to 2026-06-11,Paul Palleschi Full Pool,"Wright, Harper",Booked,555-0124-11410,student.104.10@example.test,3,Splash  5,Paul Palleschi Full Pool,Th,2026-04-02 6:30 PM,2026-04-02 7:15 PM,496676,45,17,1,11,65%
Splash  5,17,11,Th,Splash  5 Demo,6:30 PM - 7:15 PM,496676,From 2026-04-02 to 2026-06-11,Paul Palleschi Full Pool,"Wright, Jordan",Waiting,555-0124-11411,student.104.11@example.test,4,Splash  5,Paul Palleschi Full Pool,Th,2026-04-02 6:30 PM,2026-04-02 7:15 PM,496676,45,17,1,11,65%
Splash  5,17,11,Th,Splash  5 Demo,6:30 PM - 7:15 PM,496676,From 2026-04-02 to 2026-06-11,Paul Palleschi Full Pool,"King, Kai",Waiting,555-0124-11412,student.104.12@example.test,5,Splash  5,Paul Palleschi Full Pool,Th,2026-04-02 6:30 PM,2026-04-02 7:15 PM,496676,45,17,1,11,65%
Splash  5,17,11,Th,Splash  5 Demo,6:30 PM - 7:15 PM,496676,From 2026-04-02 to 2026-06-11,Paul Palleschi Full Pool,"King, Logan",Booked,555-0124-11413,student.104.13@example.test,6,Splash  5,Paul Palleschi Full Pool,Th,2026-04-02 6:30 PM,2026-04-02 7:15 PM,496676,45,17,1,11,65%
Splash  5,17,11,Th,Splash  5 Demo,6:30 PM - 7:15 PM,496676,From 2026-04-02 to 2026-06-11,Paul Palleschi Full Pool,"Scott, Maya",Waiting,555-0124-11414,student.104.14@example.test,7,Splash  5,Paul Palleschi Full Pool,Th,2026-04-02 6:30 PM,2026-04-02 7:15 PM,496676,45,17,1,11,65%
Splash  5,17,11,Th,Splash  5 Demo,6:30 PM - 7:15 PM,496676,From 2026-04-02 to 2026-06-11,Paul Palleschi Full Pool,"Scott, Noah",Booked,555-0124-11415,student.104.15@example.test,8,Splash  5,Paul Palleschi Full Pool,Th,2026-04-02 6:30 PM,2026-04-02 7:15 PM,496676,45,17,1,11,65%
Splash  5,17,11,Th,Splash  5 Demo,6:30 PM - 7:15 PM,496676,From 2026-04-02 to 2026-06-11,Paul Palleschi Full Pool,"Stone, Avery",Booked,555-0124-11416,student.104.16@example.test,9,Splash  5,Paul Palleschi Full Pool,Th,2026-04-02 6:30 PM,2026-04-02 7:15 PM,496676,45,17,1,11,65%
Swimming Private Lesson,2,1,Th,Swimming Private Lesson Demo,7:15 PM - 7:45 PM,496679,From 2026-04-02 to 2026-06-11,Paul Palleschi Full Pool,"Young, Avery",Waiting,555-0125-11500,student.105.0@example.test,3,Swimming Private Lesson,Paul Palleschi Full Pool,Th,2026-04-02 7:15 PM,2026-04-02 7:45 PM,496679,30,2,1,1,50%
Swimming Private Lesson,2,1,Th,Swimming Private Lesson Demo,7:15 PM - 7:45 PM,496679,From 2026-04-02 to 2026-06-11,Paul Palleschi Full Pool,"Young, Blake",Booked,555-0125-11501,student.105.1@example.test,4,Swimming Private Lesson,Paul Palleschi Full Pool,Th,2026-04-02 7:15 PM,2026-04-02 7:45 PM,496679,30,2,1,1,50%
Swimming Private Lesson,1,1,Th,Swimming Private Lesson Demo,7:15 PM - 7:45 PM,505166,From 2026-04-02 to 2026-06-11,Paul Palleschi Full Pool,"Allen, Emery",Booked,555-0126-11600,student.106.0@example.test,3,Swimming Private Lesson,Paul Palleschi Full Pool,Th,2026-04-02 7:15 PM,2026-04-02 7:45 PM,505166,30,1,1,1,100%
Splash Adult 1 (18+ Years),14,12,Th,Splash Adult 1 (18+ Years) Demo,7:15 PM - 8:15 PM,464067,From 2026-04-02 to 2026-06-11,Paul Palleschi Full Pool,"King, Kai",Booked,555-0127-11700,student.107.0@example.test,3,Splash Adult 1 (18+ Years),Paul Palleschi Full Pool,Th,2026-04-02 7:15 PM,2026-04-02 8:15 PM,464067,60,14,1,12,86%
Splash Adult 1 (18+ Years),14,12,Th,Splash Adult 1 (18+ Years) Demo,7:15 PM - 8:15 PM,464067,From 2026-04-02 to 2026-06-11,Paul Palleschi Full Pool,"King, Logan",Booked,555-0127-11701,student.107.1@example.test,4,Splash Adult 1 (18+ Years),Paul Palleschi Full Pool,Th,2026-04-02 7:15 PM,2026-04-02 8:15 PM,464067,60,14,1,12,86%
Splash Adult 1 (18+ Years),14,12,Th,Splash Adult 1 (18+ Years) Demo,7:15 PM - 8:15 PM,464067,From 2026-04-02 to 2026-06-11,Paul Palleschi Full Pool,"Scott, Maya",Booked,555-0127-11702,student.107.2@example.test,5,Splash Adult 1 (18+ Years),Paul Palleschi Full Pool,Th,2026-04-02 7:15 PM,2026-04-02 8:15 PM,464067,60,14,1,12,86%
Splash Adult 1 (18+ Years),14,12,Th,Splash Adult 1 (18+ Years) Demo,7:15 PM - 8:15 PM,464067,From 2026-04-02 to 2026-06-11,Paul Palleschi Full Pool,"Scott, Noah",Booked,555-0127-11703,student.107.3@example.test,6,Splash Adult 1 (18+ Years),Paul Palleschi Full Pool,Th,2026-04-02 7:15 PM,2026-04-02 8:15 PM,464067,60,14,1,12,86%
Splash Adult 1 (18+ Years),14,12,Th,Splash Adult 1 (18+ Years) Demo,7:15 PM - 8:15 PM,464067,From 2026-04-02 to 2026-06-11,Paul Palleschi Full Pool,"Stone, Avery",Booked,555-0127-11704,student.107.4@example.test,7,Splash Adult 1 (18+ Years),Paul Palleschi Full Pool,Th,2026-04-02 7:15 PM,2026-04-02 8:15 PM,464067,60,14,1,12,86%
Splash Adult 1 (18+ Years),14,12,Th,Splash Adult 1 (18+ Years) Demo,7:15 PM - 8:15 PM,464067,From 2026-04-02 to 2026-06-11,Paul Palleschi Full Pool,"Stone, Blake",Booked,555-0127-11705,student.107.5@example.test,8,Splash Adult 1 (18+ Years),Paul Palleschi Full Pool,Th,2026-04-02 7:15 PM,2026-04-02 8:15 PM,464067,60,14,1,12,86%
Splash Adult 1 (18+ Years),14,12,Th,Splash Adult 1 (18+ Years) Demo,7:15 PM - 8:15 PM,464067,From 2026-04-02 to 2026-06-11,Paul Palleschi Full Pool,"Lee, Casey",Booked,555-0127-11706,student.107.6@example.test,9,Splash Adult 1 (18+ Years),Paul Palleschi Full Pool,Th,2026-04-02 7:15 PM,2026-04-02 8:15 PM,464067,60,14,1,12,86%
Splash Adult 1 (18+ Years),14,12,Th,Splash Adult 1 (18+ Years) Demo,7:15 PM - 8:15 PM,464067,From 2026-04-02 to 2026-06-11,Paul Palleschi Full Pool,"Lee, Drew",Waiting,555-0127-11707,student.107.7@example.test,10,Splash Adult 1 (18+ Years),Paul Palleschi Full Pool,Th,2026-04-02 7:15 PM,2026-04-02 8:15 PM,464067,60,14,1,12,86%
Splash Adult 1 (18+ Years),14,12,Th,Splash Adult 1 (18+ Years) Demo,7:15 PM - 8:15 PM,464067,From 2026-04-02 to 2026-06-11,Paul Palleschi Full Pool,"Martin, Emery",Waiting,555-0127-11708,student.107.8@example.test,11,Splash Adult 1 (18+ Years),Paul Palleschi Full Pool,Th,2026-04-02 7:15 PM,2026-04-02 8:15 PM,464067,60,14,1,12,86%
Splash Adult 1 (18+ Years),14,12,Th,Splash Adult 1 (18+ Years) Demo,7:15 PM - 8:15 PM,464067,From 2026-04-02 to 2026-06-11,Paul Palleschi Full Pool,"Martin, Finley",Booked,555-0127-11709,student.107.9@example.test,12,Splash Adult 1 (18+ Years),Paul Palleschi Full Pool,Th,2026-04-02 7:15 PM,2026-04-02 8:15 PM,464067,60,14,1,12,86%
Splash Adult 1 (18+ Years),14,12,Th,Splash Adult 1 (18+ Years) Demo,7:15 PM - 8:15 PM,464067,From 2026-04-02 to 2026-06-11,Paul Palleschi Full Pool,"Singh, Harper",Booked,555-0127-11710,student.107.10@example.test,3,Splash Adult 1 (18+ Years),Paul Palleschi Full Pool,Th,2026-04-02 7:15 PM,2026-04-02 8:15 PM,464067,60,14,1,12,86%
Splash Adult 1 (18+ Years),14,12,Th,Splash Adult 1 (18+ Years) Demo,7:15 PM - 8:15 PM,464067,From 2026-04-02 to 2026-06-11,Paul Palleschi Full Pool,"Singh, Jordan",Booked,555-0127-11711,student.107.11@example.test,4,Splash Adult 1 (18+ Years),Paul Palleschi Full Pool,Th,2026-04-02 7:15 PM,2026-04-02 8:15 PM,464067,60,14,1,12,86%
Splash Adult 1 (18+ Years),14,12,Th,Splash Adult 1 (18+ Years) Demo,7:15 PM - 8:15 PM,464067,From 2026-04-02 to 2026-06-11,Paul Palleschi Full Pool,"Cooper, Kai",Booked,555-0127-11712,student.107.12@example.test,5,Splash Adult 1 (18+ Years),Paul Palleschi Full Pool,Th,2026-04-02 7:15 PM,2026-04-02 8:15 PM,464067,60,14,1,12,86%
Splash Adult 1 (18+ Years),14,12,Th,Splash Adult 1 (18+ Years) Demo,7:15 PM - 8:15 PM,464067,From 2026-04-02 to 2026-06-11,Paul Palleschi Full Pool,"Cooper, Logan",Booked,555-0127-11713,student.107.13@example.test,6,Splash Adult 1 (18+ Years),Paul Palleschi Full Pool,Th,2026-04-02 7:15 PM,2026-04-02 8:15 PM,464067,60,14,1,12,86%
Splash Adult 2 (18+ Years),19,12,Th,Splash Adult 2 (18+ Years) Demo,7:15 PM - 8:15 PM,464089,From 2026-04-02 to 2026-06-11,Paul Palleschi Full Pool,"Stone, Avery",Waiting,555-0128-11800,student.108.0@example.test,3,Splash Adult 2 (18+ Years),Paul Palleschi Full Pool,Th,2026-04-02 7:15 PM,2026-04-02 8:15 PM,464089,60,19,1,12,63%
Splash Adult 2 (18+ Years),19,12,Th,Splash Adult 2 (18+ Years) Demo,7:15 PM - 8:15 PM,464089,From 2026-04-02 to 2026-06-11,Paul Palleschi Full Pool,"Stone, Blake",Booked,555-0128-11801,student.108.1@example.test,4,Splash Adult 2 (18+ Years),Paul Palleschi Full Pool,Th,2026-04-02 7:15 PM,2026-04-02 8:15 PM,464089,60,19,1,12,63%
Splash Adult 2 (18+ Years),19,12,Th,Splash Adult 2 (18+ Years) Demo,7:15 PM - 8:15 PM,464089,From 2026-04-02 to 2026-06-11,Paul Palleschi Full Pool,"Lee, Casey",Waiting,555-0128-11802,student.108.2@example.test,5,Splash Adult 2 (18+ Years),Paul Palleschi Full Pool,Th,2026-04-02 7:15 PM,2026-04-02 8:15 PM,464089,60,19,1,12,63%
Splash Adult 2 (18+ Years),19,12,Th,Splash Adult 2 (18+ Years) Demo,7:15 PM - 8:15 PM,464089,From 2026-04-02 to 2026-06-11,Paul Palleschi Full Pool,"Lee, Drew",Booked,555-0128-11803,student.108.3@example.test,6,Splash Adult 2 (18+ Years),Paul Palleschi Full Pool,Th,2026-04-02 7:15 PM,2026-04-02 8:15 PM,464089,60,19,1,12,63%
Splash Adult 2 (18+ Years),19,12,Th,Splash Adult 2 (18+ Years) Demo,7:15 PM - 8:15 PM,464089,From 2026-04-02 to 2026-06-11,Paul Palleschi Full Pool,"Martin, Emery",Booked,555-0128-11804,student.108.4@example.test,7,Splash Adult 2 (18+ Years),Paul Palleschi Full Pool,Th,2026-04-02 7:15 PM,2026-04-02 8:15 PM,464089,60,19,1,12,63%
Splash Adult 2 (18+ Years),19,12,Th,Splash Adult 2 (18+ Years) Demo,7:15 PM - 8:15 PM,464089,From 2026-04-02 to 2026-06-11,Paul Palleschi Full Pool,"Martin, Finley",Waiting,555-0128-11805,student.108.5@example.test,8,Splash Adult 2 (18+ Years),Paul Palleschi Full Pool,Th,2026-04-02 7:15 PM,2026-04-02 8:15 PM,464089,60,19,1,12,63%
Splash Adult 2 (18+ Years),19,12,Th,Splash Adult 2 (18+ Years) Demo,7:15 PM - 8:15 PM,464089,From 2026-04-02 to 2026-06-11,Paul Palleschi Full Pool,"Singh, Harper",Booked,555-0128-11806,student.108.6@example.test,9,Splash Adult 2 (18+ Years),Paul Palleschi Full Pool,Th,2026-04-02 7:15 PM,2026-04-02 8:15 PM,464089,60,19,1,12,63%
Splash Adult 2 (18+ Years),19,12,Th,Splash Adult 2 (18+ Years) Demo,7:15 PM - 8:15 PM,464089,From 2026-04-02 to 2026-06-11,Paul Palleschi Full Pool,"Singh, Jordan",Booked,555-0128-11807,student.108.7@example.test,10,Splash Adult 2 (18+ Years),Paul Palleschi Full Pool,Th,2026-04-02 7:15 PM,2026-04-02 8:15 PM,464089,60,19,1,12,63%
Splash Adult 2 (18+ Years),19,12,Th,Splash Adult 2 (18+ Years) Demo,7:15 PM - 8:15 PM,464089,From 2026-04-02 to 2026-06-11,Paul Palleschi Full Pool,"Cooper, Kai",Booked,555-0128-11808,student.108.8@example.test,11,Splash Adult 2 (18+ Years),Paul Palleschi Full Pool,Th,2026-04-02 7:15 PM,2026-04-02 8:15 PM,464089,60,19,1,12,63%
Splash Adult 2 (18+ Years),19,12,Th,Splash Adult 2 (18+ Years) Demo,7:15 PM - 8:15 PM,464089,From 2026-04-02 to 2026-06-11,Paul Palleschi Full Pool,"Cooper, Logan",Booked,555-0128-11809,student.108.9@example.test,12,Splash Adult 2 (18+ Years),Paul Palleschi Full Pool,Th,2026-04-02 7:15 PM,2026-04-02 8:15 PM,464089,60,19,1,12,63%
Splash Adult 2 (18+ Years),19,12,Th,Splash Adult 2 (18+ Years) Demo,7:15 PM - 8:15 PM,464089,From 2026-04-02 to 2026-06-11,Paul Palleschi Full Pool,"Walker, Maya",Booked,555-0128-11810,student.108.10@example.test,3,Splash Adult 2 (18+ Years),Paul Palleschi Full Pool,Th,2026-04-02 7:15 PM,2026-04-02 8:15 PM,464089,60,19,1,12,63%
Splash Adult 2 (18+ Years),19,12,Th,Splash Adult 2 (18+ Years) Demo,7:15 PM - 8:15 PM,464089,From 2026-04-02 to 2026-06-11,Paul Palleschi Full Pool,"Walker, Noah",Waiting,555-0128-11811,student.108.11@example.test,4,Splash Adult 2 (18+ Years),Paul Palleschi Full Pool,Th,2026-04-02 7:15 PM,2026-04-02 8:15 PM,464089,60,19,1,12,63%
Splash Adult 2 (18+ Years),19,12,Th,Splash Adult 2 (18+ Years) Demo,7:15 PM - 8:15 PM,464089,From 2026-04-02 to 2026-06-11,Paul Palleschi Full Pool,"Young, Avery",Waiting,555-0128-11812,student.108.12@example.test,5,Splash Adult 2 (18+ Years),Paul Palleschi Full Pool,Th,2026-04-02 7:15 PM,2026-04-02 8:15 PM,464089,60,19,1,12,63%
Splash Adult 2 (18+ Years),19,12,Th,Splash Adult 2 (18+ Years) Demo,7:15 PM - 8:15 PM,464089,From 2026-04-02 to 2026-06-11,Paul Palleschi Full Pool,"Young, Blake",Booked,555-0128-11813,student.108.13@example.test,6,Splash Adult 2 (18+ Years),Paul Palleschi Full Pool,Th,2026-04-02 7:15 PM,2026-04-02 8:15 PM,464089,60,19,1,12,63%
Splash Adult 2 (18+ Years),19,12,Th,Splash Adult 2 (18+ Years) Demo,7:15 PM - 8:15 PM,464089,From 2026-04-02 to 2026-06-11,Paul Palleschi Full Pool,"Hall, Casey",Booked,555-0128-11814,student.108.14@example.test,7,Splash Adult 2 (18+ Years),Paul Palleschi Full Pool,Th,2026-04-02 7:15 PM,2026-04-02 8:15 PM,464089,60,19,1,12,63%
Splash Adult 2 (18+ Years),19,12,Th,Splash Adult 2 (18+ Years) Demo,7:15 PM - 8:15 PM,464089,From 2026-04-02 to 2026-06-11,Paul Palleschi Full Pool,"Hall, Drew",Booked,555-0128-11815,student.108.15@example.test,8,Splash Adult 2 (18+ Years),Paul Palleschi Full Pool,Th,2026-04-02 7:15 PM,2026-04-02 8:15 PM,464089,60,19,1,12,63%
Splash Adult 2 (18+ Years),19,12,Th,Splash Adult 2 (18+ Years) Demo,7:15 PM - 8:15 PM,464089,From 2026-04-02 to 2026-06-11,Paul Palleschi Full Pool,"Allen, Emery",Booked,555-0128-11816,student.108.16@example.test,9,Splash Adult 2 (18+ Years),Paul Palleschi Full Pool,Th,2026-04-02 7:15 PM,2026-04-02 8:15 PM,464089,60,19,1,12,63%
Splash Adult 2 (18+ Years),19,12,Th,Splash Adult 2 (18+ Years) Demo,7:15 PM - 8:15 PM,464089,From 2026-04-02 to 2026-06-11,Paul Palleschi Full Pool,"Allen, Finley",Waiting,555-0128-11817,student.108.17@example.test,10,Splash Adult 2 (18+ Years),Paul Palleschi Full Pool,Th,2026-04-02 7:15 PM,2026-04-02 8:15 PM,464089,60,19,1,12,63%
Splash Adult 2 (18+ Years),19,12,Th,Splash Adult 2 (18+ Years) Demo,7:15 PM - 8:15 PM,464089,From 2026-04-02 to 2026-06-11,Paul Palleschi Full Pool,"Wright, Harper",Waiting,555-0128-11818,student.108.18@example.test,11,Splash Adult 2 (18+ Years),Paul Palleschi Full Pool,Th,2026-04-02 7:15 PM,2026-04-02 8:15 PM,464089,60,19,1,12,63%
Swimming Private Lesson,1,1,Th,Swimming Private Lesson Demo,7:45 PM - 8:15 PM,496680,From 2026-04-02 to 2026-06-11,Paul Palleschi Full Pool,"Martin, Emery",Booked,555-0129-11900,student.109.0@example.test,3,Swimming Private Lesson,Paul Palleschi Full Pool,Th,2026-04-02 7:45 PM,2026-04-02 8:15 PM,496680,30,1,1,1,100%
Swimming Private Lesson,1,1,Th,Swimming Private Lesson Demo,7:45 PM - 8:15 PM,505174,From 2026-04-02 to 2026-06-11,Paul Palleschi Full Pool,"Cooper, Kai",Booked,555-0130-12000,student.110.0@example.test,3,Swimming Private Lesson,Paul Palleschi Full Pool,Th,2026-04-02 7:45 PM,2026-04-02 8:15 PM,505174,30,1,1,1,100%
Swimming Private Lesson,1,1,Th,Swimming Private Lesson Demo,8:15 PM - 8:45 PM,496681,From 2026-04-02 to 2026-06-11,Paul Palleschi Full Pool,"Young, Avery",Booked,555-0131-12100,student.111.0@example.test,3,Swimming Private Lesson,Paul Palleschi Full Pool,Th,2026-04-02 8:15 PM,2026-04-02 8:45 PM,496681,30,1,1,1,100%
Splash Adult 1 (18+ Years),12,12,Th,Splash Adult 1 (18+ Years) Demo,8:15 PM - 9:15 PM,464073,From 2026-04-02 to 2026-06-11,Paul Palleschi Full Pool,"Allen, Emery",Booked,555-0132-12200,student.112.0@example.test,3,Splash Adult 1 (18+ Years),Paul Palleschi Full Pool,Th,2026-04-02 8:15 PM,2026-04-02 9:15 PM,464073,60,12,1,12,100%
Splash Adult 1 (18+ Years),12,12,Th,Splash Adult 1 (18+ Years) Demo,8:15 PM - 9:15 PM,464073,From 2026-04-02 to 2026-06-11,Paul Palleschi Full Pool,"Allen, Finley",Booked,555-0132-12201,student.112.1@example.test,4,Splash Adult 1 (18+ Years),Paul Palleschi Full Pool,Th,2026-04-02 8:15 PM,2026-04-02 9:15 PM,464073,60,12,1,12,100%
Splash Adult 1 (18+ Years),12,12,Th,Splash Adult 1 (18+ Years) Demo,8:15 PM - 9:15 PM,464073,From 2026-04-02 to 2026-06-11,Paul Palleschi Full Pool,"Wright, Harper",Booked,555-0132-12202,student.112.2@example.test,5,Splash Adult 1 (18+ Years),Paul Palleschi Full Pool,Th,2026-04-02 8:15 PM,2026-04-02 9:15 PM,464073,60,12,1,12,100%
Splash Adult 1 (18+ Years),12,12,Th,Splash Adult 1 (18+ Years) Demo,8:15 PM - 9:15 PM,464073,From 2026-04-02 to 2026-06-11,Paul Palleschi Full Pool,"Wright, Jordan",Booked,555-0132-12203,student.112.3@example.test,6,Splash Adult 1 (18+ Years),Paul Palleschi Full Pool,Th,2026-04-02 8:15 PM,2026-04-02 9:15 PM,464073,60,12,1,12,100%
Splash Adult 1 (18+ Years),12,12,Th,Splash Adult 1 (18+ Years) Demo,8:15 PM - 9:15 PM,464073,From 2026-04-02 to 2026-06-11,Paul Palleschi Full Pool,"King, Kai",Booked,555-0132-12204,student.112.4@example.test,7,Splash Adult 1 (18+ Years),Paul Palleschi Full Pool,Th,2026-04-02 8:15 PM,2026-04-02 9:15 PM,464073,60,12,1,12,100%
Splash Adult 1 (18+ Years),12,12,Th,Splash Adult 1 (18+ Years) Demo,8:15 PM - 9:15 PM,464073,From 2026-04-02 to 2026-06-11,Paul Palleschi Full Pool,"King, Logan",Booked,555-0132-12205,student.112.5@example.test,8,Splash Adult 1 (18+ Years),Paul Palleschi Full Pool,Th,2026-04-02 8:15 PM,2026-04-02 9:15 PM,464073,60,12,1,12,100%
Splash Adult 1 (18+ Years),12,12,Th,Splash Adult 1 (18+ Years) Demo,8:15 PM - 9:15 PM,464073,From 2026-04-02 to 2026-06-11,Paul Palleschi Full Pool,"Scott, Maya",Booked,555-0132-12206,student.112.6@example.test,9,Splash Adult 1 (18+ Years),Paul Palleschi Full Pool,Th,2026-04-02 8:15 PM,2026-04-02 9:15 PM,464073,60,12,1,12,100%
Splash Adult 1 (18+ Years),12,12,Th,Splash Adult 1 (18+ Years) Demo,8:15 PM - 9:15 PM,464073,From 2026-04-02 to 2026-06-11,Paul Palleschi Full Pool,"Scott, Noah",Booked,555-0132-12207,student.112.7@example.test,10,Splash Adult 1 (18+ Years),Paul Palleschi Full Pool,Th,2026-04-02 8:15 PM,2026-04-02 9:15 PM,464073,60,12,1,12,100%
Splash Adult 1 (18+ Years),12,12,Th,Splash Adult 1 (18+ Years) Demo,8:15 PM - 9:15 PM,464073,From 2026-04-02 to 2026-06-11,Paul Palleschi Full Pool,"Stone, Avery",Booked,555-0132-12208,student.112.8@example.test,11,Splash Adult 1 (18+ Years),Paul Palleschi Full Pool,Th,2026-04-02 8:15 PM,2026-04-02 9:15 PM,464073,60,12,1,12,100%
Splash Adult 1 (18+ Years),12,12,Th,Splash Adult 1 (18+ Years) Demo,8:15 PM - 9:15 PM,464073,From 2026-04-02 to 2026-06-11,Paul Palleschi Full Pool,"Stone, Blake",Booked,555-0132-12209,student.112.9@example.test,12,Splash Adult 1 (18+ Years),Paul Palleschi Full Pool,Th,2026-04-02 8:15 PM,2026-04-02 9:15 PM,464073,60,12,1,12,100%
Splash Adult 1 (18+ Years),12,12,Th,Splash Adult 1 (18+ Years) Demo,8:15 PM - 9:15 PM,464073,From 2026-04-02 to 2026-06-11,Paul Palleschi Full Pool,"Lee, Casey",Booked,555-0132-12210,student.112.10@example.test,3,Splash Adult 1 (18+ Years),Paul Palleschi Full Pool,Th,2026-04-02 8:15 PM,2026-04-02 9:15 PM,464073,60,12,1,12,100%
Splash Adult 1 (18+ Years),12,12,Th,Splash Adult 1 (18+ Years) Demo,8:15 PM - 9:15 PM,464073,From 2026-04-02 to 2026-06-11,Paul Palleschi Full Pool,"Lee, Drew",Booked,555-0132-12211,student.112.11@example.test,4,Splash Adult 1 (18+ Years),Paul Palleschi Full Pool,Th,2026-04-02 8:15 PM,2026-04-02 9:15 PM,464073,60,12,1,12,100%
Splash Adult 1 (18+ Years),12,12,Th,Splash Adult 1 (18+ Years) Demo,8:15 PM - 9:15 PM,464077,From 2026-04-02 to 2026-06-11,Paul Palleschi Full Pool,"King, Kai",Booked,555-0133-12300,student.113.0@example.test,3,Splash Adult 1 (18+ Years),Paul Palleschi Full Pool,Th,2026-04-02 8:15 PM,2026-04-02 9:15 PM,464077,60,12,1,12,100%
Splash Adult 1 (18+ Years),12,12,Th,Splash Adult 1 (18+ Years) Demo,8:15 PM - 9:15 PM,464077,From 2026-04-02 to 2026-06-11,Paul Palleschi Full Pool,"King, Logan",Booked,555-0133-12301,student.113.1@example.test,4,Splash Adult 1 (18+ Years),Paul Palleschi Full Pool,Th,2026-04-02 8:15 PM,2026-04-02 9:15 PM,464077,60,12,1,12,100%
Splash Adult 1 (18+ Years),12,12,Th,Splash Adult 1 (18+ Years) Demo,8:15 PM - 9:15 PM,464077,From 2026-04-02 to 2026-06-11,Paul Palleschi Full Pool,"Scott, Maya",Booked,555-0133-12302,student.113.2@example.test,5,Splash Adult 1 (18+ Years),Paul Palleschi Full Pool,Th,2026-04-02 8:15 PM,2026-04-02 9:15 PM,464077,60,12,1,12,100%
Splash Adult 1 (18+ Years),12,12,Th,Splash Adult 1 (18+ Years) Demo,8:15 PM - 9:15 PM,464077,From 2026-04-02 to 2026-06-11,Paul Palleschi Full Pool,"Scott, Noah",Booked,555-0133-12303,student.113.3@example.test,6,Splash Adult 1 (18+ Years),Paul Palleschi Full Pool,Th,2026-04-02 8:15 PM,2026-04-02 9:15 PM,464077,60,12,1,12,100%
Splash Adult 1 (18+ Years),12,12,Th,Splash Adult 1 (18+ Years) Demo,8:15 PM - 9:15 PM,464077,From 2026-04-02 to 2026-06-11,Paul Palleschi Full Pool,"Stone, Avery",Booked,555-0133-12304,student.113.4@example.test,7,Splash Adult 1 (18+ Years),Paul Palleschi Full Pool,Th,2026-04-02 8:15 PM,2026-04-02 9:15 PM,464077,60,12,1,12,100%
Splash Adult 1 (18+ Years),12,12,Th,Splash Adult 1 (18+ Years) Demo,8:15 PM - 9:15 PM,464077,From 2026-04-02 to 2026-06-11,Paul Palleschi Full Pool,"Stone, Blake",Booked,555-0133-12305,student.113.5@example.test,8,Splash Adult 1 (18+ Years),Paul Palleschi Full Pool,Th,2026-04-02 8:15 PM,2026-04-02 9:15 PM,464077,60,12,1,12,100%
Splash Adult 1 (18+ Years),12,12,Th,Splash Adult 1 (18+ Years) Demo,8:15 PM - 9:15 PM,464077,From 2026-04-02 to 2026-06-11,Paul Palleschi Full Pool,"Lee, Casey",Booked,555-0133-12306,student.113.6@example.test,9,Splash Adult 1 (18+ Years),Paul Palleschi Full Pool,Th,2026-04-02 8:15 PM,2026-04-02 9:15 PM,464077,60,12,1,12,100%
Splash Adult 1 (18+ Years),12,12,Th,Splash Adult 1 (18+ Years) Demo,8:15 PM - 9:15 PM,464077,From 2026-04-02 to 2026-06-11,Paul Palleschi Full Pool,"Lee, Drew",Booked,555-0133-12307,student.113.7@example.test,10,Splash Adult 1 (18+ Years),Paul Palleschi Full Pool,Th,2026-04-02 8:15 PM,2026-04-02 9:15 PM,464077,60,12,1,12,100%
Splash Adult 1 (18+ Years),12,12,Th,Splash Adult 1 (18+ Years) Demo,8:15 PM - 9:15 PM,464077,From 2026-04-02 to 2026-06-11,Paul Palleschi Full Pool,"Martin, Emery",Booked,555-0133-12308,student.113.8@example.test,11,Splash Adult 1 (18+ Years),Paul Palleschi Full Pool,Th,2026-04-02 8:15 PM,2026-04-02 9:15 PM,464077,60,12,1,12,100%
Splash Adult 1 (18+ Years),12,12,Th,Splash Adult 1 (18+ Years) Demo,8:15 PM - 9:15 PM,464077,From 2026-04-02 to 2026-06-11,Paul Palleschi Full Pool,"Martin, Finley",Booked,555-0133-12309,student.113.9@example.test,12,Splash Adult 1 (18+ Years),Paul Palleschi Full Pool,Th,2026-04-02 8:15 PM,2026-04-02 9:15 PM,464077,60,12,1,12,100%
Splash Adult 1 (18+ Years),12,12,Th,Splash Adult 1 (18+ Years) Demo,8:15 PM - 9:15 PM,464077,From 2026-04-02 to 2026-06-11,Paul Palleschi Full Pool,"Singh, Harper",Booked,555-0133-12310,student.113.10@example.test,3,Splash Adult 1 (18+ Years),Paul Palleschi Full Pool,Th,2026-04-02 8:15 PM,2026-04-02 9:15 PM,464077,60,12,1,12,100%
Splash Adult 1 (18+ Years),12,12,Th,Splash Adult 1 (18+ Years) Demo,8:15 PM - 9:15 PM,464077,From 2026-04-02 to 2026-06-11,Paul Palleschi Full Pool,"Singh, Jordan",Booked,555-0133-12311,student.113.11@example.test,4,Splash Adult 1 (18+ Years),Paul Palleschi Full Pool,Th,2026-04-02 8:15 PM,2026-04-02 9:15 PM,464077,60,12,1,12,100%
Swimming Private Lesson,1,1,Th,Swimming Private Lesson Demo,8:45 PM - 9:15 PM,496682,From 2026-04-02 to 2026-06-11,Paul Palleschi Full Pool,"Stone, Avery",Booked,555-0134-12400,student.114.0@example.test,3,Swimming Private Lesson,Paul Palleschi Full Pool,Th,2026-04-02 8:45 PM,2026-04-02 9:15 PM,496682,30,1,1,1,100%
Splash  1,6,6,Sa,Splash  1 Demo,9:00 AM - 9:30 AM,457849,From 2026-04-04 to 2026-06-13,Paul Palleschi Full Pool,"Martin, Emery",Booked,555-0135-12500,student.115.0@example.test,3,Splash  1,Paul Palleschi Full Pool,Sa,2026-04-04 9:00 AM,2026-04-04 9:30 AM,457849,30,6,1,6,100%
Splash  1,6,6,Sa,Splash  1 Demo,9:00 AM - 9:30 AM,457849,From 2026-04-04 to 2026-06-13,Paul Palleschi Full Pool,"Martin, Finley",Booked,555-0135-12501,student.115.1@example.test,4,Splash  1,Paul Palleschi Full Pool,Sa,2026-04-04 9:00 AM,2026-04-04 9:30 AM,457849,30,6,1,6,100%
Splash  1,6,6,Sa,Splash  1 Demo,9:00 AM - 9:30 AM,457849,From 2026-04-04 to 2026-06-13,Paul Palleschi Full Pool,"Singh, Harper",Booked,555-0135-12502,student.115.2@example.test,5,Splash  1,Paul Palleschi Full Pool,Sa,2026-04-04 9:00 AM,2026-04-04 9:30 AM,457849,30,6,1,6,100%
Splash  1,6,6,Sa,Splash  1 Demo,9:00 AM - 9:30 AM,457849,From 2026-04-04 to 2026-06-13,Paul Palleschi Full Pool,"Singh, Jordan",Booked,555-0135-12503,student.115.3@example.test,6,Splash  1,Paul Palleschi Full Pool,Sa,2026-04-04 9:00 AM,2026-04-04 9:30 AM,457849,30,6,1,6,100%
Splash  1,6,6,Sa,Splash  1 Demo,9:00 AM - 9:30 AM,457849,From 2026-04-04 to 2026-06-13,Paul Palleschi Full Pool,"Cooper, Kai",Booked,555-0135-12504,student.115.4@example.test,7,Splash  1,Paul Palleschi Full Pool,Sa,2026-04-04 9:00 AM,2026-04-04 9:30 AM,457849,30,6,1,6,100%
Splash  1,6,6,Sa,Splash  1 Demo,9:00 AM - 9:30 AM,457849,From 2026-04-04 to 2026-06-13,Paul Palleschi Full Pool,"Cooper, Logan",Booked,555-0135-12505,student.115.5@example.test,8,Splash  1,Paul Palleschi Full Pool,Sa,2026-04-04 9:00 AM,2026-04-04 9:30 AM,457849,30,6,1,6,100%
Little Splash 3,5,5,Sa,Little Splash 3 Demo,9:00 AM - 9:30 AM,463846,From 2026-04-04 to 2026-06-13,Paul Palleschi Full Pool,"Cooper, Kai",Booked,555-0136-12600,student.116.0@example.test,3,Little Splash 3,Paul Palleschi Full Pool,Sa,2026-04-04 9:00 AM,2026-04-04 9:30 AM,463846,30,5,1,5,100%
Little Splash 3,5,5,Sa,Little Splash 3 Demo,9:00 AM - 9:30 AM,463846,From 2026-04-04 to 2026-06-13,Paul Palleschi Full Pool,"Cooper, Logan",Booked,555-0136-12601,student.116.1@example.test,4,Little Splash 3,Paul Palleschi Full Pool,Sa,2026-04-04 9:00 AM,2026-04-04 9:30 AM,463846,30,5,1,5,100%
Little Splash 3,5,5,Sa,Little Splash 3 Demo,9:00 AM - 9:30 AM,463846,From 2026-04-04 to 2026-06-13,Paul Palleschi Full Pool,"Walker, Maya",Booked,555-0136-12602,student.116.2@example.test,5,Little Splash 3,Paul Palleschi Full Pool,Sa,2026-04-04 9:00 AM,2026-04-04 9:30 AM,463846,30,5,1,5,100%
Little Splash 3,5,5,Sa,Little Splash 3 Demo,9:00 AM - 9:30 AM,463846,From 2026-04-04 to 2026-06-13,Paul Palleschi Full Pool,"Walker, Noah",Booked,555-0136-12603,student.116.3@example.test,6,Little Splash 3,Paul Palleschi Full Pool,Sa,2026-04-04 9:00 AM,2026-04-04 9:30 AM,463846,30,5,1,5,100%
Little Splash 3,5,5,Sa,Little Splash 3 Demo,9:00 AM - 9:30 AM,463846,From 2026-04-04 to 2026-06-13,Paul Palleschi Full Pool,"Young, Avery",Booked,555-0136-12604,student.116.4@example.test,7,Little Splash 3,Paul Palleschi Full Pool,Sa,2026-04-04 9:00 AM,2026-04-04 9:30 AM,463846,30,5,1,5,100%
Swimming Private Lesson,2,1,Sa,Swimming Private Lesson Demo,9:00 AM - 9:30 AM,471770,From 2026-04-04 to 2026-06-13,Paul Palleschi Full Pool,"Young, Avery",Booked,555-0137-12700,student.117.0@example.test,3,Swimming Private Lesson,Paul Palleschi Full Pool,Sa,2026-04-04 9:00 AM,2026-04-04 9:30 AM,471770,30,2,1,1,50%
Swimming Private Lesson,2,1,Sa,Swimming Private Lesson Demo,9:00 AM - 9:30 AM,471770,From 2026-04-04 to 2026-06-13,Paul Palleschi Full Pool,"Young, Blake",Waiting,555-0137-12701,student.117.1@example.test,4,Swimming Private Lesson,Paul Palleschi Full Pool,Sa,2026-04-04 9:00 AM,2026-04-04 9:30 AM,471770,30,2,1,1,50%
Swimming Family Private Lesson,1,1,Sa,Swimming Family Private Lesson Demo,9:00 AM - 9:30 AM,496704,From 2026-04-04 to 2026-06-13,Paul Palleschi Full Pool,"Allen, Emery",Booked,555-0138-12800,student.118.0@example.test,3,Swimming Family Private Lesson,Paul Palleschi Full Pool,Sa,2026-04-04 9:00 AM,2026-04-04 9:30 AM,496704,30,1,1,1,100%
Splash  7 Rookie Patrol,12,12,Sa,Splash  7 Rookie Patrol Demo,9:00 AM - 10:00 AM,471505,From 2026-04-04 to 2026-06-13,Paul Palleschi Full Pool,"King, Kai",Booked,555-0139-12900,student.119.0@example.test,3,Splash  7 Rookie Patrol,Paul Palleschi Full Pool,Sa,2026-04-04 9:00 AM,2026-04-04 10:00 AM,471505,60,12,1,12,100%
Splash  7 Rookie Patrol,12,12,Sa,Splash  7 Rookie Patrol Demo,9:00 AM - 10:00 AM,471505,From 2026-04-04 to 2026-06-13,Paul Palleschi Full Pool,"King, Logan",Booked,555-0139-12901,student.119.1@example.test,4,Splash  7 Rookie Patrol,Paul Palleschi Full Pool,Sa,2026-04-04 9:00 AM,2026-04-04 10:00 AM,471505,60,12,1,12,100%
Splash  7 Rookie Patrol,12,12,Sa,Splash  7 Rookie Patrol Demo,9:00 AM - 10:00 AM,471505,From 2026-04-04 to 2026-06-13,Paul Palleschi Full Pool,"Scott, Maya",Booked,555-0139-12902,student.119.2@example.test,5,Splash  7 Rookie Patrol,Paul Palleschi Full Pool,Sa,2026-04-04 9:00 AM,2026-04-04 10:00 AM,471505,60,12,1,12,100%
Splash  7 Rookie Patrol,12,12,Sa,Splash  7 Rookie Patrol Demo,9:00 AM - 10:00 AM,471505,From 2026-04-04 to 2026-06-13,Paul Palleschi Full Pool,"Scott, Noah",Booked,555-0139-12903,student.119.3@example.test,6,Splash  7 Rookie Patrol,Paul Palleschi Full Pool,Sa,2026-04-04 9:00 AM,2026-04-04 10:00 AM,471505,60,12,1,12,100%
Splash  7 Rookie Patrol,12,12,Sa,Splash  7 Rookie Patrol Demo,9:00 AM - 10:00 AM,471505,From 2026-04-04 to 2026-06-13,Paul Palleschi Full Pool,"Stone, Avery",Booked,555-0139-12904,student.119.4@example.test,7,Splash  7 Rookie Patrol,Paul Palleschi Full Pool,Sa,2026-04-04 9:00 AM,2026-04-04 10:00 AM,471505,60,12,1,12,100%
Splash  7 Rookie Patrol,12,12,Sa,Splash  7 Rookie Patrol Demo,9:00 AM - 10:00 AM,471505,From 2026-04-04 to 2026-06-13,Paul Palleschi Full Pool,"Stone, Blake",Booked,555-0139-12905,student.119.5@example.test,8,Splash  7 Rookie Patrol,Paul Palleschi Full Pool,Sa,2026-04-04 9:00 AM,2026-04-04 10:00 AM,471505,60,12,1,12,100%
Splash  7 Rookie Patrol,12,12,Sa,Splash  7 Rookie Patrol Demo,9:00 AM - 10:00 AM,471505,From 2026-04-04 to 2026-06-13,Paul Palleschi Full Pool,"Lee, Casey",Booked,555-0139-12906,student.119.6@example.test,9,Splash  7 Rookie Patrol,Paul Palleschi Full Pool,Sa,2026-04-04 9:00 AM,2026-04-04 10:00 AM,471505,60,12,1,12,100%
Splash  7 Rookie Patrol,12,12,Sa,Splash  7 Rookie Patrol Demo,9:00 AM - 10:00 AM,471505,From 2026-04-04 to 2026-06-13,Paul Palleschi Full Pool,"Lee, Drew",Booked,555-0139-12907,student.119.7@example.test,10,Splash  7 Rookie Patrol,Paul Palleschi Full Pool,Sa,2026-04-04 9:00 AM,2026-04-04 10:00 AM,471505,60,12,1,12,100%
Splash  7 Rookie Patrol,12,12,Sa,Splash  7 Rookie Patrol Demo,9:00 AM - 10:00 AM,471505,From 2026-04-04 to 2026-06-13,Paul Palleschi Full Pool,"Martin, Emery",Booked,555-0139-12908,student.119.8@example.test,11,Splash  7 Rookie Patrol,Paul Palleschi Full Pool,Sa,2026-04-04 9:00 AM,2026-04-04 10:00 AM,471505,60,12,1,12,100%
Splash  7 Rookie Patrol,12,12,Sa,Splash  7 Rookie Patrol Demo,9:00 AM - 10:00 AM,471505,From 2026-04-04 to 2026-06-13,Paul Palleschi Full Pool,"Martin, Finley",Booked,555-0139-12909,student.119.9@example.test,12,Splash  7 Rookie Patrol,Paul Palleschi Full Pool,Sa,2026-04-04 9:00 AM,2026-04-04 10:00 AM,471505,60,12,1,12,100%
Splash  7 Rookie Patrol,12,12,Sa,Splash  7 Rookie Patrol Demo,9:00 AM - 10:00 AM,471505,From 2026-04-04 to 2026-06-13,Paul Palleschi Full Pool,"Singh, Harper",Booked,555-0139-12910,student.119.10@example.test,3,Splash  7 Rookie Patrol,Paul Palleschi Full Pool,Sa,2026-04-04 9:00 AM,2026-04-04 10:00 AM,471505,60,12,1,12,100%
Splash  7 Rookie Patrol,12,12,Sa,Splash  7 Rookie Patrol Demo,9:00 AM - 10:00 AM,471505,From 2026-04-04 to 2026-06-13,Paul Palleschi Full Pool,"Singh, Jordan",Booked,555-0139-12911,student.119.11@example.test,4,Splash  7 Rookie Patrol,Paul Palleschi Full Pool,Sa,2026-04-04 9:00 AM,2026-04-04 10:00 AM,471505,60,12,1,12,100%
Little Splash 2,6,5,Sa,Little Splash 2 Demo,9:30 AM - 10:00 AM,463766,From 2026-04-04 to 2026-06-13,Paul Palleschi Full Pool,"Stone, Avery",Booked,555-0140-13000,student.120.0@example.test,3,Little Splash 2,Paul Palleschi Full Pool,Sa,2026-04-04 9:30 AM,2026-04-04 10:00 AM,463766,30,6,1,5,83%
Little Splash 2,6,5,Sa,Little Splash 2 Demo,9:30 AM - 10:00 AM,463766,From 2026-04-04 to 2026-06-13,Paul Palleschi Full Pool,"Stone, Blake",Booked,555-0140-13001,student.120.1@example.test,4,Little Splash 2,Paul Palleschi Full Pool,Sa,2026-04-04 9:30 AM,2026-04-04 10:00 AM,463766,30,6,1,5,83%
Little Splash 2,6,5,Sa,Little Splash 2 Demo,9:30 AM - 10:00 AM,463766,From 2026-04-04 to 2026-06-13,Paul Palleschi Full Pool,"Lee, Casey",Booked,555-0140-13002,student.120.2@example.test,5,Little Splash 2,Paul Palleschi Full Pool,Sa,2026-04-04 9:30 AM,2026-04-04 10:00 AM,463766,30,6,1,5,83%
Little Splash 2,6,5,Sa,Little Splash 2 Demo,9:30 AM - 10:00 AM,463766,From 2026-04-04 to 2026-06-13,Paul Palleschi Full Pool,"Lee, Drew",Booked,555-0140-13003,student.120.3@example.test,6,Little Splash 2,Paul Palleschi Full Pool,Sa,2026-04-04 9:30 AM,2026-04-04 10:00 AM,463766,30,6,1,5,83%
Little Splash 2,6,5,Sa,Little Splash 2 Demo,9:30 AM - 10:00 AM,463766,From 2026-04-04 to 2026-06-13,Paul Palleschi Full Pool,"Martin, Emery",Booked,555-0140-13004,student.120.4@example.test,7,Little Splash 2,Paul Palleschi Full Pool,Sa,2026-04-04 9:30 AM,2026-04-04 10:00 AM,463766,30,6,1,5,83%
Little Splash 2,6,5,Sa,Little Splash 2 Demo,9:30 AM - 10:00 AM,463766,From 2026-04-04 to 2026-06-13,Paul Palleschi Full Pool,"Martin, Finley",Waiting,555-0140-13005,student.120.5@example.test,8,Little Splash 2,Paul Palleschi Full Pool,Sa,2026-04-04 9:30 AM,2026-04-04 10:00 AM,463766,30,6,1,5,83%
Splash  3,8,7,Sa,Splash  3 Demo,9:30 AM - 10:00 AM,471702,From 2026-04-04 to 2026-06-13,Paul Palleschi Full Pool,"Martin, Emery",Booked,555-0141-13100,student.121.0@example.test,3,Splash  3,Paul Palleschi Full Pool,Sa,2026-04-04 9:30 AM,2026-04-04 10:00 AM,471702,30,8,1,7,88%
Splash  3,8,7,Sa,Splash  3 Demo,9:30 AM - 10:00 AM,471702,From 2026-04-04 to 2026-06-13,Paul Palleschi Full Pool,"Martin, Finley",Booked,555-0141-13101,student.121.1@example.test,4,Splash  3,Paul Palleschi Full Pool,Sa,2026-04-04 9:30 AM,2026-04-04 10:00 AM,471702,30,8,1,7,88%
Splash  3,8,7,Sa,Splash  3 Demo,9:30 AM - 10:00 AM,471702,From 2026-04-04 to 2026-06-13,Paul Palleschi Full Pool,"Singh, Harper",Booked,555-0141-13102,student.121.2@example.test,5,Splash  3,Paul Palleschi Full Pool,Sa,2026-04-04 9:30 AM,2026-04-04 10:00 AM,471702,30,8,1,7,88%
Splash  3,8,7,Sa,Splash  3 Demo,9:30 AM - 10:00 AM,471702,From 2026-04-04 to 2026-06-13,Paul Palleschi Full Pool,"Singh, Jordan",Booked,555-0141-13103,student.121.3@example.test,6,Splash  3,Paul Palleschi Full Pool,Sa,2026-04-04 9:30 AM,2026-04-04 10:00 AM,471702,30,8,1,7,88%
Splash  3,8,7,Sa,Splash  3 Demo,9:30 AM - 10:00 AM,471702,From 2026-04-04 to 2026-06-13,Paul Palleschi Full Pool,"Cooper, Kai",Booked,555-0141-13104,student.121.4@example.test,7,Splash  3,Paul Palleschi Full Pool,Sa,2026-04-04 9:30 AM,2026-04-04 10:00 AM,471702,30,8,1,7,88%
Splash  3,8,7,Sa,Splash  3 Demo,9:30 AM - 10:00 AM,471702,From 2026-04-04 to 2026-06-13,Paul Palleschi Full Pool,"Cooper, Logan",Booked,555-0141-13105,student.121.5@example.test,8,Splash  3,Paul Palleschi Full Pool,Sa,2026-04-04 9:30 AM,2026-04-04 10:00 AM,471702,30,8,1,7,88%
Splash  3,8,7,Sa,Splash  3 Demo,9:30 AM - 10:00 AM,471702,From 2026-04-04 to 2026-06-13,Paul Palleschi Full Pool,"Walker, Maya",Booked,555-0141-13106,student.121.6@example.test,9,Splash  3,Paul Palleschi Full Pool,Sa,2026-04-04 9:30 AM,2026-04-04 10:00 AM,471702,30,8,1,7,88%
Splash  3,8,7,Sa,Splash  3 Demo,9:30 AM - 10:00 AM,471702,From 2026-04-04 to 2026-06-13,Paul Palleschi Full Pool,"Walker, Noah",Waiting,555-0141-13107,student.121.7@example.test,10,Splash  3,Paul Palleschi Full Pool,Sa,2026-04-04 9:30 AM,2026-04-04 10:00 AM,471702,30,8,1,7,88%
Swimming Private Lesson,2,1,Sa,Swimming Private Lesson Demo,9:30 AM - 10:00 AM,471773,From 2026-04-04 to 2026-06-13,Paul Palleschi Full Pool,"Cooper, Kai",Waiting,555-0142-13200,student.122.0@example.test,3,Swimming Private Lesson,Paul Palleschi Full Pool,Sa,2026-04-04 9:30 AM,2026-04-04 10:00 AM,471773,30,2,1,1,50%
Swimming Private Lesson,2,1,Sa,Swimming Private Lesson Demo,9:30 AM - 10:00 AM,471773,From 2026-04-04 to 2026-06-13,Paul Palleschi Full Pool,"Cooper, Logan",Booked,555-0142-13201,student.122.1@example.test,4,Swimming Private Lesson,Paul Palleschi Full Pool,Sa,2026-04-04 9:30 AM,2026-04-04 10:00 AM,471773,30,2,1,1,50%
Swimming Private Lesson,1,1,Sa,Swimming Private Lesson Demo,9:30 AM - 10:00 AM,496684,From 2026-04-04 to 2026-06-13,Paul Palleschi Full Pool,"Young, Avery",Booked,555-0143-13300,student.123.0@example.test,3,Swimming Private Lesson,Paul Palleschi Full Pool,Sa,2026-04-04 9:30 AM,2026-04-04 10:00 AM,496684,30,1,1,1,100%
Little Splash 3,7,5,Sa,Little Splash 3 Demo,10:00 AM - 10:30 AM,463851,From 2026-04-04 to 2026-06-13,Paul Palleschi Full Pool,"Allen, Emery",Waiting,555-0144-13400,student.124.0@example.test,3,Little Splash 3,Paul Palleschi Full Pool,Sa,2026-04-04 10:00 AM,2026-04-04 10:30 AM,463851,30,7,1,5,71%
Little Splash 3,7,5,Sa,Little Splash 3 Demo,10:00 AM - 10:30 AM,463851,From 2026-04-04 to 2026-06-13,Paul Palleschi Full Pool,"Allen, Finley",Waiting,555-0144-13401,student.124.1@example.test,4,Little Splash 3,Paul Palleschi Full Pool,Sa,2026-04-04 10:00 AM,2026-04-04 10:30 AM,463851,30,7,1,5,71%
Little Splash 3,7,5,Sa,Little Splash 3 Demo,10:00 AM - 10:30 AM,463851,From 2026-04-04 to 2026-06-13,Paul Palleschi Full Pool,"Wright, Harper",Booked,555-0144-13402,student.124.2@example.test,5,Little Splash 3,Paul Palleschi Full Pool,Sa,2026-04-04 10:00 AM,2026-04-04 10:30 AM,463851,30,7,1,5,71%
Little Splash 3,7,5,Sa,Little Splash 3 Demo,10:00 AM - 10:30 AM,463851,From 2026-04-04 to 2026-06-13,Paul Palleschi Full Pool,"Wright, Jordan",Booked,555-0144-13403,student.124.3@example.test,6,Little Splash 3,Paul Palleschi Full Pool,Sa,2026-04-04 10:00 AM,2026-04-04 10:30 AM,463851,30,7,1,5,71%
Little Splash 3,7,5,Sa,Little Splash 3 Demo,10:00 AM - 10:30 AM,463851,From 2026-04-04 to 2026-06-13,Paul Palleschi Full Pool,"King, Kai",Booked,555-0144-13404,student.124.4@example.test,7,Little Splash 3,Paul Palleschi Full Pool,Sa,2026-04-04 10:00 AM,2026-04-04 10:30 AM,463851,30,7,1,5,71%
Little Splash 3,7,5,Sa,Little Splash 3 Demo,10:00 AM - 10:30 AM,463851,From 2026-04-04 to 2026-06-13,Paul Palleschi Full Pool,"King, Logan",Booked,555-0144-13405,student.124.5@example.test,8,Little Splash 3,Paul Palleschi Full Pool,Sa,2026-04-04 10:00 AM,2026-04-04 10:30 AM,463851,30,7,1,5,71%
Little Splash 3,7,5,Sa,Little Splash 3 Demo,10:00 AM - 10:30 AM,463851,From 2026-04-04 to 2026-06-13,Paul Palleschi Full Pool,"Scott, Maya",Booked,555-0144-13406,student.124.6@example.test,9,Little Splash 3,Paul Palleschi Full Pool,Sa,2026-04-04 10:00 AM,2026-04-04 10:30 AM,463851,30,7,1,5,71%
Splash  2B,10,6,Sa,Splash  2B Demo,10:00 AM - 10:30 AM,471582,From 2026-04-04 to 2026-06-13,Paul Palleschi Full Pool,"King, Kai",Waiting,555-0145-13500,student.125.0@example.test,3,Splash  2B,Paul Palleschi Full Pool,Sa,2026-04-04 10:00 AM,2026-04-04 10:30 AM,471582,30,10,1,6,60%
Splash  2B,10,6,Sa,Splash  2B Demo,10:00 AM - 10:30 AM,471582,From 2026-04-04 to 2026-06-13,Paul Palleschi Full Pool,"King, Logan",Booked,555-0145-13501,student.125.1@example.test,4,Splash  2B,Paul Palleschi Full Pool,Sa,2026-04-04 10:00 AM,2026-04-04 10:30 AM,471582,30,10,1,6,60%
Splash  2B,10,6,Sa,Splash  2B Demo,10:00 AM - 10:30 AM,471582,From 2026-04-04 to 2026-06-13,Paul Palleschi Full Pool,"Scott, Maya",Waiting,555-0145-13502,student.125.2@example.test,5,Splash  2B,Paul Palleschi Full Pool,Sa,2026-04-04 10:00 AM,2026-04-04 10:30 AM,471582,30,10,1,6,60%
Splash  2B,10,6,Sa,Splash  2B Demo,10:00 AM - 10:30 AM,471582,From 2026-04-04 to 2026-06-13,Paul Palleschi Full Pool,"Scott, Noah",Booked,555-0145-13503,student.125.3@example.test,6,Splash  2B,Paul Palleschi Full Pool,Sa,2026-04-04 10:00 AM,2026-04-04 10:30 AM,471582,30,10,1,6,60%
Splash  2B,10,6,Sa,Splash  2B Demo,10:00 AM - 10:30 AM,471582,From 2026-04-04 to 2026-06-13,Paul Palleschi Full Pool,"Stone, Avery",Booked,555-0145-13504,student.125.4@example.test,7,Splash  2B,Paul Palleschi Full Pool,Sa,2026-04-04 10:00 AM,2026-04-04 10:30 AM,471582,30,10,1,6,60%
Splash  2B,10,6,Sa,Splash  2B Demo,10:00 AM - 10:30 AM,471582,From 2026-04-04 to 2026-06-13,Paul Palleschi Full Pool,"Stone, Blake",Booked,555-0145-13505,student.125.5@example.test,8,Splash  2B,Paul Palleschi Full Pool,Sa,2026-04-04 10:00 AM,2026-04-04 10:30 AM,471582,30,10,1,6,60%
Splash  2B,10,6,Sa,Splash  2B Demo,10:00 AM - 10:30 AM,471582,From 2026-04-04 to 2026-06-13,Paul Palleschi Full Pool,"Lee, Casey",Waiting,555-0145-13506,student.125.6@example.test,9,Splash  2B,Paul Palleschi Full Pool,Sa,2026-04-04 10:00 AM,2026-04-04 10:30 AM,471582,30,10,1,6,60%
Splash  2B,10,6,Sa,Splash  2B Demo,10:00 AM - 10:30 AM,471582,From 2026-04-04 to 2026-06-13,Paul Palleschi Full Pool,"Lee, Drew",Waiting,555-0145-13507,student.125.7@example.test,10,Splash  2B,Paul Palleschi Full Pool,Sa,2026-04-04 10:00 AM,2026-04-04 10:30 AM,471582,30,10,1,6,60%
Splash  2B,10,6,Sa,Splash  2B Demo,10:00 AM - 10:30 AM,471582,From 2026-04-04 to 2026-06-13,Paul Palleschi Full Pool,"Martin, Emery",Booked,555-0145-13508,student.125.8@example.test,11,Splash  2B,Paul Palleschi Full Pool,Sa,2026-04-04 10:00 AM,2026-04-04 10:30 AM,471582,30,10,1,6,60%
Splash  2B,10,6,Sa,Splash  2B Demo,10:00 AM - 10:30 AM,471582,From 2026-04-04 to 2026-06-13,Paul Palleschi Full Pool,"Martin, Finley",Booked,555-0145-13509,student.125.9@example.test,12,Splash  2B,Paul Palleschi Full Pool,Sa,2026-04-04 10:00 AM,2026-04-04 10:30 AM,471582,30,10,1,6,60%
Swimming Private Lesson,1,1,Sa,Swimming Private Lesson Demo,10:00 AM - 10:30 AM,471774,From 2026-04-04 to 2026-06-13,Paul Palleschi Full Pool,"Stone, Avery",Booked,555-0146-13600,student.126.0@example.test,3,Swimming Private Lesson,Paul Palleschi Full Pool,Sa,2026-04-04 10:00 AM,2026-04-04 10:30 AM,471774,30,1,1,1,100%
Swimming Private Lesson,3,1,Sa,Swimming Private Lesson Demo,10:00 AM - 10:30 AM,496685,From 2026-04-04 to 2026-06-13,Paul Palleschi Full Pool,"Martin, Emery",Booked,555-0147-13700,student.127.0@example.test,3,Swimming Private Lesson,Paul Palleschi Full Pool,Sa,2026-04-04 10:00 AM,2026-04-04 10:30 AM,496685,30,3,1,1,33%
Swimming Private Lesson,3,1,Sa,Swimming Private Lesson Demo,10:00 AM - 10:30 AM,496685,From 2026-04-04 to 2026-06-13,Paul Palleschi Full Pool,"Martin, Finley",Waiting,555-0147-13701,student.127.1@example.test,4,Swimming Private Lesson,Paul Palleschi Full Pool,Sa,2026-04-04 10:00 AM,2026-04-04 10:30 AM,496685,30,3,1,1,33%
Swimming Private Lesson,3,1,Sa,Swimming Private Lesson Demo,10:00 AM - 10:30 AM,496685,From 2026-04-04 to 2026-06-13,Paul Palleschi Full Pool,"Singh, Harper",Waiting,555-0147-13702,student.127.2@example.test,5,Swimming Private Lesson,Paul Palleschi Full Pool,Sa,2026-04-04 10:00 AM,2026-04-04 10:30 AM,496685,30,3,1,1,33%
Splash  8 Ranger Patrol,12,12,Sa,Splash  8 Ranger Patrol Demo,10:00 AM - 11:00 AM,471479,From 2026-04-04 to 2026-06-13,Paul Palleschi Full Pool,"Cooper, Kai",Booked,555-0148-13800,student.128.0@example.test,3,Splash  8 Ranger Patrol,Paul Palleschi Full Pool,Sa,2026-04-04 10:00 AM,2026-04-04 11:00 AM,471479,60,12,1,12,100%
Splash  8 Ranger Patrol,12,12,Sa,Splash  8 Ranger Patrol Demo,10:00 AM - 11:00 AM,471479,From 2026-04-04 to 2026-06-13,Paul Palleschi Full Pool,"Cooper, Logan",Booked,555-0148-13801,student.128.1@example.test,4,Splash  8 Ranger Patrol,Paul Palleschi Full Pool,Sa,2026-04-04 10:00 AM,2026-04-04 11:00 AM,471479,60,12,1,12,100%
Splash  8 Ranger Patrol,12,12,Sa,Splash  8 Ranger Patrol Demo,10:00 AM - 11:00 AM,471479,From 2026-04-04 to 2026-06-13,Paul Palleschi Full Pool,"Walker, Maya",Booked,555-0148-13802,student.128.2@example.test,5,Splash  8 Ranger Patrol,Paul Palleschi Full Pool,Sa,2026-04-04 10:00 AM,2026-04-04 11:00 AM,471479,60,12,1,12,100%
Splash  8 Ranger Patrol,12,12,Sa,Splash  8 Ranger Patrol Demo,10:00 AM - 11:00 AM,471479,From 2026-04-04 to 2026-06-13,Paul Palleschi Full Pool,"Walker, Noah",Booked,555-0148-13803,student.128.3@example.test,6,Splash  8 Ranger Patrol,Paul Palleschi Full Pool,Sa,2026-04-04 10:00 AM,2026-04-04 11:00 AM,471479,60,12,1,12,100%
Splash  8 Ranger Patrol,12,12,Sa,Splash  8 Ranger Patrol Demo,10:00 AM - 11:00 AM,471479,From 2026-04-04 to 2026-06-13,Paul Palleschi Full Pool,"Young, Avery",Booked,555-0148-13804,student.128.4@example.test,7,Splash  8 Ranger Patrol,Paul Palleschi Full Pool,Sa,2026-04-04 10:00 AM,2026-04-04 11:00 AM,471479,60,12,1,12,100%
Splash  8 Ranger Patrol,12,12,Sa,Splash  8 Ranger Patrol Demo,10:00 AM - 11:00 AM,471479,From 2026-04-04 to 2026-06-13,Paul Palleschi Full Pool,"Young, Blake",Booked,555-0148-13805,student.128.5@example.test,8,Splash  8 Ranger Patrol,Paul Palleschi Full Pool,Sa,2026-04-04 10:00 AM,2026-04-04 11:00 AM,471479,60,12,1,12,100%
Splash  8 Ranger Patrol,12,12,Sa,Splash  8 Ranger Patrol Demo,10:00 AM - 11:00 AM,471479,From 2026-04-04 to 2026-06-13,Paul Palleschi Full Pool,"Hall, Casey",Booked,555-0148-13806,student.128.6@example.test,9,Splash  8 Ranger Patrol,Paul Palleschi Full Pool,Sa,2026-04-04 10:00 AM,2026-04-04 11:00 AM,471479,60,12,1,12,100%
Splash  8 Ranger Patrol,12,12,Sa,Splash  8 Ranger Patrol Demo,10:00 AM - 11:00 AM,471479,From 2026-04-04 to 2026-06-13,Paul Palleschi Full Pool,"Hall, Drew",Booked,555-0148-13807,student.128.7@example.test,10,Splash  8 Ranger Patrol,Paul Palleschi Full Pool,Sa,2026-04-04 10:00 AM,2026-04-04 11:00 AM,471479,60,12,1,12,100%
Splash  8 Ranger Patrol,12,12,Sa,Splash  8 Ranger Patrol Demo,10:00 AM - 11:00 AM,471479,From 2026-04-04 to 2026-06-13,Paul Palleschi Full Pool,"Allen, Emery",Booked,555-0148-13808,student.128.8@example.test,11,Splash  8 Ranger Patrol,Paul Palleschi Full Pool,Sa,2026-04-04 10:00 AM,2026-04-04 11:00 AM,471479,60,12,1,12,100%
Splash  8 Ranger Patrol,12,12,Sa,Splash  8 Ranger Patrol Demo,10:00 AM - 11:00 AM,471479,From 2026-04-04 to 2026-06-13,Paul Palleschi Full Pool,"Allen, Finley",Booked,555-0148-13809,student.128.9@example.test,12,Splash  8 Ranger Patrol,Paul Palleschi Full Pool,Sa,2026-04-04 10:00 AM,2026-04-04 11:00 AM,471479,60,12,1,12,100%
Splash  8 Ranger Patrol,12,12,Sa,Splash  8 Ranger Patrol Demo,10:00 AM - 11:00 AM,471479,From 2026-04-04 to 2026-06-13,Paul Palleschi Full Pool,"Wright, Harper",Booked,555-0148-13810,student.128.10@example.test,3,Splash  8 Ranger Patrol,Paul Palleschi Full Pool,Sa,2026-04-04 10:00 AM,2026-04-04 11:00 AM,471479,60,12,1,12,100%
Splash  8 Ranger Patrol,12,12,Sa,Splash  8 Ranger Patrol Demo,10:00 AM - 11:00 AM,471479,From 2026-04-04 to 2026-06-13,Paul Palleschi Full Pool,"Wright, Jordan",Booked,555-0148-13811,student.128.11@example.test,4,Splash  8 Ranger Patrol,Paul Palleschi Full Pool,Sa,2026-04-04 10:00 AM,2026-04-04 11:00 AM,471479,60,12,1,12,100%
Little Splash 4,7,5,Sa,Little Splash 4 Demo,10:30 AM - 11:00 AM,463924,From 2026-04-04 to 2026-06-13,Paul Palleschi Full Pool,"Young, Avery",Booked,555-0149-13900,student.129.0@example.test,3,Little Splash 4,Paul Palleschi Full Pool,Sa,2026-04-04 10:30 AM,2026-04-04 11:00 AM,463924,30,7,1,5,71%
Little Splash 4,7,5,Sa,Little Splash 4 Demo,10:30 AM - 11:00 AM,463924,From 2026-04-04 to 2026-06-13,Paul Palleschi Full Pool,"Young, Blake",Waiting,555-0149-13901,student.129.1@example.test,4,Little Splash 4,Paul Palleschi Full Pool,Sa,2026-04-04 10:30 AM,2026-04-04 11:00 AM,463924,30,7,1,5,71%
Little Splash 4,7,5,Sa,Little Splash 4 Demo,10:30 AM - 11:00 AM,463924,From 2026-04-04 to 2026-06-13,Paul Palleschi Full Pool,"Hall, Casey",Waiting,555-0149-13902,student.129.2@example.test,5,Little Splash 4,Paul Palleschi Full Pool,Sa,2026-04-04 10:30 AM,2026-04-04 11:00 AM,463924,30,7,1,5,71%
Little Splash 4,7,5,Sa,Little Splash 4 Demo,10:30 AM - 11:00 AM,463924,From 2026-04-04 to 2026-06-13,Paul Palleschi Full Pool,"Hall, Drew",Booked,555-0149-13903,student.129.3@example.test,6,Little Splash 4,Paul Palleschi Full Pool,Sa,2026-04-04 10:30 AM,2026-04-04 11:00 AM,463924,30,7,1,5,71%
Little Splash 4,7,5,Sa,Little Splash 4 Demo,10:30 AM - 11:00 AM,463924,From 2026-04-04 to 2026-06-13,Paul Palleschi Full Pool,"Allen, Emery",Booked,555-0149-13904,student.129.4@example.test,7,Little Splash 4,Paul Palleschi Full Pool,Sa,2026-04-04 10:30 AM,2026-04-04 11:00 AM,463924,30,7,1,5,71%
Little Splash 4,7,5,Sa,Little Splash 4 Demo,10:30 AM - 11:00 AM,463924,From 2026-04-04 to 2026-06-13,Paul Palleschi Full Pool,"Allen, Finley",Booked,555-0149-13905,student.129.5@example.test,8,Little Splash 4,Paul Palleschi Full Pool,Sa,2026-04-04 10:30 AM,2026-04-04 11:00 AM,463924,30,7,1,5,71%
Little Splash 4,7,5,Sa,Little Splash 4 Demo,10:30 AM - 11:00 AM,463924,From 2026-04-04 to 2026-06-13,Paul Palleschi Full Pool,"Wright, Harper",Booked,555-0149-13906,student.129.6@example.test,9,Little Splash 4,Paul Palleschi Full Pool,Sa,2026-04-04 10:30 AM,2026-04-04 11:00 AM,463924,30,7,1,5,71%
Splash  3,5,5,Sa,Splash  3 Demo,10:30 AM - 11:00 AM,471706,From 2026-04-04 to 2026-06-13,Paul Palleschi Full Pool,"Allen, Emery",Booked,555-0150-14000,student.130.0@example.test,3,Splash  3,Paul Palleschi Full Pool,Sa,2026-04-04 10:30 AM,2026-04-04 11:00 AM,471706,30,5,1,5,100%
Splash  3,5,5,Sa,Splash  3 Demo,10:30 AM - 11:00 AM,471706,From 2026-04-04 to 2026-06-13,Paul Palleschi Full Pool,"Allen, Finley",Booked,555-0150-14001,student.130.1@example.test,4,Splash  3,Paul Palleschi Full Pool,Sa,2026-04-04 10:30 AM,2026-04-04 11:00 AM,471706,30,5,1,5,100%
Splash  3,5,5,Sa,Splash  3 Demo,10:30 AM - 11:00 AM,471706,From 2026-04-04 to 2026-06-13,Paul Palleschi Full Pool,"Wright, Harper",Booked,555-0150-14002,student.130.2@example.test,5,Splash  3,Paul Palleschi Full Pool,Sa,2026-04-04 10:30 AM,2026-04-04 11:00 AM,471706,30,5,1,5,100%
Splash  3,5,5,Sa,Splash  3 Demo,10:30 AM - 11:00 AM,471706,From 2026-04-04 to 2026-06-13,Paul Palleschi Full Pool,"Wright, Jordan",Booked,555-0150-14003,student.130.3@example.test,6,Splash  3,Paul Palleschi Full Pool,Sa,2026-04-04 10:30 AM,2026-04-04 11:00 AM,471706,30,5,1,5,100%
Splash  3,5,5,Sa,Splash  3 Demo,10:30 AM - 11:00 AM,471706,From 2026-04-04 to 2026-06-13,Paul Palleschi Full Pool,"King, Kai",Booked,555-0150-14004,student.130.4@example.test,7,Splash  3,Paul Palleschi Full Pool,Sa,2026-04-04 10:30 AM,2026-04-04 11:00 AM,471706,30,5,1,5,100%
Swimming Private Lesson,2,1,Sa,Swimming Private Lesson Demo,10:30 AM - 11:00 AM,471777,From 2026-04-04 to 2026-06-13,Paul Palleschi Full Pool,"King, Kai",Waiting,555-0151-14100,student.131.0@example.test,3,Swimming Private Lesson,Paul Palleschi Full Pool,Sa,2026-04-04 10:30 AM,2026-04-04 11:00 AM,471777,30,2,1,1,50%
Swimming Private Lesson,2,1,Sa,Swimming Private Lesson Demo,10:30 AM - 11:00 AM,471777,From 2026-04-04 to 2026-06-13,Paul Palleschi Full Pool,"King, Logan",Booked,555-0151-14101,student.131.1@example.test,4,Swimming Private Lesson,Paul Palleschi Full Pool,Sa,2026-04-04 10:30 AM,2026-04-04 11:00 AM,471777,30,2,1,1,50%
Swimming Private Lesson,2,1,Sa,Swimming Private Lesson Demo,10:30 AM - 11:00 AM,496686,From 2026-04-04 to 2026-06-13,Paul Palleschi Full Pool,"Stone, Avery",Booked,555-0152-14200,student.132.0@example.test,3,Swimming Private Lesson,Paul Palleschi Full Pool,Sa,2026-04-04 10:30 AM,2026-04-04 11:00 AM,496686,30,2,1,1,50%
Swimming Private Lesson,2,1,Sa,Swimming Private Lesson Demo,10:30 AM - 11:00 AM,496686,From 2026-04-04 to 2026-06-13,Paul Palleschi Full Pool,"Stone, Blake",Waiting,555-0152-14201,student.132.1@example.test,4,Swimming Private Lesson,Paul Palleschi Full Pool,Sa,2026-04-04 10:30 AM,2026-04-04 11:00 AM,496686,30,2,1,1,50%
Splash  1,7,6,Sa,Splash  1 Demo,11:00 AM - 11:30 AM,457857,From 2026-04-04 to 2026-06-13,Paul Palleschi Full Pool,"Martin, Emery",Booked,555-0153-14300,student.133.0@example.test,3,Splash  1,Paul Palleschi Full Pool,Sa,2026-04-04 11:00 AM,2026-04-04 11:30 AM,457857,30,7,1,6,86%
Splash  1,7,6,Sa,Splash  1 Demo,11:00 AM - 11:30 AM,457857,From 2026-04-04 to 2026-06-13,Paul Palleschi Full Pool,"Martin, Finley",Booked,555-0153-14301,student.133.1@example.test,4,Splash  1,Paul Palleschi Full Pool,Sa,2026-04-04 11:00 AM,2026-04-04 11:30 AM,457857,30,7,1,6,86%
Splash  1,7,6,Sa,Splash  1 Demo,11:00 AM - 11:30 AM,457857,From 2026-04-04 to 2026-06-13,Paul Palleschi Full Pool,"Singh, Harper",Waiting,555-0153-14302,student.133.2@example.test,5,Splash  1,Paul Palleschi Full Pool,Sa,2026-04-04 11:00 AM,2026-04-04 11:30 AM,457857,30,7,1,6,86%
Splash  1,7,6,Sa,Splash  1 Demo,11:00 AM - 11:30 AM,457857,From 2026-04-04 to 2026-06-13,Paul Palleschi Full Pool,"Singh, Jordan",Booked,555-0153-14303,student.133.3@example.test,6,Splash  1,Paul Palleschi Full Pool,Sa,2026-04-04 11:00 AM,2026-04-04 11:30 AM,457857,30,7,1,6,86%
Splash  1,7,6,Sa,Splash  1 Demo,11:00 AM - 11:30 AM,457857,From 2026-04-04 to 2026-06-13,Paul Palleschi Full Pool,"Cooper, Kai",Booked,555-0153-14304,student.133.4@example.test,7,Splash  1,Paul Palleschi Full Pool,Sa,2026-04-04 11:00 AM,2026-04-04 11:30 AM,457857,30,7,1,6,86%
Splash  1,7,6,Sa,Splash  1 Demo,11:00 AM - 11:30 AM,457857,From 2026-04-04 to 2026-06-13,Paul Palleschi Full Pool,"Cooper, Logan",Booked,555-0153-14305,student.133.5@example.test,8,Splash  1,Paul Palleschi Full Pool,Sa,2026-04-04 11:00 AM,2026-04-04 11:30 AM,457857,30,7,1,6,86%
Splash  1,7,6,Sa,Splash  1 Demo,11:00 AM - 11:30 AM,457857,From 2026-04-04 to 2026-06-13,Paul Palleschi Full Pool,"Walker, Maya",Booked,555-0153-14306,student.133.6@example.test,9,Splash  1,Paul Palleschi Full Pool,Sa,2026-04-04 11:00 AM,2026-04-04 11:30 AM,457857,30,7,1,6,86%
Little Splash 5,14,5,Sa,Little Splash 5 Demo,11:00 AM - 11:30 AM,463946,From 2026-04-04 to 2026-06-13,Paul Palleschi Full Pool,"Cooper, Kai",Waiting,555-0154-14400,student.134.0@example.test,3,Little Splash 5,Paul Palleschi Full Pool,Sa,2026-04-04 11:00 AM,2026-04-04 11:30 AM,463946,30,14,1,5,36%
Little Splash 5,14,5,Sa,Little Splash 5 Demo,11:00 AM - 11:30 AM,463946,From 2026-04-04 to 2026-06-13,Paul Palleschi Full Pool,"Cooper, Logan",Booked,555-0154-14401,student.134.1@example.test,4,Little Splash 5,Paul Palleschi Full Pool,Sa,2026-04-04 11:00 AM,2026-04-04 11:30 AM,463946,30,14,1,5,36%
Little Splash 5,14,5,Sa,Little Splash 5 Demo,11:00 AM - 11:30 AM,463946,From 2026-04-04 to 2026-06-13,Paul Palleschi Full Pool,"Walker, Maya",Booked,555-0154-14402,student.134.2@example.test,5,Little Splash 5,Paul Palleschi Full Pool,Sa,2026-04-04 11:00 AM,2026-04-04 11:30 AM,463946,30,14,1,5,36%
Little Splash 5,14,5,Sa,Little Splash 5 Demo,11:00 AM - 11:30 AM,463946,From 2026-04-04 to 2026-06-13,Paul Palleschi Full Pool,"Walker, Noah",Waiting,555-0154-14403,student.134.3@example.test,6,Little Splash 5,Paul Palleschi Full Pool,Sa,2026-04-04 11:00 AM,2026-04-04 11:30 AM,463946,30,14,1,5,36%
Little Splash 5,14,5,Sa,Little Splash 5 Demo,11:00 AM - 11:30 AM,463946,From 2026-04-04 to 2026-06-13,Paul Palleschi Full Pool,"Young, Avery",Waiting,555-0154-14404,student.134.4@example.test,7,Little Splash 5,Paul Palleschi Full Pool,Sa,2026-04-04 11:00 AM,2026-04-04 11:30 AM,463946,30,14,1,5,36%
Little Splash 5,14,5,Sa,Little Splash 5 Demo,11:00 AM - 11:30 AM,463946,From 2026-04-04 to 2026-06-13,Paul Palleschi Full Pool,"Young, Blake",Booked,555-0154-14405,student.134.5@example.test,8,Little Splash 5,Paul Palleschi Full Pool,Sa,2026-04-04 11:00 AM,2026-04-04 11:30 AM,463946,30,14,1,5,36%
Little Splash 5,14,5,Sa,Little Splash 5 Demo,11:00 AM - 11:30 AM,463946,From 2026-04-04 to 2026-06-13,Paul Palleschi Full Pool,"Hall, Casey",Waiting,555-0154-14406,student.134.6@example.test,9,Little Splash 5,Paul Palleschi Full Pool,Sa,2026-04-04 11:00 AM,2026-04-04 11:30 AM,463946,30,14,1,5,36%
Little Splash 5,14,5,Sa,Little Splash 5 Demo,11:00 AM - 11:30 AM,463946,From 2026-04-04 to 2026-06-13,Paul Palleschi Full Pool,"Hall, Drew",Waiting,555-0154-14407,student.134.7@example.test,10,Little Splash 5,Paul Palleschi Full Pool,Sa,2026-04-04 11:00 AM,2026-04-04 11:30 AM,463946,30,14,1,5,36%
Little Splash 5,14,5,Sa,Little Splash 5 Demo,11:00 AM - 11:30 AM,463946,From 2026-04-04 to 2026-06-13,Paul Palleschi Full Pool,"Allen, Emery",Waiting,555-0154-14408,student.134.8@example.test,11,Little Splash 5,Paul Palleschi Full Pool,Sa,2026-04-04 11:00 AM,2026-04-04 11:30 AM,463946,30,14,1,5,36%
Little Splash 5,14,5,Sa,Little Splash 5 Demo,11:00 AM - 11:30 AM,463946,From 2026-04-04 to 2026-06-13,Paul Palleschi Full Pool,"Allen, Finley",Waiting,555-0154-14409,student.134.9@example.test,12,Little Splash 5,Paul Palleschi Full Pool,Sa,2026-04-04 11:00 AM,2026-04-04 11:30 AM,463946,30,14,1,5,36%
Little Splash 5,14,5,Sa,Little Splash 5 Demo,11:00 AM - 11:30 AM,463946,From 2026-04-04 to 2026-06-13,Paul Palleschi Full Pool,"Wright, Harper",Waiting,555-0154-14410,student.134.10@example.test,3,Little Splash 5,Paul Palleschi Full Pool,Sa,2026-04-04 11:00 AM,2026-04-04 11:30 AM,463946,30,14,1,5,36%
Little Splash 5,14,5,Sa,Little Splash 5 Demo,11:00 AM - 11:30 AM,463946,From 2026-04-04 to 2026-06-13,Paul Palleschi Full Pool,"Wright, Jordan",Booked,555-0154-14411,student.134.11@example.test,4,Little Splash 5,Paul Palleschi Full Pool,Sa,2026-04-04 11:00 AM,2026-04-04 11:30 AM,463946,30,14,1,5,36%
Little Splash 5,14,5,Sa,Little Splash 5 Demo,11:00 AM - 11:30 AM,463946,From 2026-04-04 to 2026-06-13,Paul Palleschi Full Pool,"King, Kai",Booked,555-0154-14412,student.134.12@example.test,5,Little Splash 5,Paul Palleschi Full Pool,Sa,2026-04-04 11:00 AM,2026-04-04 11:30 AM,463946,30,14,1,5,36%
Little Splash 5,14,5,Sa,Little Splash 5 Demo,11:00 AM - 11:30 AM,463946,From 2026-04-04 to 2026-06-13,Paul Palleschi Full Pool,"King, Logan",Waiting,555-0154-14413,student.134.13@example.test,6,Little Splash 5,Paul Palleschi Full Pool,Sa,2026-04-04 11:00 AM,2026-04-04 11:30 AM,463946,30,14,1,5,36%
Swimming Private Lesson,1,1,Sa,Swimming Private Lesson Demo,11:00 AM - 11:30 AM,496687,From 2026-04-04 to 2026-06-13,Paul Palleschi Full Pool,"Young, Avery",Booked,555-0155-14500,student.135.0@example.test,3,Swimming Private Lesson,Paul Palleschi Full Pool,Sa,2026-04-04 11:00 AM,2026-04-04 11:30 AM,496687,30,1,1,1,100%
Splash  6,8,8,Sa,Splash  6 Demo,11:00 AM - 11:45 AM,471603,From 2026-04-04 to 2026-06-13,Paul Palleschi Full Pool,"Allen, Emery",Booked,555-0156-14600,student.136.0@example.test,3,Splash  6,Paul Palleschi Full Pool,Sa,2026-04-04 11:00 AM,2026-04-04 11:45 AM,471603,45,8,1,8,100%
Splash  6,8,8,Sa,Splash  6 Demo,11:00 AM - 11:45 AM,471603,From 2026-04-04 to 2026-06-13,Paul Palleschi Full Pool,"Allen, Finley",Booked,555-0156-14601,student.136.1@example.test,4,Splash  6,Paul Palleschi Full Pool,Sa,2026-04-04 11:00 AM,2026-04-04 11:45 AM,471603,45,8,1,8,100%
Splash  6,8,8,Sa,Splash  6 Demo,11:00 AM - 11:45 AM,471603,From 2026-04-04 to 2026-06-13,Paul Palleschi Full Pool,"Wright, Harper",Booked,555-0156-14602,student.136.2@example.test,5,Splash  6,Paul Palleschi Full Pool,Sa,2026-04-04 11:00 AM,2026-04-04 11:45 AM,471603,45,8,1,8,100%
Splash  6,8,8,Sa,Splash  6 Demo,11:00 AM - 11:45 AM,471603,From 2026-04-04 to 2026-06-13,Paul Palleschi Full Pool,"Wright, Jordan",Booked,555-0156-14603,student.136.3@example.test,6,Splash  6,Paul Palleschi Full Pool,Sa,2026-04-04 11:00 AM,2026-04-04 11:45 AM,471603,45,8,1,8,100%
Splash  6,8,8,Sa,Splash  6 Demo,11:00 AM - 11:45 AM,471603,From 2026-04-04 to 2026-06-13,Paul Palleschi Full Pool,"King, Kai",Booked,555-0156-14604,student.136.4@example.test,7,Splash  6,Paul Palleschi Full Pool,Sa,2026-04-04 11:00 AM,2026-04-04 11:45 AM,471603,45,8,1,8,100%
Splash  6,8,8,Sa,Splash  6 Demo,11:00 AM - 11:45 AM,471603,From 2026-04-04 to 2026-06-13,Paul Palleschi Full Pool,"King, Logan",Booked,555-0156-14605,student.136.5@example.test,8,Splash  6,Paul Palleschi Full Pool,Sa,2026-04-04 11:00 AM,2026-04-04 11:45 AM,471603,45,8,1,8,100%
Splash  6,8,8,Sa,Splash  6 Demo,11:00 AM - 11:45 AM,471603,From 2026-04-04 to 2026-06-13,Paul Palleschi Full Pool,"Scott, Maya",Booked,555-0156-14606,student.136.6@example.test,9,Splash  6,Paul Palleschi Full Pool,Sa,2026-04-04 11:00 AM,2026-04-04 11:45 AM,471603,45,8,1,8,100%
Splash  6,8,8,Sa,Splash  6 Demo,11:00 AM - 11:45 AM,471603,From 2026-04-04 to 2026-06-13,Paul Palleschi Full Pool,"Scott, Noah",Booked,555-0156-14607,student.136.7@example.test,10,Splash  6,Paul Palleschi Full Pool,Sa,2026-04-04 11:00 AM,2026-04-04 11:45 AM,471603,45,8,1,8,100%
Splash  3,6,6,Sa,Splash  3 Demo,11:15 AM - 11:45 AM,471708,From 2026-04-04 to 2026-06-13,Paul Palleschi Full Pool,"King, Kai",Booked,555-0157-14700,student.137.0@example.test,3,Splash  3,Paul Palleschi Full Pool,Sa,2026-04-04 11:15 AM,2026-04-04 11:45 AM,471708,30,6,1,6,100%
Splash  3,6,6,Sa,Splash  3 Demo,11:15 AM - 11:45 AM,471708,From 2026-04-04 to 2026-06-13,Paul Palleschi Full Pool,"King, Logan",Booked,555-0157-14701,student.137.1@example.test,4,Splash  3,Paul Palleschi Full Pool,Sa,2026-04-04 11:15 AM,2026-04-04 11:45 AM,471708,30,6,1,6,100%
Splash  3,6,6,Sa,Splash  3 Demo,11:15 AM - 11:45 AM,471708,From 2026-04-04 to 2026-06-13,Paul Palleschi Full Pool,"Scott, Maya",Booked,555-0157-14702,student.137.2@example.test,5,Splash  3,Paul Palleschi Full Pool,Sa,2026-04-04 11:15 AM,2026-04-04 11:45 AM,471708,30,6,1,6,100%
Splash  3,6,6,Sa,Splash  3 Demo,11:15 AM - 11:45 AM,471708,From 2026-04-04 to 2026-06-13,Paul Palleschi Full Pool,"Scott, Noah",Booked,555-0157-14703,student.137.3@example.test,6,Splash  3,Paul Palleschi Full Pool,Sa,2026-04-04 11:15 AM,2026-04-04 11:45 AM,471708,30,6,1,6,100%
Splash  3,6,6,Sa,Splash  3 Demo,11:15 AM - 11:45 AM,471708,From 2026-04-04 to 2026-06-13,Paul Palleschi Full Pool,"Stone, Avery",Booked,555-0157-14704,student.137.4@example.test,7,Splash  3,Paul Palleschi Full Pool,Sa,2026-04-04 11:15 AM,2026-04-04 11:45 AM,471708,30,6,1,6,100%
Splash  3,6,6,Sa,Splash  3 Demo,11:15 AM - 11:45 AM,471708,From 2026-04-04 to 2026-06-13,Paul Palleschi Full Pool,"Stone, Blake",Booked,555-0157-14705,student.137.5@example.test,8,Splash  3,Paul Palleschi Full Pool,Sa,2026-04-04 11:15 AM,2026-04-04 11:45 AM,471708,30,6,1,6,100%
Splash  1,7,6,Sa,Splash  1 Demo,11:30 AM - 12:00 PM,457859,From 2026-04-04 to 2026-06-13,Paul Palleschi Full Pool,"Stone, Avery",Waiting,555-0158-14800,student.138.0@example.test,3,Splash  1,Paul Palleschi Full Pool,Sa,2026-04-04 11:30 AM,2026-04-04 12:00 PM,457859,30,7,1,6,86%
Splash  1,7,6,Sa,Splash  1 Demo,11:30 AM - 12:00 PM,457859,From 2026-04-04 to 2026-06-13,Paul Palleschi Full Pool,"Stone, Blake",Booked,555-0158-14801,student.138.1@example.test,4,Splash  1,Paul Palleschi Full Pool,Sa,2026-04-04 11:30 AM,2026-04-04 12:00 PM,457859,30,7,1,6,86%
Splash  1,7,6,Sa,Splash  1 Demo,11:30 AM - 12:00 PM,457859,From 2026-04-04 to 2026-06-13,Paul Palleschi Full Pool,"Lee, Casey",Booked,555-0158-14802,student.138.2@example.test,5,Splash  1,Paul Palleschi Full Pool,Sa,2026-04-04 11:30 AM,2026-04-04 12:00 PM,457859,30,7,1,6,86%
Splash  1,7,6,Sa,Splash  1 Demo,11:30 AM - 12:00 PM,457859,From 2026-04-04 to 2026-06-13,Paul Palleschi Full Pool,"Lee, Drew",Booked,555-0158-14803,student.138.3@example.test,6,Splash  1,Paul Palleschi Full Pool,Sa,2026-04-04 11:30 AM,2026-04-04 12:00 PM,457859,30,7,1,6,86%
Splash  1,7,6,Sa,Splash  1 Demo,11:30 AM - 12:00 PM,457859,From 2026-04-04 to 2026-06-13,Paul Palleschi Full Pool,"Martin, Emery",Booked,555-0158-14804,student.138.4@example.test,7,Splash  1,Paul Palleschi Full Pool,Sa,2026-04-04 11:30 AM,2026-04-04 12:00 PM,457859,30,7,1,6,86%
Splash  1,7,6,Sa,Splash  1 Demo,11:30 AM - 12:00 PM,457859,From 2026-04-04 to 2026-06-13,Paul Palleschi Full Pool,"Martin, Finley",Booked,555-0158-14805,student.138.5@example.test,8,Splash  1,Paul Palleschi Full Pool,Sa,2026-04-04 11:30 AM,2026-04-04 12:00 PM,457859,30,7,1,6,86%
Splash  1,7,6,Sa,Splash  1 Demo,11:30 AM - 12:00 PM,457859,From 2026-04-04 to 2026-06-13,Paul Palleschi Full Pool,"Singh, Harper",Booked,555-0158-14806,student.138.6@example.test,9,Splash  1,Paul Palleschi Full Pool,Sa,2026-04-04 11:30 AM,2026-04-04 12:00 PM,457859,30,7,1,6,86%
Little Splash 4,5,5,Sa,Little Splash 4 Demo,11:30 AM - 12:00 PM,463925,From 2026-04-04 to 2026-06-13,Paul Palleschi Full Pool,"Martin, Emery",Booked,555-0159-14900,student.139.0@example.test,3,Little Splash 4,Paul Palleschi Full Pool,Sa,2026-04-04 11:30 AM,2026-04-04 12:00 PM,463925,30,5,1,5,100%
Little Splash 4,5,5,Sa,Little Splash 4 Demo,11:30 AM - 12:00 PM,463925,From 2026-04-04 to 2026-06-13,Paul Palleschi Full Pool,"Martin, Finley",Booked,555-0159-14901,student.139.1@example.test,4,Little Splash 4,Paul Palleschi Full Pool,Sa,2026-04-04 11:30 AM,2026-04-04 12:00 PM,463925,30,5,1,5,100%
Little Splash 4,5,5,Sa,Little Splash 4 Demo,11:30 AM - 12:00 PM,463925,From 2026-04-04 to 2026-06-13,Paul Palleschi Full Pool,"Singh, Harper",Booked,555-0159-14902,student.139.2@example.test,5,Little Splash 4,Paul Palleschi Full Pool,Sa,2026-04-04 11:30 AM,2026-04-04 12:00 PM,463925,30,5,1,5,100%
Little Splash 4,5,5,Sa,Little Splash 4 Demo,11:30 AM - 12:00 PM,463925,From 2026-04-04 to 2026-06-13,Paul Palleschi Full Pool,"Singh, Jordan",Booked,555-0159-14903,student.139.3@example.test,6,Little Splash 4,Paul Palleschi Full Pool,Sa,2026-04-04 11:30 AM,2026-04-04 12:00 PM,463925,30,5,1,5,100%
Little Splash 4,5,5,Sa,Little Splash 4 Demo,11:30 AM - 12:00 PM,463925,From 2026-04-04 to 2026-06-13,Paul Palleschi Full Pool,"Cooper, Kai",Booked,555-0159-14904,student.139.4@example.test,7,Little Splash 4,Paul Palleschi Full Pool,Sa,2026-04-04 11:30 AM,2026-04-04 12:00 PM,463925,30,5,1,5,100%
Swimming Private Lesson,1,1,Sa,Swimming Private Lesson Demo,11:30 AM - 12:00 PM,496688,From 2026-04-04 to 2026-06-13,Paul Palleschi Full Pool,"Cooper, Kai",Booked,555-0160-15000,student.140.0@example.test,3,Swimming Private Lesson,Paul Palleschi Full Pool,Sa,2026-04-04 11:30 AM,2026-04-04 12:00 PM,496688,30,1,1,1,100%
Little Splash 1,4,4,Sa,Little Splash 1 Demo,11:45 AM - 12:15 PM,457594,From 2026-04-04 to 2026-06-13,Paul Palleschi Full Pool,"Young, Avery",Booked,555-0161-15100,student.141.0@example.test,3,Little Splash 1,Paul Palleschi Full Pool,Sa,2026-04-04 11:45 AM,2026-04-04 12:15 PM,457594,30,4,1,4,100%
Little Splash 1,4,4,Sa,Little Splash 1 Demo,11:45 AM - 12:15 PM,457594,From 2026-04-04 to 2026-06-13,Paul Palleschi Full Pool,"Young, Blake",Booked,555-0161-15101,student.141.1@example.test,4,Little Splash 1,Paul Palleschi Full Pool,Sa,2026-04-04 11:45 AM,2026-04-04 12:15 PM,457594,30,4,1,4,100%
Little Splash 1,4,4,Sa,Little Splash 1 Demo,11:45 AM - 12:15 PM,457594,From 2026-04-04 to 2026-06-13,Paul Palleschi Full Pool,"Hall, Casey",Booked,555-0161-15102,student.141.2@example.test,5,Little Splash 1,Paul Palleschi Full Pool,Sa,2026-04-04 11:45 AM,2026-04-04 12:15 PM,457594,30,4,1,4,100%
Little Splash 1,4,4,Sa,Little Splash 1 Demo,11:45 AM - 12:15 PM,457594,From 2026-04-04 to 2026-06-13,Paul Palleschi Full Pool,"Hall, Drew",Booked,555-0161-15103,student.141.3@example.test,6,Little Splash 1,Paul Palleschi Full Pool,Sa,2026-04-04 11:45 AM,2026-04-04 12:15 PM,457594,30,4,1,4,100%
Splash  5,14,11,Sa,Splash  5 Demo,11:45 AM - 12:30 PM,471653,From 2026-04-04 to 2026-06-13,Paul Palleschi Full Pool,"Allen, Emery",Booked,555-0162-15200,student.142.0@example.test,3,Splash  5,Paul Palleschi Full Pool,Sa,2026-04-04 11:45 AM,2026-04-04 12:30 PM,471653,45,14,1,11,79%
Splash  5,14,11,Sa,Splash  5 Demo,11:45 AM - 12:30 PM,471653,From 2026-04-04 to 2026-06-13,Paul Palleschi Full Pool,"Allen, Finley",Booked,555-0162-15201,student.142.1@example.test,4,Splash  5,Paul Palleschi Full Pool,Sa,2026-04-04 11:45 AM,2026-04-04 12:30 PM,471653,45,14,1,11,79%
Splash  5,14,11,Sa,Splash  5 Demo,11:45 AM - 12:30 PM,471653,From 2026-04-04 to 2026-06-13,Paul Palleschi Full Pool,"Wright, Harper",Booked,555-0162-15202,student.142.2@example.test,5,Splash  5,Paul Palleschi Full Pool,Sa,2026-04-04 11:45 AM,2026-04-04 12:30 PM,471653,45,14,1,11,79%
Splash  5,14,11,Sa,Splash  5 Demo,11:45 AM - 12:30 PM,471653,From 2026-04-04 to 2026-06-13,Paul Palleschi Full Pool,"Wright, Jordan",Booked,555-0162-15203,student.142.3@example.test,6,Splash  5,Paul Palleschi Full Pool,Sa,2026-04-04 11:45 AM,2026-04-04 12:30 PM,471653,45,14,1,11,79%
Splash  5,14,11,Sa,Splash  5 Demo,11:45 AM - 12:30 PM,471653,From 2026-04-04 to 2026-06-13,Paul Palleschi Full Pool,"King, Kai",Booked,555-0162-15204,student.142.4@example.test,7,Splash  5,Paul Palleschi Full Pool,Sa,2026-04-04 11:45 AM,2026-04-04 12:30 PM,471653,45,14,1,11,79%
Splash  5,14,11,Sa,Splash  5 Demo,11:45 AM - 12:30 PM,471653,From 2026-04-04 to 2026-06-13,Paul Palleschi Full Pool,"King, Logan",Booked,555-0162-15205,student.142.5@example.test,8,Splash  5,Paul Palleschi Full Pool,Sa,2026-04-04 11:45 AM,2026-04-04 12:30 PM,471653,45,14,1,11,79%
Splash  5,14,11,Sa,Splash  5 Demo,11:45 AM - 12:30 PM,471653,From 2026-04-04 to 2026-06-13,Paul Palleschi Full Pool,"Scott, Maya",Booked,555-0162-15206,student.142.6@example.test,9,Splash  5,Paul Palleschi Full Pool,Sa,2026-04-04 11:45 AM,2026-04-04 12:30 PM,471653,45,14,1,11,79%
Splash  5,14,11,Sa,Splash  5 Demo,11:45 AM - 12:30 PM,471653,From 2026-04-04 to 2026-06-13,Paul Palleschi Full Pool,"Scott, Noah",Waiting,555-0162-15207,student.142.7@example.test,10,Splash  5,Paul Palleschi Full Pool,Sa,2026-04-04 11:45 AM,2026-04-04 12:30 PM,471653,45,14,1,11,79%
Splash  5,14,11,Sa,Splash  5 Demo,11:45 AM - 12:30 PM,471653,From 2026-04-04 to 2026-06-13,Paul Palleschi Full Pool,"Stone, Avery",Booked,555-0162-15208,student.142.8@example.test,11,Splash  5,Paul Palleschi Full Pool,Sa,2026-04-04 11:45 AM,2026-04-04 12:30 PM,471653,45,14,1,11,79%
Splash  5,14,11,Sa,Splash  5 Demo,11:45 AM - 12:30 PM,471653,From 2026-04-04 to 2026-06-13,Paul Palleschi Full Pool,"Stone, Blake",Booked,555-0162-15209,student.142.9@example.test,12,Splash  5,Paul Palleschi Full Pool,Sa,2026-04-04 11:45 AM,2026-04-04 12:30 PM,471653,45,14,1,11,79%
Splash  5,14,11,Sa,Splash  5 Demo,11:45 AM - 12:30 PM,471653,From 2026-04-04 to 2026-06-13,Paul Palleschi Full Pool,"Lee, Casey",Waiting,555-0162-15210,student.142.10@example.test,3,Splash  5,Paul Palleschi Full Pool,Sa,2026-04-04 11:45 AM,2026-04-04 12:30 PM,471653,45,14,1,11,79%
Splash  5,14,11,Sa,Splash  5 Demo,11:45 AM - 12:30 PM,471653,From 2026-04-04 to 2026-06-13,Paul Palleschi Full Pool,"Lee, Drew",Waiting,555-0162-15211,student.142.11@example.test,4,Splash  5,Paul Palleschi Full Pool,Sa,2026-04-04 11:45 AM,2026-04-04 12:30 PM,471653,45,14,1,11,79%
Splash  5,14,11,Sa,Splash  5 Demo,11:45 AM - 12:30 PM,471653,From 2026-04-04 to 2026-06-13,Paul Palleschi Full Pool,"Martin, Emery",Booked,555-0162-15212,student.142.12@example.test,5,Splash  5,Paul Palleschi Full Pool,Sa,2026-04-04 11:45 AM,2026-04-04 12:30 PM,471653,45,14,1,11,79%
Splash  5,14,11,Sa,Splash  5 Demo,11:45 AM - 12:30 PM,471653,From 2026-04-04 to 2026-06-13,Paul Palleschi Full Pool,"Martin, Finley",Booked,555-0162-15213,student.142.13@example.test,6,Splash  5,Paul Palleschi Full Pool,Sa,2026-04-04 11:45 AM,2026-04-04 12:30 PM,471653,45,14,1,11,79%
Splash  2B,7,6,Sa,Splash  2B Demo,12:00 PM - 12:30 PM,471589,From 2026-04-04 to 2026-06-13,Paul Palleschi Full Pool,"King, Kai",Booked,555-0163-15300,student.143.0@example.test,3,Splash  2B,Paul Palleschi Full Pool,Sa,2026-04-04 12:00 PM,2026-04-04 12:30 PM,471589,30,7,1,6,86%
Splash  2B,7,6,Sa,Splash  2B Demo,12:00 PM - 12:30 PM,471589,From 2026-04-04 to 2026-06-13,Paul Palleschi Full Pool,"King, Logan",Booked,555-0163-15301,student.143.1@example.test,4,Splash  2B,Paul Palleschi Full Pool,Sa,2026-04-04 12:00 PM,2026-04-04 12:30 PM,471589,30,7,1,6,86%
Splash  2B,7,6,Sa,Splash  2B Demo,12:00 PM - 12:30 PM,471589,From 2026-04-04 to 2026-06-13,Paul Palleschi Full Pool,"Scott, Maya",Booked,555-0163-15302,student.143.2@example.test,5,Splash  2B,Paul Palleschi Full Pool,Sa,2026-04-04 12:00 PM,2026-04-04 12:30 PM,471589,30,7,1,6,86%
Splash  2B,7,6,Sa,Splash  2B Demo,12:00 PM - 12:30 PM,471589,From 2026-04-04 to 2026-06-13,Paul Palleschi Full Pool,"Scott, Noah",Booked,555-0163-15303,student.143.3@example.test,6,Splash  2B,Paul Palleschi Full Pool,Sa,2026-04-04 12:00 PM,2026-04-04 12:30 PM,471589,30,7,1,6,86%
Splash  2B,7,6,Sa,Splash  2B Demo,12:00 PM - 12:30 PM,471589,From 2026-04-04 to 2026-06-13,Paul Palleschi Full Pool,"Stone, Avery",Booked,555-0163-15304,student.143.4@example.test,7,Splash  2B,Paul Palleschi Full Pool,Sa,2026-04-04 12:00 PM,2026-04-04 12:30 PM,471589,30,7,1,6,86%
Splash  2B,7,6,Sa,Splash  2B Demo,12:00 PM - 12:30 PM,471589,From 2026-04-04 to 2026-06-13,Paul Palleschi Full Pool,"Stone, Blake",Waiting,555-0163-15305,student.143.5@example.test,8,Splash  2B,Paul Palleschi Full Pool,Sa,2026-04-04 12:00 PM,2026-04-04 12:30 PM,471589,30,7,1,6,86%
Splash  2B,7,6,Sa,Splash  2B Demo,12:00 PM - 12:30 PM,471589,From 2026-04-04 to 2026-06-13,Paul Palleschi Full Pool,"Lee, Casey",Booked,555-0163-15306,student.143.6@example.test,9,Splash  2B,Paul Palleschi Full Pool,Sa,2026-04-04 12:00 PM,2026-04-04 12:30 PM,471589,30,7,1,6,86%
Swimming Private Lesson,1,1,Sa,Swimming Private Lesson Demo,12:00 PM - 12:30 PM,471778,From 2026-04-04 to 2026-06-13,Paul Palleschi Full Pool,"Stone, Avery",Booked,555-0164-15400,student.144.0@example.test,3,Swimming Private Lesson,Paul Palleschi Full Pool,Sa,2026-04-04 12:00 PM,2026-04-04 12:30 PM,471778,30,1,1,1,100%
Swimming Private Lesson,1,1,Sa,Swimming Private Lesson Demo,12:00 PM - 12:30 PM,496689,From 2026-04-04 to 2026-06-13,Paul Palleschi Full Pool,"Martin, Emery",Booked,555-0165-15500,student.145.0@example.test,3,Swimming Private Lesson,Paul Palleschi Full Pool,Sa,2026-04-04 12:00 PM,2026-04-04 12:30 PM,496689,30,1,1,1,100%
Little Splash 3,5,5,Sa,Little Splash 3 Demo,12:30 PM - 1:00 PM,463858,From 2026-04-04 to 2026-06-13,Paul Palleschi Full Pool,"Cooper, Kai",Booked,555-0166-15600,student.146.0@example.test,3,Little Splash 3,Paul Palleschi Full Pool,Sa,2026-04-04 12:30 PM,2026-04-04 1:00 PM,463858,30,5,1,5,100%
Little Splash 3,5,5,Sa,Little Splash 3 Demo,12:30 PM - 1:00 PM,463858,From 2026-04-04 to 2026-06-13,Paul Palleschi Full Pool,"Cooper, Logan",Booked,555-0166-15601,student.146.1@example.test,4,Little Splash 3,Paul Palleschi Full Pool,Sa,2026-04-04 12:30 PM,2026-04-04 1:00 PM,463858,30,5,1,5,100%
Little Splash 3,5,5,Sa,Little Splash 3 Demo,12:30 PM - 1:00 PM,463858,From 2026-04-04 to 2026-06-13,Paul Palleschi Full Pool,"Walker, Maya",Booked,555-0166-15602,student.146.2@example.test,5,Little Splash 3,Paul Palleschi Full Pool,Sa,2026-04-04 12:30 PM,2026-04-04 1:00 PM,463858,30,5,1,5,100%
Little Splash 3,5,5,Sa,Little Splash 3 Demo,12:30 PM - 1:00 PM,463858,From 2026-04-04 to 2026-06-13,Paul Palleschi Full Pool,"Walker, Noah",Booked,555-0166-15603,student.146.3@example.test,6,Little Splash 3,Paul Palleschi Full Pool,Sa,2026-04-04 12:30 PM,2026-04-04 1:00 PM,463858,30,5,1,5,100%
Little Splash 3,5,5,Sa,Little Splash 3 Demo,12:30 PM - 1:00 PM,463858,From 2026-04-04 to 2026-06-13,Paul Palleschi Full Pool,"Young, Avery",Booked,555-0166-15604,student.146.4@example.test,7,Little Splash 3,Paul Palleschi Full Pool,Sa,2026-04-04 12:30 PM,2026-04-04 1:00 PM,463858,30,5,1,5,100%
Splash Parent and Child ( 2 to 3 Years),16,12,Sa,Splash Parent and Child ( 2 to 3 Years) Demo,12:30 PM - 1:00 PM,464171,From 2026-04-04 to 2026-06-13,Paul Palleschi Full Pool,"Young, Avery",Booked,555-0167-15700,student.147.0@example.test,3,Splash Parent and Child ( 2 to 3 Years),Paul Palleschi Full Pool,Sa,2026-04-04 12:30 PM,2026-04-04 1:00 PM,464171,30,16,1,12,75%
Splash Parent and Child ( 2 to 3 Years),16,12,Sa,Splash Parent and Child ( 2 to 3 Years) Demo,12:30 PM - 1:00 PM,464171,From 2026-04-04 to 2026-06-13,Paul Palleschi Full Pool,"Young, Blake",Booked,555-0167-15701,student.147.1@example.test,4,Splash Parent and Child ( 2 to 3 Years),Paul Palleschi Full Pool,Sa,2026-04-04 12:30 PM,2026-04-04 1:00 PM,464171,30,16,1,12,75%
Splash Parent and Child ( 2 to 3 Years),16,12,Sa,Splash Parent and Child ( 2 to 3 Years) Demo,12:30 PM - 1:00 PM,464171,From 2026-04-04 to 2026-06-13,Paul Palleschi Full Pool,"Hall, Casey",Booked,555-0167-15702,student.147.2@example.test,5,Splash Parent and Child ( 2 to 3 Years),Paul Palleschi Full Pool,Sa,2026-04-04 12:30 PM,2026-04-04 1:00 PM,464171,30,16,1,12,75%
Splash Parent and Child ( 2 to 3 Years),16,12,Sa,Splash Parent and Child ( 2 to 3 Years) Demo,12:30 PM - 1:00 PM,464171,From 2026-04-04 to 2026-06-13,Paul Palleschi Full Pool,"Hall, Drew",Waiting,555-0167-15703,student.147.3@example.test,6,Splash Parent and Child ( 2 to 3 Years),Paul Palleschi Full Pool,Sa,2026-04-04 12:30 PM,2026-04-04 1:00 PM,464171,30,16,1,12,75%
Splash Parent and Child ( 2 to 3 Years),16,12,Sa,Splash Parent and Child ( 2 to 3 Years) Demo,12:30 PM - 1:00 PM,464171,From 2026-04-04 to 2026-06-13,Paul Palleschi Full Pool,"Allen, Emery",Booked,555-0167-15704,student.147.4@example.test,7,Splash Parent and Child ( 2 to 3 Years),Paul Palleschi Full Pool,Sa,2026-04-04 12:30 PM,2026-04-04 1:00 PM,464171,30,16,1,12,75%
Splash Parent and Child ( 2 to 3 Years),16,12,Sa,Splash Parent and Child ( 2 to 3 Years) Demo,12:30 PM - 1:00 PM,464171,From 2026-04-04 to 2026-06-13,Paul Palleschi Full Pool,"Allen, Finley",Booked,555-0167-15705,student.147.5@example.test,8,Splash Parent and Child ( 2 to 3 Years),Paul Palleschi Full Pool,Sa,2026-04-04 12:30 PM,2026-04-04 1:00 PM,464171,30,16,1,12,75%
Splash Parent and Child ( 2 to 3 Years),16,12,Sa,Splash Parent and Child ( 2 to 3 Years) Demo,12:30 PM - 1:00 PM,464171,From 2026-04-04 to 2026-06-13,Paul Palleschi Full Pool,"Wright, Harper",Booked,555-0167-15706,student.147.6@example.test,9,Splash Parent and Child ( 2 to 3 Years),Paul Palleschi Full Pool,Sa,2026-04-04 12:30 PM,2026-04-04 1:00 PM,464171,30,16,1,12,75%
Splash Parent and Child ( 2 to 3 Years),16,12,Sa,Splash Parent and Child ( 2 to 3 Years) Demo,12:30 PM - 1:00 PM,464171,From 2026-04-04 to 2026-06-13,Paul Palleschi Full Pool,"Wright, Jordan",Booked,555-0167-15707,student.147.7@example.test,10,Splash Parent and Child ( 2 to 3 Years),Paul Palleschi Full Pool,Sa,2026-04-04 12:30 PM,2026-04-04 1:00 PM,464171,30,16,1,12,75%
Splash Parent and Child ( 2 to 3 Years),16,12,Sa,Splash Parent and Child ( 2 to 3 Years) Demo,12:30 PM - 1:00 PM,464171,From 2026-04-04 to 2026-06-13,Paul Palleschi Full Pool,"King, Kai",Booked,555-0167-15708,student.147.8@example.test,11,Splash Parent and Child ( 2 to 3 Years),Paul Palleschi Full Pool,Sa,2026-04-04 12:30 PM,2026-04-04 1:00 PM,464171,30,16,1,12,75%
Splash Parent and Child ( 2 to 3 Years),16,12,Sa,Splash Parent and Child ( 2 to 3 Years) Demo,12:30 PM - 1:00 PM,464171,From 2026-04-04 to 2026-06-13,Paul Palleschi Full Pool,"King, Logan",Booked,555-0167-15709,student.147.9@example.test,12,Splash Parent and Child ( 2 to 3 Years),Paul Palleschi Full Pool,Sa,2026-04-04 12:30 PM,2026-04-04 1:00 PM,464171,30,16,1,12,75%
Splash Parent and Child ( 2 to 3 Years),16,12,Sa,Splash Parent and Child ( 2 to 3 Years) Demo,12:30 PM - 1:00 PM,464171,From 2026-04-04 to 2026-06-13,Paul Palleschi Full Pool,"Scott, Maya",Booked,555-0167-15710,student.147.10@example.test,3,Splash Parent and Child ( 2 to 3 Years),Paul Palleschi Full Pool,Sa,2026-04-04 12:30 PM,2026-04-04 1:00 PM,464171,30,16,1,12,75%
Splash Parent and Child ( 2 to 3 Years),16,12,Sa,Splash Parent and Child ( 2 to 3 Years) Demo,12:30 PM - 1:00 PM,464171,From 2026-04-04 to 2026-06-13,Paul Palleschi Full Pool,"Scott, Noah",Booked,555-0167-15711,student.147.11@example.test,4,Splash Parent and Child ( 2 to 3 Years),Paul Palleschi Full Pool,Sa,2026-04-04 12:30 PM,2026-04-04 1:00 PM,464171,30,16,1,12,75%
Splash Parent and Child ( 2 to 3 Years),16,12,Sa,Splash Parent and Child ( 2 to 3 Years) Demo,12:30 PM - 1:00 PM,464171,From 2026-04-04 to 2026-06-13,Paul Palleschi Full Pool,"Stone, Avery",Waiting,555-0167-15712,student.147.12@example.test,5,Splash Parent and Child ( 2 to 3 Years),Paul Palleschi Full Pool,Sa,2026-04-04 12:30 PM,2026-04-04 1:00 PM,464171,30,16,1,12,75%
Splash Parent and Child ( 2 to 3 Years),16,12,Sa,Splash Parent and Child ( 2 to 3 Years) Demo,12:30 PM - 1:00 PM,464171,From 2026-04-04 to 2026-06-13,Paul Palleschi Full Pool,"Stone, Blake",Waiting,555-0167-15713,student.147.13@example.test,6,Splash Parent and Child ( 2 to 3 Years),Paul Palleschi Full Pool,Sa,2026-04-04 12:30 PM,2026-04-04 1:00 PM,464171,30,16,1,12,75%
Splash Parent and Child ( 2 to 3 Years),16,12,Sa,Splash Parent and Child ( 2 to 3 Years) Demo,12:30 PM - 1:00 PM,464171,From 2026-04-04 to 2026-06-13,Paul Palleschi Full Pool,"Lee, Casey",Waiting,555-0167-15714,student.147.14@example.test,7,Splash Parent and Child ( 2 to 3 Years),Paul Palleschi Full Pool,Sa,2026-04-04 12:30 PM,2026-04-04 1:00 PM,464171,30,16,1,12,75%
Splash Parent and Child ( 2 to 3 Years),16,12,Sa,Splash Parent and Child ( 2 to 3 Years) Demo,12:30 PM - 1:00 PM,464171,From 2026-04-04 to 2026-06-13,Paul Palleschi Full Pool,"Lee, Drew",Booked,555-0167-15715,student.147.15@example.test,8,Splash Parent and Child ( 2 to 3 Years),Paul Palleschi Full Pool,Sa,2026-04-04 12:30 PM,2026-04-04 1:00 PM,464171,30,16,1,12,75%
Splash  4,7,7,Sa,Splash  4 Demo,12:30 PM - 1:00 PM,471735,From 2026-04-04 to 2026-06-13,Paul Palleschi Full Pool,"Allen, Emery",Booked,555-0168-15800,student.148.0@example.test,3,Splash  4,Paul Palleschi Full Pool,Sa,2026-04-04 12:30 PM,2026-04-04 1:00 PM,471735,30,7,1,7,100%
Splash  4,7,7,Sa,Splash  4 Demo,12:30 PM - 1:00 PM,471735,From 2026-04-04 to 2026-06-13,Paul Palleschi Full Pool,"Allen, Finley",Booked,555-0168-15801,student.148.1@example.test,4,Splash  4,Paul Palleschi Full Pool,Sa,2026-04-04 12:30 PM,2026-04-04 1:00 PM,471735,30,7,1,7,100%
Splash  4,7,7,Sa,Splash  4 Demo,12:30 PM - 1:00 PM,471735,From 2026-04-04 to 2026-06-13,Paul Palleschi Full Pool,"Wright, Harper",Booked,555-0168-15802,student.148.2@example.test,5,Splash  4,Paul Palleschi Full Pool,Sa,2026-04-04 12:30 PM,2026-04-04 1:00 PM,471735,30,7,1,7,100%
Splash  4,7,7,Sa,Splash  4 Demo,12:30 PM - 1:00 PM,471735,From 2026-04-04 to 2026-06-13,Paul Palleschi Full Pool,"Wright, Jordan",Booked,555-0168-15803,student.148.3@example.test,6,Splash  4,Paul Palleschi Full Pool,Sa,2026-04-04 12:30 PM,2026-04-04 1:00 PM,471735,30,7,1,7,100%
Splash  4,7,7,Sa,Splash  4 Demo,12:30 PM - 1:00 PM,471735,From 2026-04-04 to 2026-06-13,Paul Palleschi Full Pool,"King, Kai",Booked,555-0168-15804,student.148.4@example.test,7,Splash  4,Paul Palleschi Full Pool,Sa,2026-04-04 12:30 PM,2026-04-04 1:00 PM,471735,30,7,1,7,100%
Splash  4,7,7,Sa,Splash  4 Demo,12:30 PM - 1:00 PM,471735,From 2026-04-04 to 2026-06-13,Paul Palleschi Full Pool,"King, Logan",Booked,555-0168-15805,student.148.5@example.test,8,Splash  4,Paul Palleschi Full Pool,Sa,2026-04-04 12:30 PM,2026-04-04 1:00 PM,471735,30,7,1,7,100%
Splash  4,7,7,Sa,Splash  4 Demo,12:30 PM - 1:00 PM,471735,From 2026-04-04 to 2026-06-13,Paul Palleschi Full Pool,"Scott, Maya",Booked,555-0168-15806,student.148.6@example.test,9,Splash  4,Paul Palleschi Full Pool,Sa,2026-04-04 12:30 PM,2026-04-04 1:00 PM,471735,30,7,1,7,100%
Swimming Private Lesson,1,1,Sa,Swimming Private Lesson Demo,12:30 PM - 1:00 PM,496690,From 2026-04-04 to 2026-06-13,Paul Palleschi Full Pool,"King, Kai",Booked,555-0169-15900,student.149.0@example.test,3,Swimming Private Lesson,Paul Palleschi Full Pool,Sa,2026-04-04 12:30 PM,2026-04-04 1:00 PM,496690,30,1,1,1,100%
Splash  2B,4,4,Sa,Splash  2B Demo,4:45 PM - 5:15 PM,471600,From 2026-04-04 to 2026-06-13,Paul Palleschi Full Pool,"Stone, Avery",Booked,555-0170-16000,student.150.0@example.test,3,Splash  2B,Paul Palleschi Full Pool,Sa,2026-04-04 4:45 PM,2026-04-04 5:15 PM,471600,30,4,1,4,100%
Splash  2B,4,4,Sa,Splash  2B Demo,4:45 PM - 5:15 PM,471600,From 2026-04-04 to 2026-06-13,Paul Palleschi Full Pool,"Stone, Blake",Booked,555-0170-16001,student.150.1@example.test,4,Splash  2B,Paul Palleschi Full Pool,Sa,2026-04-04 4:45 PM,2026-04-04 5:15 PM,471600,30,4,1,4,100%
Splash  2B,4,4,Sa,Splash  2B Demo,4:45 PM - 5:15 PM,471600,From 2026-04-04 to 2026-06-13,Paul Palleschi Full Pool,"Lee, Casey",Booked,555-0170-16002,student.150.2@example.test,5,Splash  2B,Paul Palleschi Full Pool,Sa,2026-04-04 4:45 PM,2026-04-04 5:15 PM,471600,30,4,1,4,100%
Splash  2B,4,4,Sa,Splash  2B Demo,4:45 PM - 5:15 PM,471600,From 2026-04-04 to 2026-06-13,Paul Palleschi Full Pool,"Lee, Drew",Booked,555-0170-16003,student.150.3@example.test,6,Splash  2B,Paul Palleschi Full Pool,Sa,2026-04-04 4:45 PM,2026-04-04 5:15 PM,471600,30,4,1,4,100%
Splash  3,8,7,Sa,Splash  3 Demo,4:45 PM - 5:15 PM,471712,From 2026-04-04 to 2026-06-13,Paul Palleschi Full Pool,"Martin, Emery",Booked,555-0171-16100,student.151.0@example.test,3,Splash  3,Paul Palleschi Full Pool,Sa,2026-04-04 4:45 PM,2026-04-04 5:15 PM,471712,30,8,1,7,88%
Splash  3,8,7,Sa,Splash  3 Demo,4:45 PM - 5:15 PM,471712,From 2026-04-04 to 2026-06-13,Paul Palleschi Full Pool,"Martin, Finley",Booked,555-0171-16101,student.151.1@example.test,4,Splash  3,Paul Palleschi Full Pool,Sa,2026-04-04 4:45 PM,2026-04-04 5:15 PM,471712,30,8,1,7,88%
Splash  3,8,7,Sa,Splash  3 Demo,4:45 PM - 5:15 PM,471712,From 2026-04-04 to 2026-06-13,Paul Palleschi Full Pool,"Singh, Harper",Booked,555-0171-16102,student.151.2@example.test,5,Splash  3,Paul Palleschi Full Pool,Sa,2026-04-04 4:45 PM,2026-04-04 5:15 PM,471712,30,8,1,7,88%
Splash  3,8,7,Sa,Splash  3 Demo,4:45 PM - 5:15 PM,471712,From 2026-04-04 to 2026-06-13,Paul Palleschi Full Pool,"Singh, Jordan",Booked,555-0171-16103,student.151.3@example.test,6,Splash  3,Paul Palleschi Full Pool,Sa,2026-04-04 4:45 PM,2026-04-04 5:15 PM,471712,30,8,1,7,88%
Splash  3,8,7,Sa,Splash  3 Demo,4:45 PM - 5:15 PM,471712,From 2026-04-04 to 2026-06-13,Paul Palleschi Full Pool,"Cooper, Kai",Booked,555-0171-16104,student.151.4@example.test,7,Splash  3,Paul Palleschi Full Pool,Sa,2026-04-04 4:45 PM,2026-04-04 5:15 PM,471712,30,8,1,7,88%
Splash  3,8,7,Sa,Splash  3 Demo,4:45 PM - 5:15 PM,471712,From 2026-04-04 to 2026-06-13,Paul Palleschi Full Pool,"Cooper, Logan",Booked,555-0171-16105,student.151.5@example.test,8,Splash  3,Paul Palleschi Full Pool,Sa,2026-04-04 4:45 PM,2026-04-04 5:15 PM,471712,30,8,1,7,88%
Splash  3,8,7,Sa,Splash  3 Demo,4:45 PM - 5:15 PM,471712,From 2026-04-04 to 2026-06-13,Paul Palleschi Full Pool,"Walker, Maya",Waiting,555-0171-16106,student.151.6@example.test,9,Splash  3,Paul Palleschi Full Pool,Sa,2026-04-04 4:45 PM,2026-04-04 5:15 PM,471712,30,8,1,7,88%
Splash  3,8,7,Sa,Splash  3 Demo,4:45 PM - 5:15 PM,471712,From 2026-04-04 to 2026-06-13,Paul Palleschi Full Pool,"Walker, Noah",Booked,555-0171-16107,student.151.7@example.test,10,Splash  3,Paul Palleschi Full Pool,Sa,2026-04-04 4:45 PM,2026-04-04 5:15 PM,471712,30,8,1,7,88%
Splash  4,6,6,Sa,Splash  4 Demo,4:45 PM - 5:15 PM,471740,From 2026-04-04 to 2026-06-13,Paul Palleschi Full Pool,"Cooper, Kai",Booked,555-0172-16200,student.152.0@example.test,3,Splash  4,Paul Palleschi Full Pool,Sa,2026-04-04 4:45 PM,2026-04-04 5:15 PM,471740,30,6,1,6,100%
Splash  4,6,6,Sa,Splash  4 Demo,4:45 PM - 5:15 PM,471740,From 2026-04-04 to 2026-06-13,Paul Palleschi Full Pool,"Cooper, Logan",Booked,555-0172-16201,student.152.1@example.test,4,Splash  4,Paul Palleschi Full Pool,Sa,2026-04-04 4:45 PM,2026-04-04 5:15 PM,471740,30,6,1,6,100%
Splash  4,6,6,Sa,Splash  4 Demo,4:45 PM - 5:15 PM,471740,From 2026-04-04 to 2026-06-13,Paul Palleschi Full Pool,"Walker, Maya",Booked,555-0172-16202,student.152.2@example.test,5,Splash  4,Paul Palleschi Full Pool,Sa,2026-04-04 4:45 PM,2026-04-04 5:15 PM,471740,30,6,1,6,100%
Splash  4,6,6,Sa,Splash  4 Demo,4:45 PM - 5:15 PM,471740,From 2026-04-04 to 2026-06-13,Paul Palleschi Full Pool,"Walker, Noah",Booked,555-0172-16203,student.152.3@example.test,6,Splash  4,Paul Palleschi Full Pool,Sa,2026-04-04 4:45 PM,2026-04-04 5:15 PM,471740,30,6,1,6,100%
Splash  4,6,6,Sa,Splash  4 Demo,4:45 PM - 5:15 PM,471740,From 2026-04-04 to 2026-06-13,Paul Palleschi Full Pool,"Young, Avery",Booked,555-0172-16204,student.152.4@example.test,7,Splash  4,Paul Palleschi Full Pool,Sa,2026-04-04 4:45 PM,2026-04-04 5:15 PM,471740,30,6,1,6,100%
Splash  4,6,6,Sa,Splash  4 Demo,4:45 PM - 5:15 PM,471740,From 2026-04-04 to 2026-06-13,Paul Palleschi Full Pool,"Young, Blake",Booked,555-0172-16205,student.152.5@example.test,8,Splash  4,Paul Palleschi Full Pool,Sa,2026-04-04 4:45 PM,2026-04-04 5:15 PM,471740,30,6,1,6,100%
Little Splash 4,6,5,Sa,Little Splash 4 Demo,5:15 PM - 5:45 PM,463927,From 2026-04-04 to 2026-06-13,Paul Palleschi Full Pool,"Young, Avery",Booked,555-0173-16300,student.153.0@example.test,3,Little Splash 4,Paul Palleschi Full Pool,Sa,2026-04-04 5:15 PM,2026-04-04 5:45 PM,463927,30,6,1,5,83%
Little Splash 4,6,5,Sa,Little Splash 4 Demo,5:15 PM - 5:45 PM,463927,From 2026-04-04 to 2026-06-13,Paul Palleschi Full Pool,"Young, Blake",Booked,555-0173-16301,student.153.1@example.test,4,Little Splash 4,Paul Palleschi Full Pool,Sa,2026-04-04 5:15 PM,2026-04-04 5:45 PM,463927,30,6,1,5,83%
Little Splash 4,6,5,Sa,Little Splash 4 Demo,5:15 PM - 5:45 PM,463927,From 2026-04-04 to 2026-06-13,Paul Palleschi Full Pool,"Hall, Casey",Booked,555-0173-16302,student.153.2@example.test,5,Little Splash 4,Paul Palleschi Full Pool,Sa,2026-04-04 5:15 PM,2026-04-04 5:45 PM,463927,30,6,1,5,83%
Little Splash 4,6,5,Sa,Little Splash 4 Demo,5:15 PM - 5:45 PM,463927,From 2026-04-04 to 2026-06-13,Paul Palleschi Full Pool,"Hall, Drew",Waiting,555-0173-16303,student.153.3@example.test,6,Little Splash 4,Paul Palleschi Full Pool,Sa,2026-04-04 5:15 PM,2026-04-04 5:45 PM,463927,30,6,1,5,83%
Little Splash 4,6,5,Sa,Little Splash 4 Demo,5:15 PM - 5:45 PM,463927,From 2026-04-04 to 2026-06-13,Paul Palleschi Full Pool,"Allen, Emery",Booked,555-0173-16304,student.153.4@example.test,7,Little Splash 4,Paul Palleschi Full Pool,Sa,2026-04-04 5:15 PM,2026-04-04 5:45 PM,463927,30,6,1,5,83%
Little Splash 4,6,5,Sa,Little Splash 4 Demo,5:15 PM - 5:45 PM,463927,From 2026-04-04 to 2026-06-13,Paul Palleschi Full Pool,"Allen, Finley",Booked,555-0173-16305,student.153.5@example.test,8,Little Splash 4,Paul Palleschi Full Pool,Sa,2026-04-04 5:15 PM,2026-04-04 5:45 PM,463927,30,6,1,5,83%
Splash  2A,6,6,Sa,Splash  2A Demo,5:15 PM - 5:45 PM,471208,From 2026-04-04 to 2026-06-13,Paul Palleschi Full Pool,"Allen, Emery",Booked,555-0174-16400,student.154.0@example.test,3,Splash  2A,Paul Palleschi Full Pool,Sa,2026-04-04 5:15 PM,2026-04-04 5:45 PM,471208,30,6,1,6,100%
Splash  2A,6,6,Sa,Splash  2A Demo,5:15 PM - 5:45 PM,471208,From 2026-04-04 to 2026-06-13,Paul Palleschi Full Pool,"Allen, Finley",Booked,555-0174-16401,student.154.1@example.test,4,Splash  2A,Paul Palleschi Full Pool,Sa,2026-04-04 5:15 PM,2026-04-04 5:45 PM,471208,30,6,1,6,100%
Splash  2A,6,6,Sa,Splash  2A Demo,5:15 PM - 5:45 PM,471208,From 2026-04-04 to 2026-06-13,Paul Palleschi Full Pool,"Wright, Harper",Booked,555-0174-16402,student.154.2@example.test,5,Splash  2A,Paul Palleschi Full Pool,Sa,2026-04-04 5:15 PM,2026-04-04 5:45 PM,471208,30,6,1,6,100%
Splash  2A,6,6,Sa,Splash  2A Demo,5:15 PM - 5:45 PM,471208,From 2026-04-04 to 2026-06-13,Paul Palleschi Full Pool,"Wright, Jordan",Booked,555-0174-16403,student.154.3@example.test,6,Splash  2A,Paul Palleschi Full Pool,Sa,2026-04-04 5:15 PM,2026-04-04 5:45 PM,471208,30,6,1,6,100%
Splash  2A,6,6,Sa,Splash  2A Demo,5:15 PM - 5:45 PM,471208,From 2026-04-04 to 2026-06-13,Paul Palleschi Full Pool,"King, Kai",Booked,555-0174-16404,student.154.4@example.test,7,Splash  2A,Paul Palleschi Full Pool,Sa,2026-04-04 5:15 PM,2026-04-04 5:45 PM,471208,30,6,1,6,100%
Splash  2A,6,6,Sa,Splash  2A Demo,5:15 PM - 5:45 PM,471208,From 2026-04-04 to 2026-06-13,Paul Palleschi Full Pool,"King, Logan",Booked,555-0174-16405,student.154.5@example.test,8,Splash  2A,Paul Palleschi Full Pool,Sa,2026-04-04 5:15 PM,2026-04-04 5:45 PM,471208,30,6,1,6,100%
Splash  2B,5,5,Sa,Splash  2B Demo,5:15 PM - 5:45 PM,471602,From 2026-04-04 to 2026-06-13,Paul Palleschi Full Pool,"King, Kai",Booked,555-0175-16500,student.155.0@example.test,3,Splash  2B,Paul Palleschi Full Pool,Sa,2026-04-04 5:15 PM,2026-04-04 5:45 PM,471602,30,5,1,5,100%
Splash  2B,5,5,Sa,Splash  2B Demo,5:15 PM - 5:45 PM,471602,From 2026-04-04 to 2026-06-13,Paul Palleschi Full Pool,"King, Logan",Booked,555-0175-16501,student.155.1@example.test,4,Splash  2B,Paul Palleschi Full Pool,Sa,2026-04-04 5:15 PM,2026-04-04 5:45 PM,471602,30,5,1,5,100%
Splash  2B,5,5,Sa,Splash  2B Demo,5:15 PM - 5:45 PM,471602,From 2026-04-04 to 2026-06-13,Paul Palleschi Full Pool,"Scott, Maya",Booked,555-0175-16502,student.155.2@example.test,5,Splash  2B,Paul Palleschi Full Pool,Sa,2026-04-04 5:15 PM,2026-04-04 5:45 PM,471602,30,5,1,5,100%
Splash  2B,5,5,Sa,Splash  2B Demo,5:15 PM - 5:45 PM,471602,From 2026-04-04 to 2026-06-13,Paul Palleschi Full Pool,"Scott, Noah",Booked,555-0175-16503,student.155.3@example.test,6,Splash  2B,Paul Palleschi Full Pool,Sa,2026-04-04 5:15 PM,2026-04-04 5:45 PM,471602,30,5,1,5,100%
Splash  2B,5,5,Sa,Splash  2B Demo,5:15 PM - 5:45 PM,471602,From 2026-04-04 to 2026-06-13,Paul Palleschi Full Pool,"Stone, Avery",Booked,555-0175-16504,student.155.4@example.test,7,Splash  2B,Paul Palleschi Full Pool,Sa,2026-04-04 5:15 PM,2026-04-04 5:45 PM,471602,30,5,1,5,100%
Swimming Private Lesson,2,1,Sa,Swimming Private Lesson Demo,5:15 PM - 5:45 PM,496692,From 2026-04-04 to 2026-06-13,Paul Palleschi Full Pool,"Stone, Avery",Waiting,555-0176-16600,student.156.0@example.test,3,Swimming Private Lesson,Paul Palleschi Full Pool,Sa,2026-04-04 5:15 PM,2026-04-04 5:45 PM,496692,30,2,1,1,50%
Swimming Private Lesson,2,1,Sa,Swimming Private Lesson Demo,5:15 PM - 5:45 PM,496692,From 2026-04-04 to 2026-06-13,Paul Palleschi Full Pool,"Stone, Blake",Booked,555-0176-16601,student.156.1@example.test,4,Swimming Private Lesson,Paul Palleschi Full Pool,Sa,2026-04-04 5:15 PM,2026-04-04 5:45 PM,496692,30,2,1,1,50%
Splash  5,10,10,Sa,Splash  5 Demo,5:15 PM - 6:00 PM,471661,From 2026-04-04 to 2026-06-13,Paul Palleschi Full Pool,"Martin, Emery",Booked,555-0177-16700,student.157.0@example.test,3,Splash  5,Paul Palleschi Full Pool,Sa,2026-04-04 5:15 PM,2026-04-04 6:00 PM,471661,45,10,1,10,100%
Splash  5,10,10,Sa,Splash  5 Demo,5:15 PM - 6:00 PM,471661,From 2026-04-04 to 2026-06-13,Paul Palleschi Full Pool,"Martin, Finley",Booked,555-0177-16701,student.157.1@example.test,4,Splash  5,Paul Palleschi Full Pool,Sa,2026-04-04 5:15 PM,2026-04-04 6:00 PM,471661,45,10,1,10,100%
Splash  5,10,10,Sa,Splash  5 Demo,5:15 PM - 6:00 PM,471661,From 2026-04-04 to 2026-06-13,Paul Palleschi Full Pool,"Singh, Harper",Booked,555-0177-16702,student.157.2@example.test,5,Splash  5,Paul Palleschi Full Pool,Sa,2026-04-04 5:15 PM,2026-04-04 6:00 PM,471661,45,10,1,10,100%
Splash  5,10,10,Sa,Splash  5 Demo,5:15 PM - 6:00 PM,471661,From 2026-04-04 to 2026-06-13,Paul Palleschi Full Pool,"Singh, Jordan",Booked,555-0177-16703,student.157.3@example.test,6,Splash  5,Paul Palleschi Full Pool,Sa,2026-04-04 5:15 PM,2026-04-04 6:00 PM,471661,45,10,1,10,100%
Splash  5,10,10,Sa,Splash  5 Demo,5:15 PM - 6:00 PM,471661,From 2026-04-04 to 2026-06-13,Paul Palleschi Full Pool,"Cooper, Kai",Booked,555-0177-16704,student.157.4@example.test,7,Splash  5,Paul Palleschi Full Pool,Sa,2026-04-04 5:15 PM,2026-04-04 6:00 PM,471661,45,10,1,10,100%
Splash  5,10,10,Sa,Splash  5 Demo,5:15 PM - 6:00 PM,471661,From 2026-04-04 to 2026-06-13,Paul Palleschi Full Pool,"Cooper, Logan",Booked,555-0177-16705,student.157.5@example.test,8,Splash  5,Paul Palleschi Full Pool,Sa,2026-04-04 5:15 PM,2026-04-04 6:00 PM,471661,45,10,1,10,100%
Splash  5,10,10,Sa,Splash  5 Demo,5:15 PM - 6:00 PM,471661,From 2026-04-04 to 2026-06-13,Paul Palleschi Full Pool,"Walker, Maya",Booked,555-0177-16706,student.157.6@example.test,9,Splash  5,Paul Palleschi Full Pool,Sa,2026-04-04 5:15 PM,2026-04-04 6:00 PM,471661,45,10,1,10,100%
Splash  5,10,10,Sa,Splash  5 Demo,5:15 PM - 6:00 PM,471661,From 2026-04-04 to 2026-06-13,Paul Palleschi Full Pool,"Walker, Noah",Booked,555-0177-16707,student.157.7@example.test,10,Splash  5,Paul Palleschi Full Pool,Sa,2026-04-04 5:15 PM,2026-04-04 6:00 PM,471661,45,10,1,10,100%
Splash  5,10,10,Sa,Splash  5 Demo,5:15 PM - 6:00 PM,471661,From 2026-04-04 to 2026-06-13,Paul Palleschi Full Pool,"Young, Avery",Booked,555-0177-16708,student.157.8@example.test,11,Splash  5,Paul Palleschi Full Pool,Sa,2026-04-04 5:15 PM,2026-04-04 6:00 PM,471661,45,10,1,10,100%
Splash  5,10,10,Sa,Splash  5 Demo,5:15 PM - 6:00 PM,471661,From 2026-04-04 to 2026-06-13,Paul Palleschi Full Pool,"Young, Blake",Booked,555-0177-16709,student.157.9@example.test,12,Splash  5,Paul Palleschi Full Pool,Sa,2026-04-04 5:15 PM,2026-04-04 6:00 PM,471661,45,10,1,10,100%
Little Splash 1,4,4,Sa,Little Splash 1 Demo,5:45 PM - 6:15 PM,457614,From 2026-04-04 to 2026-06-13,Paul Palleschi Full Pool,"Cooper, Kai",Booked,555-0178-16800,student.158.0@example.test,3,Little Splash 1,Paul Palleschi Full Pool,Sa,2026-04-04 5:45 PM,2026-04-04 6:15 PM,457614,30,4,1,4,100%
Little Splash 1,4,4,Sa,Little Splash 1 Demo,5:45 PM - 6:15 PM,457614,From 2026-04-04 to 2026-06-13,Paul Palleschi Full Pool,"Cooper, Logan",Booked,555-0178-16801,student.158.1@example.test,4,Little Splash 1,Paul Palleschi Full Pool,Sa,2026-04-04 5:45 PM,2026-04-04 6:15 PM,457614,30,4,1,4,100%
Little Splash 1,4,4,Sa,Little Splash 1 Demo,5:45 PM - 6:15 PM,457614,From 2026-04-04 to 2026-06-13,Paul Palleschi Full Pool,"Walker, Maya",Booked,555-0178-16802,student.158.2@example.test,5,Little Splash 1,Paul Palleschi Full Pool,Sa,2026-04-04 5:45 PM,2026-04-04 6:15 PM,457614,30,4,1,4,100%
Little Splash 1,4,4,Sa,Little Splash 1 Demo,5:45 PM - 6:15 PM,457614,From 2026-04-04 to 2026-06-13,Paul Palleschi Full Pool,"Walker, Noah",Booked,555-0178-16803,student.158.3@example.test,6,Little Splash 1,Paul Palleschi Full Pool,Sa,2026-04-04 5:45 PM,2026-04-04 6:15 PM,457614,30,4,1,4,100%
Little Splash 3,4,4,Sa,Little Splash 3 Demo,5:45 PM - 6:15 PM,463868,From 2026-04-04 to 2026-06-13,Paul Palleschi Full Pool,"Young, Avery",Booked,555-0179-16900,student.159.0@example.test,3,Little Splash 3,Paul Palleschi Full Pool,Sa,2026-04-04 5:45 PM,2026-04-04 6:15 PM,463868,30,4,1,4,100%
Little Splash 3,4,4,Sa,Little Splash 3 Demo,5:45 PM - 6:15 PM,463868,From 2026-04-04 to 2026-06-13,Paul Palleschi Full Pool,"Young, Blake",Booked,555-0179-16901,student.159.1@example.test,4,Little Splash 3,Paul Palleschi Full Pool,Sa,2026-04-04 5:45 PM,2026-04-04 6:15 PM,463868,30,4,1,4,100%
Little Splash 3,4,4,Sa,Little Splash 3 Demo,5:45 PM - 6:15 PM,463868,From 2026-04-04 to 2026-06-13,Paul Palleschi Full Pool,"Hall, Casey",Booked,555-0179-16902,student.159.2@example.test,5,Little Splash 3,Paul Palleschi Full Pool,Sa,2026-04-04 5:45 PM,2026-04-04 6:15 PM,463868,30,4,1,4,100%
Little Splash 3,4,4,Sa,Little Splash 3 Demo,5:45 PM - 6:15 PM,463868,From 2026-04-04 to 2026-06-13,Paul Palleschi Full Pool,"Hall, Drew",Booked,555-0179-16903,student.159.3@example.test,6,Little Splash 3,Paul Palleschi Full Pool,Sa,2026-04-04 5:45 PM,2026-04-04 6:15 PM,463868,30,4,1,4,100%
Splash  3,8,7,Sa,Splash  3 Demo,5:45 PM - 6:15 PM,471717,From 2026-04-04 to 2026-06-13,Paul Palleschi Full Pool,"Allen, Emery",Booked,555-0180-17000,student.160.0@example.test,3,Splash  3,Paul Palleschi Full Pool,Sa,2026-04-04 5:45 PM,2026-04-04 6:15 PM,471717,30,8,1,7,88%
Splash  3,8,7,Sa,Splash  3 Demo,5:45 PM - 6:15 PM,471717,From 2026-04-04 to 2026-06-13,Paul Palleschi Full Pool,"Allen, Finley",Booked,555-0180-17001,student.160.1@example.test,4,Splash  3,Paul Palleschi Full Pool,Sa,2026-04-04 5:45 PM,2026-04-04 6:15 PM,471717,30,8,1,7,88%
Splash  3,8,7,Sa,Splash  3 Demo,5:45 PM - 6:15 PM,471717,From 2026-04-04 to 2026-06-13,Paul Palleschi Full Pool,"Wright, Harper",Booked,555-0180-17002,student.160.2@example.test,5,Splash  3,Paul Palleschi Full Pool,Sa,2026-04-04 5:45 PM,2026-04-04 6:15 PM,471717,30,8,1,7,88%
Splash  3,8,7,Sa,Splash  3 Demo,5:45 PM - 6:15 PM,471717,From 2026-04-04 to 2026-06-13,Paul Palleschi Full Pool,"Wright, Jordan",Booked,555-0180-17003,student.160.3@example.test,6,Splash  3,Paul Palleschi Full Pool,Sa,2026-04-04 5:45 PM,2026-04-04 6:15 PM,471717,30,8,1,7,88%
Splash  3,8,7,Sa,Splash  3 Demo,5:45 PM - 6:15 PM,471717,From 2026-04-04 to 2026-06-13,Paul Palleschi Full Pool,"King, Kai",Booked,555-0180-17004,student.160.4@example.test,7,Splash  3,Paul Palleschi Full Pool,Sa,2026-04-04 5:45 PM,2026-04-04 6:15 PM,471717,30,8,1,7,88%
Splash  3,8,7,Sa,Splash  3 Demo,5:45 PM - 6:15 PM,471717,From 2026-04-04 to 2026-06-13,Paul Palleschi Full Pool,"King, Logan",Booked,555-0180-17005,student.160.5@example.test,8,Splash  3,Paul Palleschi Full Pool,Sa,2026-04-04 5:45 PM,2026-04-04 6:15 PM,471717,30,8,1,7,88%
Splash  3,8,7,Sa,Splash  3 Demo,5:45 PM - 6:15 PM,471717,From 2026-04-04 to 2026-06-13,Paul Palleschi Full Pool,"Scott, Maya",Booked,555-0180-17006,student.160.6@example.test,9,Splash  3,Paul Palleschi Full Pool,Sa,2026-04-04 5:45 PM,2026-04-04 6:15 PM,471717,30,8,1,7,88%
Splash  3,8,7,Sa,Splash  3 Demo,5:45 PM - 6:15 PM,471717,From 2026-04-04 to 2026-06-13,Paul Palleschi Full Pool,"Scott, Noah",Waiting,555-0180-17007,student.160.7@example.test,10,Splash  3,Paul Palleschi Full Pool,Sa,2026-04-04 5:45 PM,2026-04-04 6:15 PM,471717,30,8,1,7,88%
Swimming Private Lesson,1,1,Sa,Swimming Private Lesson Demo,5:45 PM - 6:15 PM,496693,From 2026-04-04 to 2026-06-13,Paul Palleschi Full Pool,"King, Kai",Booked,555-0181-17100,student.161.0@example.test,3,Swimming Private Lesson,Paul Palleschi Full Pool,Sa,2026-04-04 5:45 PM,2026-04-04 6:15 PM,496693,30,1,1,1,100%
Splash  6,10,10,Sa,Splash  6 Demo,6:00 PM - 6:45 PM,471611,From 2026-04-04 to 2026-06-13,Paul Palleschi Full Pool,"Stone, Avery",Booked,555-0182-17200,student.162.0@example.test,3,Splash  6,Paul Palleschi Full Pool,Sa,2026-04-04 6:00 PM,2026-04-04 6:45 PM,471611,45,10,1,10,100%
Splash  6,10,10,Sa,Splash  6 Demo,6:00 PM - 6:45 PM,471611,From 2026-04-04 to 2026-06-13,Paul Palleschi Full Pool,"Stone, Blake",Booked,555-0182-17201,student.162.1@example.test,4,Splash  6,Paul Palleschi Full Pool,Sa,2026-04-04 6:00 PM,2026-04-04 6:45 PM,471611,45,10,1,10,100%
Splash  6,10,10,Sa,Splash  6 Demo,6:00 PM - 6:45 PM,471611,From 2026-04-04 to 2026-06-13,Paul Palleschi Full Pool,"Lee, Casey",Booked,555-0182-17202,student.162.2@example.test,5,Splash  6,Paul Palleschi Full Pool,Sa,2026-04-04 6:00 PM,2026-04-04 6:45 PM,471611,45,10,1,10,100%
Splash  6,10,10,Sa,Splash  6 Demo,6:00 PM - 6:45 PM,471611,From 2026-04-04 to 2026-06-13,Paul Palleschi Full Pool,"Lee, Drew",Booked,555-0182-17203,student.162.3@example.test,6,Splash  6,Paul Palleschi Full Pool,Sa,2026-04-04 6:00 PM,2026-04-04 6:45 PM,471611,45,10,1,10,100%
Splash  6,10,10,Sa,Splash  6 Demo,6:00 PM - 6:45 PM,471611,From 2026-04-04 to 2026-06-13,Paul Palleschi Full Pool,"Martin, Emery",Booked,555-0182-17204,student.162.4@example.test,7,Splash  6,Paul Palleschi Full Pool,Sa,2026-04-04 6:00 PM,2026-04-04 6:45 PM,471611,45,10,1,10,100%
Splash  6,10,10,Sa,Splash  6 Demo,6:00 PM - 6:45 PM,471611,From 2026-04-04 to 2026-06-13,Paul Palleschi Full Pool,"Martin, Finley",Booked,555-0182-17205,student.162.5@example.test,8,Splash  6,Paul Palleschi Full Pool,Sa,2026-04-04 6:00 PM,2026-04-04 6:45 PM,471611,45,10,1,10,100%
Splash  6,10,10,Sa,Splash  6 Demo,6:00 PM - 6:45 PM,471611,From 2026-04-04 to 2026-06-13,Paul Palleschi Full Pool,"Singh, Harper",Booked,555-0182-17206,student.162.6@example.test,9,Splash  6,Paul Palleschi Full Pool,Sa,2026-04-04 6:00 PM,2026-04-04 6:45 PM,471611,45,10,1,10,100%
Splash  6,10,10,Sa,Splash  6 Demo,6:00 PM - 6:45 PM,471611,From 2026-04-04 to 2026-06-13,Paul Palleschi Full Pool,"Singh, Jordan",Booked,555-0182-17207,student.162.7@example.test,10,Splash  6,Paul Palleschi Full Pool,Sa,2026-04-04 6:00 PM,2026-04-04 6:45 PM,471611,45,10,1,10,100%
Splash  6,10,10,Sa,Splash  6 Demo,6:00 PM - 6:45 PM,471611,From 2026-04-04 to 2026-06-13,Paul Palleschi Full Pool,"Cooper, Kai",Booked,555-0182-17208,student.162.8@example.test,11,Splash  6,Paul Palleschi Full Pool,Sa,2026-04-04 6:00 PM,2026-04-04 6:45 PM,471611,45,10,1,10,100%
Splash  6,10,10,Sa,Splash  6 Demo,6:00 PM - 6:45 PM,471611,From 2026-04-04 to 2026-06-13,Paul Palleschi Full Pool,"Cooper, Logan",Booked,555-0182-17209,student.162.9@example.test,12,Splash  6,Paul Palleschi Full Pool,Sa,2026-04-04 6:00 PM,2026-04-04 6:45 PM,471611,45,10,1,10,100%
Splash  2B,5,5,Sa,Splash  2B Demo,6:15 PM - 6:45 PM,471617,From 2026-04-04 to 2026-06-13,Paul Palleschi Full Pool,"Martin, Emery",Booked,555-0183-17300,student.163.0@example.test,3,Splash  2B,Paul Palleschi Full Pool,Sa,2026-04-04 6:15 PM,2026-04-04 6:45 PM,471617,30,5,1,5,100%
Splash  2B,5,5,Sa,Splash  2B Demo,6:15 PM - 6:45 PM,471617,From 2026-04-04 to 2026-06-13,Paul Palleschi Full Pool,"Martin, Finley",Booked,555-0183-17301,student.163.1@example.test,4,Splash  2B,Paul Palleschi Full Pool,Sa,2026-04-04 6:15 PM,2026-04-04 6:45 PM,471617,30,5,1,5,100%
Splash  2B,5,5,Sa,Splash  2B Demo,6:15 PM - 6:45 PM,471617,From 2026-04-04 to 2026-06-13,Paul Palleschi Full Pool,"Singh, Harper",Booked,555-0183-17302,student.163.2@example.test,5,Splash  2B,Paul Palleschi Full Pool,Sa,2026-04-04 6:15 PM,2026-04-04 6:45 PM,471617,30,5,1,5,100%
Splash  2B,5,5,Sa,Splash  2B Demo,6:15 PM - 6:45 PM,471617,From 2026-04-04 to 2026-06-13,Paul Palleschi Full Pool,"Singh, Jordan",Booked,555-0183-17303,student.163.3@example.test,6,Splash  2B,Paul Palleschi Full Pool,Sa,2026-04-04 6:15 PM,2026-04-04 6:45 PM,471617,30,5,1,5,100%
Splash  2B,5,5,Sa,Splash  2B Demo,6:15 PM - 6:45 PM,471617,From 2026-04-04 to 2026-06-13,Paul Palleschi Full Pool,"Cooper, Kai",Booked,555-0183-17304,student.163.4@example.test,7,Splash  2B,Paul Palleschi Full Pool,Sa,2026-04-04 6:15 PM,2026-04-04 6:45 PM,471617,30,5,1,5,100%
Swimming Private Lesson,1,1,Sa,Swimming Private Lesson Demo,6:15 PM - 6:45 PM,471780,From 2026-04-04 to 2026-06-13,Paul Palleschi Full Pool,"Cooper, Kai",Booked,555-0184-17400,student.164.0@example.test,3,Swimming Private Lesson,Paul Palleschi Full Pool,Sa,2026-04-04 6:15 PM,2026-04-04 6:45 PM,471780,30,1,1,1,100%
Swimming Private Lesson,1,1,Sa,Swimming Private Lesson Demo,6:45 PM - 7:15 PM,471783,From 2026-04-04 to 2026-06-13,Paul Palleschi Full Pool,"Young, Avery",Booked,555-0185-17500,student.165.0@example.test,3,Swimming Private Lesson,Paul Palleschi Full Pool,Sa,2026-04-04 6:45 PM,2026-04-04 7:15 PM,471783,30,1,1,1,100%
Swimming Private Lesson,1,1,Sa,Swimming Private Lesson Demo,6:45 PM - 7:15 PM,496695,From 2026-04-04 to 2026-06-13,Paul Palleschi Full Pool,"Allen, Emery",Booked,555-0186-17600,student.166.0@example.test,3,Swimming Private Lesson,Paul Palleschi Full Pool,Sa,2026-04-04 6:45 PM,2026-04-04 7:15 PM,496695,30,1,1,1,100%
Splash  7 Rookie Patrol,12,12,Sa,Splash  7 Rookie Patrol Demo,6:45 PM - 7:45 PM,471513,From 2026-04-04 to 2026-06-13,Paul Palleschi Full Pool,"King, Kai",Booked,555-0187-17700,student.167.0@example.test,3,Splash  7 Rookie Patrol,Paul Palleschi Full Pool,Sa,2026-04-04 6:45 PM,2026-04-04 7:45 PM,471513,60,12,1,12,100%
Splash  7 Rookie Patrol,12,12,Sa,Splash  7 Rookie Patrol Demo,6:45 PM - 7:45 PM,471513,From 2026-04-04 to 2026-06-13,Paul Palleschi Full Pool,"King, Logan",Booked,555-0187-17701,student.167.1@example.test,4,Splash  7 Rookie Patrol,Paul Palleschi Full Pool,Sa,2026-04-04 6:45 PM,2026-04-04 7:45 PM,471513,60,12,1,12,100%
Splash  7 Rookie Patrol,12,12,Sa,Splash  7 Rookie Patrol Demo,6:45 PM - 7:45 PM,471513,From 2026-04-04 to 2026-06-13,Paul Palleschi Full Pool,"Scott, Maya",Booked,555-0187-17702,student.167.2@example.test,5,Splash  7 Rookie Patrol,Paul Palleschi Full Pool,Sa,2026-04-04 6:45 PM,2026-04-04 7:45 PM,471513,60,12,1,12,100%
Splash  7 Rookie Patrol,12,12,Sa,Splash  7 Rookie Patrol Demo,6:45 PM - 7:45 PM,471513,From 2026-04-04 to 2026-06-13,Paul Palleschi Full Pool,"Scott, Noah",Booked,555-0187-17703,student.167.3@example.test,6,Splash  7 Rookie Patrol,Paul Palleschi Full Pool,Sa,2026-04-04 6:45 PM,2026-04-04 7:45 PM,471513,60,12,1,12,100%
Splash  7 Rookie Patrol,12,12,Sa,Splash  7 Rookie Patrol Demo,6:45 PM - 7:45 PM,471513,From 2026-04-04 to 2026-06-13,Paul Palleschi Full Pool,"Stone, Avery",Booked,555-0187-17704,student.167.4@example.test,7,Splash  7 Rookie Patrol,Paul Palleschi Full Pool,Sa,2026-04-04 6:45 PM,2026-04-04 7:45 PM,471513,60,12,1,12,100%
Splash  7 Rookie Patrol,12,12,Sa,Splash  7 Rookie Patrol Demo,6:45 PM - 7:45 PM,471513,From 2026-04-04 to 2026-06-13,Paul Palleschi Full Pool,"Stone, Blake",Booked,555-0187-17705,student.167.5@example.test,8,Splash  7 Rookie Patrol,Paul Palleschi Full Pool,Sa,2026-04-04 6:45 PM,2026-04-04 7:45 PM,471513,60,12,1,12,100%
Splash  7 Rookie Patrol,12,12,Sa,Splash  7 Rookie Patrol Demo,6:45 PM - 7:45 PM,471513,From 2026-04-04 to 2026-06-13,Paul Palleschi Full Pool,"Lee, Casey",Booked,555-0187-17706,student.167.6@example.test,9,Splash  7 Rookie Patrol,Paul Palleschi Full Pool,Sa,2026-04-04 6:45 PM,2026-04-04 7:45 PM,471513,60,12,1,12,100%
Splash  7 Rookie Patrol,12,12,Sa,Splash  7 Rookie Patrol Demo,6:45 PM - 7:45 PM,471513,From 2026-04-04 to 2026-06-13,Paul Palleschi Full Pool,"Lee, Drew",Booked,555-0187-17707,student.167.7@example.test,10,Splash  7 Rookie Patrol,Paul Palleschi Full Pool,Sa,2026-04-04 6:45 PM,2026-04-04 7:45 PM,471513,60,12,1,12,100%
Splash  7 Rookie Patrol,12,12,Sa,Splash  7 Rookie Patrol Demo,6:45 PM - 7:45 PM,471513,From 2026-04-04 to 2026-06-13,Paul Palleschi Full Pool,"Martin, Emery",Booked,555-0187-17708,student.167.8@example.test,11,Splash  7 Rookie Patrol,Paul Palleschi Full Pool,Sa,2026-04-04 6:45 PM,2026-04-04 7:45 PM,471513,60,12,1,12,100%
Splash  7 Rookie Patrol,12,12,Sa,Splash  7 Rookie Patrol Demo,6:45 PM - 7:45 PM,471513,From 2026-04-04 to 2026-06-13,Paul Palleschi Full Pool,"Martin, Finley",Booked,555-0187-17709,student.167.9@example.test,12,Splash  7 Rookie Patrol,Paul Palleschi Full Pool,Sa,2026-04-04 6:45 PM,2026-04-04 7:45 PM,471513,60,12,1,12,100%
Splash  7 Rookie Patrol,12,12,Sa,Splash  7 Rookie Patrol Demo,6:45 PM - 7:45 PM,471513,From 2026-04-04 to 2026-06-13,Paul Palleschi Full Pool,"Singh, Harper",Booked,555-0187-17710,student.167.10@example.test,3,Splash  7 Rookie Patrol,Paul Palleschi Full Pool,Sa,2026-04-04 6:45 PM,2026-04-04 7:45 PM,471513,60,12,1,12,100%
Splash  7 Rookie Patrol,12,12,Sa,Splash  7 Rookie Patrol Demo,6:45 PM - 7:45 PM,471513,From 2026-04-04 to 2026-06-13,Paul Palleschi Full Pool,"Singh, Jordan",Booked,555-0187-17711,student.167.11@example.test,4,Splash  7 Rookie Patrol,Paul Palleschi Full Pool,Sa,2026-04-04 6:45 PM,2026-04-04 7:45 PM,471513,60,12,1,12,100%
Swimming Private Lesson,1,1,Sa,Swimming Private Lesson Demo,7:15 PM - 7:45 PM,496696,From 2026-04-04 to 2026-06-13,Paul Palleschi Full Pool,"Stone, Avery",Booked,555-0188-17800,student.168.0@example.test,3,Swimming Private Lesson,Paul Palleschi Full Pool,Sa,2026-04-04 7:15 PM,2026-04-04 7:45 PM,496696,30,1,1,1,100%
Little Splash 3,5,5,Su,Little Splash 3 Demo,9:30 AM - 10:00 AM,463878,From 2026-04-05 to 2026-06-14,Paul Palleschi Full Pool,"Martin, Emery",Booked,555-0189-17900,student.169.0@example.test,3,Little Splash 3,Paul Palleschi Full Pool,Su,2026-04-05 9:30 AM,2026-04-05 10:00 AM,463878,30,5,1,5,100%
Little Splash 3,5,5,Su,Little Splash 3 Demo,9:30 AM - 10:00 AM,463878,From 2026-04-05 to 2026-06-14,Paul Palleschi Full Pool,"Martin, Finley",Booked,555-0189-17901,student.169.1@example.test,4,Little Splash 3,Paul Palleschi Full Pool,Su,2026-04-05 9:30 AM,2026-04-05 10:00 AM,463878,30,5,1,5,100%
Little Splash 3,5,5,Su,Little Splash 3 Demo,9:30 AM - 10:00 AM,463878,From 2026-04-05 to 2026-06-14,Paul Palleschi Full Pool,"Singh, Harper",Booked,555-0189-17902,student.169.2@example.test,5,Little Splash 3,Paul Palleschi Full Pool,Su,2026-04-05 9:30 AM,2026-04-05 10:00 AM,463878,30,5,1,5,100%
Little Splash 3,5,5,Su,Little Splash 3 Demo,9:30 AM - 10:00 AM,463878,From 2026-04-05 to 2026-06-14,Paul Palleschi Full Pool,"Singh, Jordan",Booked,555-0189-17903,student.169.3@example.test,6,Little Splash 3,Paul Palleschi Full Pool,Su,2026-04-05 9:30 AM,2026-04-05 10:00 AM,463878,30,5,1,5,100%
Little Splash 3,5,5,Su,Little Splash 3 Demo,9:30 AM - 10:00 AM,463878,From 2026-04-05 to 2026-06-14,Paul Palleschi Full Pool,"Cooper, Kai",Booked,555-0189-17904,student.169.4@example.test,7,Little Splash 3,Paul Palleschi Full Pool,Su,2026-04-05 9:30 AM,2026-04-05 10:00 AM,463878,30,5,1,5,100%
Little Splash 5,6,5,Su,Little Splash 5 Demo,9:30 AM - 10:00 AM,463951,From 2026-04-05 to 2026-06-14,Paul Palleschi Full Pool,"Cooper, Kai",Booked,555-0190-18000,student.170.0@example.test,3,Little Splash 5,Paul Palleschi Full Pool,Su,2026-04-05 9:30 AM,2026-04-05 10:00 AM,463951,30,6,1,5,83%
Little Splash 5,6,5,Su,Little Splash 5 Demo,9:30 AM - 10:00 AM,463951,From 2026-04-05 to 2026-06-14,Paul Palleschi Full Pool,"Cooper, Logan",Booked,555-0190-18001,student.170.1@example.test,4,Little Splash 5,Paul Palleschi Full Pool,Su,2026-04-05 9:30 AM,2026-04-05 10:00 AM,463951,30,6,1,5,83%
Little Splash 5,6,5,Su,Little Splash 5 Demo,9:30 AM - 10:00 AM,463951,From 2026-04-05 to 2026-06-14,Paul Palleschi Full Pool,"Walker, Maya",Booked,555-0190-18002,student.170.2@example.test,5,Little Splash 5,Paul Palleschi Full Pool,Su,2026-04-05 9:30 AM,2026-04-05 10:00 AM,463951,30,6,1,5,83%
Little Splash 5,6,5,Su,Little Splash 5 Demo,9:30 AM - 10:00 AM,463951,From 2026-04-05 to 2026-06-14,Paul Palleschi Full Pool,"Walker, Noah",Waiting,555-0190-18003,student.170.3@example.test,6,Little Splash 5,Paul Palleschi Full Pool,Su,2026-04-05 9:30 AM,2026-04-05 10:00 AM,463951,30,6,1,5,83%
Little Splash 5,6,5,Su,Little Splash 5 Demo,9:30 AM - 10:00 AM,463951,From 2026-04-05 to 2026-06-14,Paul Palleschi Full Pool,"Young, Avery",Booked,555-0190-18004,student.170.4@example.test,7,Little Splash 5,Paul Palleschi Full Pool,Su,2026-04-05 9:30 AM,2026-04-05 10:00 AM,463951,30,6,1,5,83%
Little Splash 5,6,5,Su,Little Splash 5 Demo,9:30 AM - 10:00 AM,463951,From 2026-04-05 to 2026-06-14,Paul Palleschi Full Pool,"Young, Blake",Booked,555-0190-18005,student.170.5@example.test,8,Little Splash 5,Paul Palleschi Full Pool,Su,2026-04-05 9:30 AM,2026-04-05 10:00 AM,463951,30,6,1,5,83%
Splash  2A,7,6,Su,Splash  2A Demo,9:30 AM - 10:00 AM,471231,From 2026-04-05 to 2026-06-14,Paul Palleschi Full Pool,"Young, Avery",Booked,555-0191-18100,student.171.0@example.test,3,Splash  2A,Paul Palleschi Full Pool,Su,2026-04-05 9:30 AM,2026-04-05 10:00 AM,471231,30,7,1,6,86%
Splash  2A,7,6,Su,Splash  2A Demo,9:30 AM - 10:00 AM,471231,From 2026-04-05 to 2026-06-14,Paul Palleschi Full Pool,"Young, Blake",Booked,555-0191-18101,student.171.1@example.test,4,Splash  2A,Paul Palleschi Full Pool,Su,2026-04-05 9:30 AM,2026-04-05 10:00 AM,471231,30,7,1,6,86%
Splash  2A,7,6,Su,Splash  2A Demo,9:30 AM - 10:00 AM,471231,From 2026-04-05 to 2026-06-14,Paul Palleschi Full Pool,"Hall, Casey",Booked,555-0191-18102,student.171.2@example.test,5,Splash  2A,Paul Palleschi Full Pool,Su,2026-04-05 9:30 AM,2026-04-05 10:00 AM,471231,30,7,1,6,86%
Splash  2A,7,6,Su,Splash  2A Demo,9:30 AM - 10:00 AM,471231,From 2026-04-05 to 2026-06-14,Paul Palleschi Full Pool,"Hall, Drew",Booked,555-0191-18103,student.171.3@example.test,6,Splash  2A,Paul Palleschi Full Pool,Su,2026-04-05 9:30 AM,2026-04-05 10:00 AM,471231,30,7,1,6,86%
Splash  2A,7,6,Su,Splash  2A Demo,9:30 AM - 10:00 AM,471231,From 2026-04-05 to 2026-06-14,Paul Palleschi Full Pool,"Allen, Emery",Booked,555-0191-18104,student.171.4@example.test,7,Splash  2A,Paul Palleschi Full Pool,Su,2026-04-05 9:30 AM,2026-04-05 10:00 AM,471231,30,7,1,6,86%
Splash  2A,7,6,Su,Splash  2A Demo,9:30 AM - 10:00 AM,471231,From 2026-04-05 to 2026-06-14,Paul Palleschi Full Pool,"Allen, Finley",Booked,555-0191-18105,student.171.5@example.test,8,Splash  2A,Paul Palleschi Full Pool,Su,2026-04-05 9:30 AM,2026-04-05 10:00 AM,471231,30,7,1,6,86%
Splash  2A,7,6,Su,Splash  2A Demo,9:30 AM - 10:00 AM,471231,From 2026-04-05 to 2026-06-14,Paul Palleschi Full Pool,"Wright, Harper",Waiting,555-0191-18106,student.171.6@example.test,9,Splash  2A,Paul Palleschi Full Pool,Su,2026-04-05 9:30 AM,2026-04-05 10:00 AM,471231,30,7,1,6,86%
Splash  7 Rookie Patrol,12,12,Su,Splash  7 Rookie Patrol Demo,9:30 AM - 10:30 AM,471523,From 2026-04-05 to 2026-06-14,Paul Palleschi Full Pool,"Allen, Emery",Booked,555-0192-18200,student.172.0@example.test,3,Splash  7 Rookie Patrol,Paul Palleschi Full Pool,Su,2026-04-05 9:30 AM,2026-04-05 10:30 AM,471523,60,12,1,12,100%
Splash  7 Rookie Patrol,12,12,Su,Splash  7 Rookie Patrol Demo,9:30 AM - 10:30 AM,471523,From 2026-04-05 to 2026-06-14,Paul Palleschi Full Pool,"Allen, Finley",Booked,555-0192-18201,student.172.1@example.test,4,Splash  7 Rookie Patrol,Paul Palleschi Full Pool,Su,2026-04-05 9:30 AM,2026-04-05 10:30 AM,471523,60,12,1,12,100%
Splash  7 Rookie Patrol,12,12,Su,Splash  7 Rookie Patrol Demo,9:30 AM - 10:30 AM,471523,From 2026-04-05 to 2026-06-14,Paul Palleschi Full Pool,"Wright, Harper",Booked,555-0192-18202,student.172.2@example.test,5,Splash  7 Rookie Patrol,Paul Palleschi Full Pool,Su,2026-04-05 9:30 AM,2026-04-05 10:30 AM,471523,60,12,1,12,100%
Splash  7 Rookie Patrol,12,12,Su,Splash  7 Rookie Patrol Demo,9:30 AM - 10:30 AM,471523,From 2026-04-05 to 2026-06-14,Paul Palleschi Full Pool,"Wright, Jordan",Booked,555-0192-18203,student.172.3@example.test,6,Splash  7 Rookie Patrol,Paul Palleschi Full Pool,Su,2026-04-05 9:30 AM,2026-04-05 10:30 AM,471523,60,12,1,12,100%
Splash  7 Rookie Patrol,12,12,Su,Splash  7 Rookie Patrol Demo,9:30 AM - 10:30 AM,471523,From 2026-04-05 to 2026-06-14,Paul Palleschi Full Pool,"King, Kai",Booked,555-0192-18204,student.172.4@example.test,7,Splash  7 Rookie Patrol,Paul Palleschi Full Pool,Su,2026-04-05 9:30 AM,2026-04-05 10:30 AM,471523,60,12,1,12,100%
Splash  7 Rookie Patrol,12,12,Su,Splash  7 Rookie Patrol Demo,9:30 AM - 10:30 AM,471523,From 2026-04-05 to 2026-06-14,Paul Palleschi Full Pool,"King, Logan",Booked,555-0192-18205,student.172.5@example.test,8,Splash  7 Rookie Patrol,Paul Palleschi Full Pool,Su,2026-04-05 9:30 AM,2026-04-05 10:30 AM,471523,60,12,1,12,100%
Splash  7 Rookie Patrol,12,12,Su,Splash  7 Rookie Patrol Demo,9:30 AM - 10:30 AM,471523,From 2026-04-05 to 2026-06-14,Paul Palleschi Full Pool,"Scott, Maya",Booked,555-0192-18206,student.172.6@example.test,9,Splash  7 Rookie Patrol,Paul Palleschi Full Pool,Su,2026-04-05 9:30 AM,2026-04-05 10:30 AM,471523,60,12,1,12,100%
Splash  7 Rookie Patrol,12,12,Su,Splash  7 Rookie Patrol Demo,9:30 AM - 10:30 AM,471523,From 2026-04-05 to 2026-06-14,Paul Palleschi Full Pool,"Scott, Noah",Booked,555-0192-18207,student.172.7@example.test,10,Splash  7 Rookie Patrol,Paul Palleschi Full Pool,Su,2026-04-05 9:30 AM,2026-04-05 10:30 AM,471523,60,12,1,12,100%
Splash  7 Rookie Patrol,12,12,Su,Splash  7 Rookie Patrol Demo,9:30 AM - 10:30 AM,471523,From 2026-04-05 to 2026-06-14,Paul Palleschi Full Pool,"Stone, Avery",Booked,555-0192-18208,student.172.8@example.test,11,Splash  7 Rookie Patrol,Paul Palleschi Full Pool,Su,2026-04-05 9:30 AM,2026-04-05 10:30 AM,471523,60,12,1,12,100%
Splash  7 Rookie Patrol,12,12,Su,Splash  7 Rookie Patrol Demo,9:30 AM - 10:30 AM,471523,From 2026-04-05 to 2026-06-14,Paul Palleschi Full Pool,"Stone, Blake",Booked,555-0192-18209,student.172.9@example.test,12,Splash  7 Rookie Patrol,Paul Palleschi Full Pool,Su,2026-04-05 9:30 AM,2026-04-05 10:30 AM,471523,60,12,1,12,100%
Splash  7 Rookie Patrol,12,12,Su,Splash  7 Rookie Patrol Demo,9:30 AM - 10:30 AM,471523,From 2026-04-05 to 2026-06-14,Paul Palleschi Full Pool,"Lee, Casey",Booked,555-0192-18210,student.172.10@example.test,3,Splash  7 Rookie Patrol,Paul Palleschi Full Pool,Su,2026-04-05 9:30 AM,2026-04-05 10:30 AM,471523,60,12,1,12,100%
Splash  7 Rookie Patrol,12,12,Su,Splash  7 Rookie Patrol Demo,9:30 AM - 10:30 AM,471523,From 2026-04-05 to 2026-06-14,Paul Palleschi Full Pool,"Lee, Drew",Booked,555-0192-18211,student.172.11@example.test,4,Splash  7 Rookie Patrol,Paul Palleschi Full Pool,Su,2026-04-05 9:30 AM,2026-04-05 10:30 AM,471523,60,12,1,12,100%
Inclusion- Swimming,2,2,Su,Inclusion- Swimming Demo,9:45 AM - 10:15 AM,464257,From 2026-04-05 to 2026-06-14,Paul Palleschi Full Pool,"King, Kai",Booked,555-0193-18300,student.173.0@example.test,3,Inclusion- Swimming,Paul Palleschi Full Pool,Su,2026-04-05 9:45 AM,2026-04-05 10:15 AM,464257,30,2,1,2,100%
Inclusion- Swimming,2,2,Su,Inclusion- Swimming Demo,9:45 AM - 10:15 AM,464257,From 2026-04-05 to 2026-06-14,Paul Palleschi Full Pool,"King, Logan",Booked,555-0193-18301,student.173.1@example.test,4,Inclusion- Swimming,Paul Palleschi Full Pool,Su,2026-04-05 9:45 AM,2026-04-05 10:15 AM,464257,30,2,1,2,100%
Splash  1,6,6,Su,Splash  1 Demo,10:00 AM - 10:30 AM,457869,From 2026-04-05 to 2026-06-14,Paul Palleschi Full Pool,"Stone, Avery",Booked,555-0194-18400,student.174.0@example.test,3,Splash  1,Paul Palleschi Full Pool,Su,2026-04-05 10:00 AM,2026-04-05 10:30 AM,457869,30,6,1,6,100%
Splash  1,6,6,Su,Splash  1 Demo,10:00 AM - 10:30 AM,457869,From 2026-04-05 to 2026-06-14,Paul Palleschi Full Pool,"Stone, Blake",Booked,555-0194-18401,student.174.1@example.test,4,Splash  1,Paul Palleschi Full Pool,Su,2026-04-05 10:00 AM,2026-04-05 10:30 AM,457869,30,6,1,6,100%
Splash  1,6,6,Su,Splash  1 Demo,10:00 AM - 10:30 AM,457869,From 2026-04-05 to 2026-06-14,Paul Palleschi Full Pool,"Lee, Casey",Booked,555-0194-18402,student.174.2@example.test,5,Splash  1,Paul Palleschi Full Pool,Su,2026-04-05 10:00 AM,2026-04-05 10:30 AM,457869,30,6,1,6,100%
Splash  1,6,6,Su,Splash  1 Demo,10:00 AM - 10:30 AM,457869,From 2026-04-05 to 2026-06-14,Paul Palleschi Full Pool,"Lee, Drew",Booked,555-0194-18403,student.174.3@example.test,6,Splash  1,Paul Palleschi Full Pool,Su,2026-04-05 10:00 AM,2026-04-05 10:30 AM,457869,30,6,1,6,100%
Splash  1,6,6,Su,Splash  1 Demo,10:00 AM - 10:30 AM,457869,From 2026-04-05 to 2026-06-14,Paul Palleschi Full Pool,"Martin, Emery",Booked,555-0194-18404,student.174.4@example.test,7,Splash  1,Paul Palleschi Full Pool,Su,2026-04-05 10:00 AM,2026-04-05 10:30 AM,457869,30,6,1,6,100%
Splash  1,6,6,Su,Splash  1 Demo,10:00 AM - 10:30 AM,457869,From 2026-04-05 to 2026-06-14,Paul Palleschi Full Pool,"Martin, Finley",Booked,555-0194-18405,student.174.5@example.test,8,Splash  1,Paul Palleschi Full Pool,Su,2026-04-05 10:00 AM,2026-04-05 10:30 AM,457869,30,6,1,6,100%
Little Splash 4,7,5,Su,Little Splash 4 Demo,10:00 AM - 10:30 AM,463937,From 2026-04-05 to 2026-06-14,Paul Palleschi Full Pool,"Martin, Emery",Booked,555-0195-18500,student.175.0@example.test,3,Little Splash 4,Paul Palleschi Full Pool,Su,2026-04-05 10:00 AM,2026-04-05 10:30 AM,463937,30,7,1,5,71%
Little Splash 4,7,5,Su,Little Splash 4 Demo,10:00 AM - 10:30 AM,463937,From 2026-04-05 to 2026-06-14,Paul Palleschi Full Pool,"Martin, Finley",Waiting,555-0195-18501,student.175.1@example.test,4,Little Splash 4,Paul Palleschi Full Pool,Su,2026-04-05 10:00 AM,2026-04-05 10:30 AM,463937,30,7,1,5,71%
Little Splash 4,7,5,Su,Little Splash 4 Demo,10:00 AM - 10:30 AM,463937,From 2026-04-05 to 2026-06-14,Paul Palleschi Full Pool,"Singh, Harper",Waiting,555-0195-18502,student.175.2@example.test,5,Little Splash 4,Paul Palleschi Full Pool,Su,2026-04-05 10:00 AM,2026-04-05 10:30 AM,463937,30,7,1,5,71%
Little Splash 4,7,5,Su,Little Splash 4 Demo,10:00 AM - 10:30 AM,463937,From 2026-04-05 to 2026-06-14,Paul Palleschi Full Pool,"Singh, Jordan",Booked,555-0195-18503,student.175.3@example.test,6,Little Splash 4,Paul Palleschi Full Pool,Su,2026-04-05 10:00 AM,2026-04-05 10:30 AM,463937,30,7,1,5,71%
Little Splash 4,7,5,Su,Little Splash 4 Demo,10:00 AM - 10:30 AM,463937,From 2026-04-05 to 2026-06-14,Paul Palleschi Full Pool,"Cooper, Kai",Booked,555-0195-18504,student.175.4@example.test,7,Little Splash 4,Paul Palleschi Full Pool,Su,2026-04-05 10:00 AM,2026-04-05 10:30 AM,463937,30,7,1,5,71%
Little Splash 4,7,5,Su,Little Splash 4 Demo,10:00 AM - 10:30 AM,463937,From 2026-04-05 to 2026-06-14,Paul Palleschi Full Pool,"Cooper, Logan",Booked,555-0195-18505,student.175.5@example.test,8,Little Splash 4,Paul Palleschi Full Pool,Su,2026-04-05 10:00 AM,2026-04-05 10:30 AM,463937,30,7,1,5,71%
Little Splash 4,7,5,Su,Little Splash 4 Demo,10:00 AM - 10:30 AM,463937,From 2026-04-05 to 2026-06-14,Paul Palleschi Full Pool,"Walker, Maya",Booked,555-0195-18506,student.175.6@example.test,9,Little Splash 4,Paul Palleschi Full Pool,Su,2026-04-05 10:00 AM,2026-04-05 10:30 AM,463937,30,7,1,5,71%
Splash  2B,6,6,Su,Splash  2B Demo,10:00 AM - 10:30 AM,471623,From 2026-04-05 to 2026-06-14,Paul Palleschi Full Pool,"Cooper, Kai",Booked,555-0196-18600,student.176.0@example.test,3,Splash  2B,Paul Palleschi Full Pool,Su,2026-04-05 10:00 AM,2026-04-05 10:30 AM,471623,30,6,1,6,100%
Splash  2B,6,6,Su,Splash  2B Demo,10:00 AM - 10:30 AM,471623,From 2026-04-05 to 2026-06-14,Paul Palleschi Full Pool,"Cooper, Logan",Booked,555-0196-18601,student.176.1@example.test,4,Splash  2B,Paul Palleschi Full Pool,Su,2026-04-05 10:00 AM,2026-04-05 10:30 AM,471623,30,6,1,6,100%
Splash  2B,6,6,Su,Splash  2B Demo,10:00 AM - 10:30 AM,471623,From 2026-04-05 to 2026-06-14,Paul Palleschi Full Pool,"Walker, Maya",Booked,555-0196-18602,student.176.2@example.test,5,Splash  2B,Paul Palleschi Full Pool,Su,2026-04-05 10:00 AM,2026-04-05 10:30 AM,471623,30,6,1,6,100%
Splash  2B,6,6,Su,Splash  2B Demo,10:00 AM - 10:30 AM,471623,From 2026-04-05 to 2026-06-14,Paul Palleschi Full Pool,"Walker, Noah",Booked,555-0196-18603,student.176.3@example.test,6,Splash  2B,Paul Palleschi Full Pool,Su,2026-04-05 10:00 AM,2026-04-05 10:30 AM,471623,30,6,1,6,100%
Splash  2B,6,6,Su,Splash  2B Demo,10:00 AM - 10:30 AM,471623,From 2026-04-05 to 2026-06-14,Paul Palleschi Full Pool,"Young, Avery",Booked,555-0196-18604,student.176.4@example.test,7,Splash  2B,Paul Palleschi Full Pool,Su,2026-04-05 10:00 AM,2026-04-05 10:30 AM,471623,30,6,1,6,100%
Splash  2B,6,6,Su,Splash  2B Demo,10:00 AM - 10:30 AM,471623,From 2026-04-05 to 2026-06-14,Paul Palleschi Full Pool,"Young, Blake",Booked,555-0196-18605,student.176.5@example.test,8,Splash  2B,Paul Palleschi Full Pool,Su,2026-04-05 10:00 AM,2026-04-05 10:30 AM,471623,30,6,1,6,100%
Inclusion- Swimming,5,3,Su,Inclusion- Swimming Demo,10:15 AM - 10:45 AM,471760,From 2026-04-05 to 2026-06-14,Paul Palleschi Full Pool,"Young, Avery",Waiting,555-0197-18700,student.177.0@example.test,3,Inclusion- Swimming,Paul Palleschi Full Pool,Su,2026-04-05 10:15 AM,2026-04-05 10:45 AM,471760,30,5,1,3,60%
Inclusion- Swimming,5,3,Su,Inclusion- Swimming Demo,10:15 AM - 10:45 AM,471760,From 2026-04-05 to 2026-06-14,Paul Palleschi Full Pool,"Young, Blake",Booked,555-0197-18701,student.177.1@example.test,4,Inclusion- Swimming,Paul Palleschi Full Pool,Su,2026-04-05 10:15 AM,2026-04-05 10:45 AM,471760,30,5,1,3,60%
Inclusion- Swimming,5,3,Su,Inclusion- Swimming Demo,10:15 AM - 10:45 AM,471760,From 2026-04-05 to 2026-06-14,Paul Palleschi Full Pool,"Hall, Casey",Booked,555-0197-18702,student.177.2@example.test,5,Inclusion- Swimming,Paul Palleschi Full Pool,Su,2026-04-05 10:15 AM,2026-04-05 10:45 AM,471760,30,5,1,3,60%
Inclusion- Swimming,5,3,Su,Inclusion- Swimming Demo,10:15 AM - 10:45 AM,471760,From 2026-04-05 to 2026-06-14,Paul Palleschi Full Pool,"Hall, Drew",Waiting,555-0197-18703,student.177.3@example.test,6,Inclusion- Swimming,Paul Palleschi Full Pool,Su,2026-04-05 10:15 AM,2026-04-05 10:45 AM,471760,30,5,1,3,60%
Inclusion- Swimming,5,3,Su,Inclusion- Swimming Demo,10:15 AM - 10:45 AM,471760,From 2026-04-05 to 2026-06-14,Paul Palleschi Full Pool,"Allen, Emery",Booked,555-0197-18704,student.177.4@example.test,7,Inclusion- Swimming,Paul Palleschi Full Pool,Su,2026-04-05 10:15 AM,2026-04-05 10:45 AM,471760,30,5,1,3,60%
Little Splash 2,5,5,Su,Little Splash 2 Demo,10:30 AM - 11:00 AM,463784,From 2026-04-05 to 2026-06-14,Paul Palleschi Full Pool,"Allen, Emery",Booked,555-0198-18800,student.178.0@example.test,3,Little Splash 2,Paul Palleschi Full Pool,Su,2026-04-05 10:30 AM,2026-04-05 11:00 AM,463784,30,5,1,5,100%
Little Splash 2,5,5,Su,Little Splash 2 Demo,10:30 AM - 11:00 AM,463784,From 2026-04-05 to 2026-06-14,Paul Palleschi Full Pool,"Allen, Finley",Booked,555-0198-18801,student.178.1@example.test,4,Little Splash 2,Paul Palleschi Full Pool,Su,2026-04-05 10:30 AM,2026-04-05 11:00 AM,463784,30,5,1,5,100%
Little Splash 2,5,5,Su,Little Splash 2 Demo,10:30 AM - 11:00 AM,463784,From 2026-04-05 to 2026-06-14,Paul Palleschi Full Pool,"Wright, Harper",Booked,555-0198-18802,student.178.2@example.test,5,Little Splash 2,Paul Palleschi Full Pool,Su,2026-04-05 10:30 AM,2026-04-05 11:00 AM,463784,30,5,1,5,100%
Little Splash 2,5,5,Su,Little Splash 2 Demo,10:30 AM - 11:00 AM,463784,From 2026-04-05 to 2026-06-14,Paul Palleschi Full Pool,"Wright, Jordan",Booked,555-0198-18803,student.178.3@example.test,6,Little Splash 2,Paul Palleschi Full Pool,Su,2026-04-05 10:30 AM,2026-04-05 11:00 AM,463784,30,5,1,5,100%
Little Splash 2,5,5,Su,Little Splash 2 Demo,10:30 AM - 11:00 AM,463784,From 2026-04-05 to 2026-06-14,Paul Palleschi Full Pool,"King, Kai",Booked,555-0198-18804,student.178.4@example.test,7,Little Splash 2,Paul Palleschi Full Pool,Su,2026-04-05 10:30 AM,2026-04-05 11:00 AM,463784,30,5,1,5,100%
Splash  2A,6,6,Su,Splash  2A Demo,10:30 AM - 11:00 AM,471235,From 2026-04-05 to 2026-06-14,Paul Palleschi Full Pool,"King, Kai",Booked,555-0199-18900,student.179.0@example.test,3,Splash  2A,Paul Palleschi Full Pool,Su,2026-04-05 10:30 AM,2026-04-05 11:00 AM,471235,30,6,1,6,100%
Splash  2A,6,6,Su,Splash  2A Demo,10:30 AM - 11:00 AM,471235,From 2026-04-05 to 2026-06-14,Paul Palleschi Full Pool,"King, Logan",Booked,555-0199-18901,student.179.1@example.test,4,Splash  2A,Paul Palleschi Full Pool,Su,2026-04-05 10:30 AM,2026-04-05 11:00 AM,471235,30,6,1,6,100%
Splash  2A,6,6,Su,Splash  2A Demo,10:30 AM - 11:00 AM,471235,From 2026-04-05 to 2026-06-14,Paul Palleschi Full Pool,"Scott, Maya",Booked,555-0199-18902,student.179.2@example.test,5,Splash  2A,Paul Palleschi Full Pool,Su,2026-04-05 10:30 AM,2026-04-05 11:00 AM,471235,30,6,1,6,100%
Splash  2A,6,6,Su,Splash  2A Demo,10:30 AM - 11:00 AM,471235,From 2026-04-05 to 2026-06-14,Paul Palleschi Full Pool,"Scott, Noah",Booked,555-0199-18903,student.179.3@example.test,6,Splash  2A,Paul Palleschi Full Pool,Su,2026-04-05 10:30 AM,2026-04-05 11:00 AM,471235,30,6,1,6,100%
Splash  2A,6,6,Su,Splash  2A Demo,10:30 AM - 11:00 AM,471235,From 2026-04-05 to 2026-06-14,Paul Palleschi Full Pool,"Stone, Avery",Booked,555-0199-18904,student.179.4@example.test,7,Splash  2A,Paul Palleschi Full Pool,Su,2026-04-05 10:30 AM,2026-04-05 11:00 AM,471235,30,6,1,6,100%
Splash  2A,6,6,Su,Splash  2A Demo,10:30 AM - 11:00 AM,471235,From 2026-04-05 to 2026-06-14,Paul Palleschi Full Pool,"Stone, Blake",Booked,555-0199-18905,student.179.5@example.test,8,Splash  2A,Paul Palleschi Full Pool,Su,2026-04-05 10:30 AM,2026-04-05 11:00 AM,471235,30,6,1,6,100%
Splash  2B,7,6,Su,Splash  2B Demo,10:30 AM - 11:00 AM,471626,From 2026-04-05 to 2026-06-14,Paul Palleschi Full Pool,"Stone, Avery",Booked,555-0110-19000,student.180.0@example.test,3,Splash  2B,Paul Palleschi Full Pool,Su,2026-04-05 10:30 AM,2026-04-05 11:00 AM,471626,30,7,1,6,86%
Splash  2B,7,6,Su,Splash  2B Demo,10:30 AM - 11:00 AM,471626,From 2026-04-05 to 2026-06-14,Paul Palleschi Full Pool,"Stone, Blake",Booked,555-0110-19001,student.180.1@example.test,4,Splash  2B,Paul Palleschi Full Pool,Su,2026-04-05 10:30 AM,2026-04-05 11:00 AM,471626,30,7,1,6,86%
Splash  2B,7,6,Su,Splash  2B Demo,10:30 AM - 11:00 AM,471626,From 2026-04-05 to 2026-06-14,Paul Palleschi Full Pool,"Lee, Casey",Booked,555-0110-19002,student.180.2@example.test,5,Splash  2B,Paul Palleschi Full Pool,Su,2026-04-05 10:30 AM,2026-04-05 11:00 AM,471626,30,7,1,6,86%
Splash  2B,7,6,Su,Splash  2B Demo,10:30 AM - 11:00 AM,471626,From 2026-04-05 to 2026-06-14,Paul Palleschi Full Pool,"Lee, Drew",Booked,555-0110-19003,student.180.3@example.test,6,Splash  2B,Paul Palleschi Full Pool,Su,2026-04-05 10:30 AM,2026-04-05 11:00 AM,471626,30,7,1,6,86%
Splash  2B,7,6,Su,Splash  2B Demo,10:30 AM - 11:00 AM,471626,From 2026-04-05 to 2026-06-14,Paul Palleschi Full Pool,"Martin, Emery",Booked,555-0110-19004,student.180.4@example.test,7,Splash  2B,Paul Palleschi Full Pool,Su,2026-04-05 10:30 AM,2026-04-05 11:00 AM,471626,30,7,1,6,86%
Splash  2B,7,6,Su,Splash  2B Demo,10:30 AM - 11:00 AM,471626,From 2026-04-05 to 2026-06-14,Paul Palleschi Full Pool,"Martin, Finley",Waiting,555-0110-19005,student.180.5@example.test,8,Splash  2B,Paul Palleschi Full Pool,Su,2026-04-05 10:30 AM,2026-04-05 11:00 AM,471626,30,7,1,6,86%
Splash  2B,7,6,Su,Splash  2B Demo,10:30 AM - 11:00 AM,471626,From 2026-04-05 to 2026-06-14,Paul Palleschi Full Pool,"Singh, Harper",Booked,555-0110-19006,student.180.6@example.test,9,Splash  2B,Paul Palleschi Full Pool,Su,2026-04-05 10:30 AM,2026-04-05 11:00 AM,471626,30,7,1,6,86%
Splash  8 Ranger Patrol,11,11,Su,Splash  8 Ranger Patrol Demo,10:30 AM - 11:30 AM,471486,From 2026-04-05 to 2026-06-14,Paul Palleschi Full Pool,"Martin, Emery",Booked,555-0111-19100,student.181.0@example.test,3,Splash  8 Ranger Patrol,Paul Palleschi Full Pool,Su,2026-04-05 10:30 AM,2026-04-05 11:30 AM,471486,60,11,1,11,100%
Splash  8 Ranger Patrol,11,11,Su,Splash  8 Ranger Patrol Demo,10:30 AM - 11:30 AM,471486,From 2026-04-05 to 2026-06-14,Paul Palleschi Full Pool,"Martin, Finley",Booked,555-0111-19101,student.181.1@example.test,4,Splash  8 Ranger Patrol,Paul Palleschi Full Pool,Su,2026-04-05 10:30 AM,2026-04-05 11:30 AM,471486,60,11,1,11,100%
Splash  8 Ranger Patrol,11,11,Su,Splash  8 Ranger Patrol Demo,10:30 AM - 11:30 AM,471486,From 2026-04-05 to 2026-06-14,Paul Palleschi Full Pool,"Singh, Harper",Booked,555-0111-19102,student.181.2@example.test,5,Splash  8 Ranger Patrol,Paul Palleschi Full Pool,Su,2026-04-05 10:30 AM,2026-04-05 11:30 AM,471486,60,11,1,11,100%
Splash  8 Ranger Patrol,11,11,Su,Splash  8 Ranger Patrol Demo,10:30 AM - 11:30 AM,471486,From 2026-04-05 to 2026-06-14,Paul Palleschi Full Pool,"Singh, Jordan",Booked,555-0111-19103,student.181.3@example.test,6,Splash  8 Ranger Patrol,Paul Palleschi Full Pool,Su,2026-04-05 10:30 AM,2026-04-05 11:30 AM,471486,60,11,1,11,100%
Splash  8 Ranger Patrol,11,11,Su,Splash  8 Ranger Patrol Demo,10:30 AM - 11:30 AM,471486,From 2026-04-05 to 2026-06-14,Paul Palleschi Full Pool,"Cooper, Kai",Booked,555-0111-19104,student.181.4@example.test,7,Splash  8 Ranger Patrol,Paul Palleschi Full Pool,Su,2026-04-05 10:30 AM,2026-04-05 11:30 AM,471486,60,11,1,11,100%
Splash  8 Ranger Patrol,11,11,Su,Splash  8 Ranger Patrol Demo,10:30 AM - 11:30 AM,471486,From 2026-04-05 to 2026-06-14,Paul Palleschi Full Pool,"Cooper, Logan",Booked,555-0111-19105,student.181.5@example.test,8,Splash  8 Ranger Patrol,Paul Palleschi Full Pool,Su,2026-04-05 10:30 AM,2026-04-05 11:30 AM,471486,60,11,1,11,100%
Splash  8 Ranger Patrol,11,11,Su,Splash  8 Ranger Patrol Demo,10:30 AM - 11:30 AM,471486,From 2026-04-05 to 2026-06-14,Paul Palleschi Full Pool,"Walker, Maya",Booked,555-0111-19106,student.181.6@example.test,9,Splash  8 Ranger Patrol,Paul Palleschi Full Pool,Su,2026-04-05 10:30 AM,2026-04-05 11:30 AM,471486,60,11,1,11,100%
Splash  8 Ranger Patrol,11,11,Su,Splash  8 Ranger Patrol Demo,10:30 AM - 11:30 AM,471486,From 2026-04-05 to 2026-06-14,Paul Palleschi Full Pool,"Walker, Noah",Booked,555-0111-19107,student.181.7@example.test,10,Splash  8 Ranger Patrol,Paul Palleschi Full Pool,Su,2026-04-05 10:30 AM,2026-04-05 11:30 AM,471486,60,11,1,11,100%
Splash  8 Ranger Patrol,11,11,Su,Splash  8 Ranger Patrol Demo,10:30 AM - 11:30 AM,471486,From 2026-04-05 to 2026-06-14,Paul Palleschi Full Pool,"Young, Avery",Booked,555-0111-19108,student.181.8@example.test,11,Splash  8 Ranger Patrol,Paul Palleschi Full Pool,Su,2026-04-05 10:30 AM,2026-04-05 11:30 AM,471486,60,11,1,11,100%
Splash  8 Ranger Patrol,11,11,Su,Splash  8 Ranger Patrol Demo,10:30 AM - 11:30 AM,471486,From 2026-04-05 to 2026-06-14,Paul Palleschi Full Pool,"Young, Blake",Booked,555-0111-19109,student.181.9@example.test,12,Splash  8 Ranger Patrol,Paul Palleschi Full Pool,Su,2026-04-05 10:30 AM,2026-04-05 11:30 AM,471486,60,11,1,11,100%
Splash  8 Ranger Patrol,11,11,Su,Splash  8 Ranger Patrol Demo,10:30 AM - 11:30 AM,471486,From 2026-04-05 to 2026-06-14,Paul Palleschi Full Pool,"Hall, Casey",Booked,555-0111-19110,student.181.10@example.test,3,Splash  8 Ranger Patrol,Paul Palleschi Full Pool,Su,2026-04-05 10:30 AM,2026-04-05 11:30 AM,471486,60,11,1,11,100%
Inclusion- Swimming,4,3,Su,Inclusion- Swimming Demo,10:45 AM - 11:15 AM,471762,From 2026-04-05 to 2026-06-14,Paul Palleschi Full Pool,"Cooper, Kai",Booked,555-0112-19200,student.182.0@example.test,3,Inclusion- Swimming,Paul Palleschi Full Pool,Su,2026-04-05 10:45 AM,2026-04-05 11:15 AM,471762,30,4,1,3,75%
Inclusion- Swimming,4,3,Su,Inclusion- Swimming Demo,10:45 AM - 11:15 AM,471762,From 2026-04-05 to 2026-06-14,Paul Palleschi Full Pool,"Cooper, Logan",Booked,555-0112-19201,student.182.1@example.test,4,Inclusion- Swimming,Paul Palleschi Full Pool,Su,2026-04-05 10:45 AM,2026-04-05 11:15 AM,471762,30,4,1,3,75%
Inclusion- Swimming,4,3,Su,Inclusion- Swimming Demo,10:45 AM - 11:15 AM,471762,From 2026-04-05 to 2026-06-14,Paul Palleschi Full Pool,"Walker, Maya",Waiting,555-0112-19202,student.182.2@example.test,5,Inclusion- Swimming,Paul Palleschi Full Pool,Su,2026-04-05 10:45 AM,2026-04-05 11:15 AM,471762,30,4,1,3,75%
Inclusion- Swimming,4,3,Su,Inclusion- Swimming Demo,10:45 AM - 11:15 AM,471762,From 2026-04-05 to 2026-06-14,Paul Palleschi Full Pool,"Walker, Noah",Booked,555-0112-19203,student.182.3@example.test,6,Inclusion- Swimming,Paul Palleschi Full Pool,Su,2026-04-05 10:45 AM,2026-04-05 11:15 AM,471762,30,4,1,3,75%
Little Splash 3,6,5,Su,Little Splash 3 Demo,11:00 AM - 11:30 AM,463886,From 2026-04-05 to 2026-06-14,Paul Palleschi Full Pool,"Young, Avery",Booked,555-0113-19300,student.183.0@example.test,3,Little Splash 3,Paul Palleschi Full Pool,Su,2026-04-05 11:00 AM,2026-04-05 11:30 AM,463886,30,6,1,5,83%
Little Splash 3,6,5,Su,Little Splash 3 Demo,11:00 AM - 11:30 AM,463886,From 2026-04-05 to 2026-06-14,Paul Palleschi Full Pool,"Young, Blake",Booked,555-0113-19301,student.183.1@example.test,4,Little Splash 3,Paul Palleschi Full Pool,Su,2026-04-05 11:00 AM,2026-04-05 11:30 AM,463886,30,6,1,5,83%
Little Splash 3,6,5,Su,Little Splash 3 Demo,11:00 AM - 11:30 AM,463886,From 2026-04-05 to 2026-06-14,Paul Palleschi Full Pool,"Hall, Casey",Waiting,555-0113-19302,student.183.2@example.test,5,Little Splash 3,Paul Palleschi Full Pool,Su,2026-04-05 11:00 AM,2026-04-05 11:30 AM,463886,30,6,1,5,83%
Little Splash 3,6,5,Su,Little Splash 3 Demo,11:00 AM - 11:30 AM,463886,From 2026-04-05 to 2026-06-14,Paul Palleschi Full Pool,"Hall, Drew",Booked,555-0113-19303,student.183.3@example.test,6,Little Splash 3,Paul Palleschi Full Pool,Su,2026-04-05 11:00 AM,2026-04-05 11:30 AM,463886,30,6,1,5,83%
Little Splash 3,6,5,Su,Little Splash 3 Demo,11:00 AM - 11:30 AM,463886,From 2026-04-05 to 2026-06-14,Paul Palleschi Full Pool,"Allen, Emery",Booked,555-0113-19304,student.183.4@example.test,7,Little Splash 3,Paul Palleschi Full Pool,Su,2026-04-05 11:00 AM,2026-04-05 11:30 AM,463886,30,6,1,5,83%
Little Splash 3,6,5,Su,Little Splash 3 Demo,11:00 AM - 11:30 AM,463886,From 2026-04-05 to 2026-06-14,Paul Palleschi Full Pool,"Allen, Finley",Booked,555-0113-19305,student.183.5@example.test,8,Little Splash 3,Paul Palleschi Full Pool,Su,2026-04-05 11:00 AM,2026-04-05 11:30 AM,463886,30,6,1,5,83%
Splash  2A,6,6,Su,Splash  2A Demo,11:00 AM - 11:30 AM,471239,From 2026-04-05 to 2026-06-14,Paul Palleschi Full Pool,"Allen, Emery",Booked,555-0114-19400,student.184.0@example.test,3,Splash  2A,Paul Palleschi Full Pool,Su,2026-04-05 11:00 AM,2026-04-05 11:30 AM,471239,30,6,1,6,100%
Splash  2A,6,6,Su,Splash  2A Demo,11:00 AM - 11:30 AM,471239,From 2026-04-05 to 2026-06-14,Paul Palleschi Full Pool,"Allen, Finley",Booked,555-0114-19401,student.184.1@example.test,4,Splash  2A,Paul Palleschi Full Pool,Su,2026-04-05 11:00 AM,2026-04-05 11:30 AM,471239,30,6,1,6,100%
Splash  2A,6,6,Su,Splash  2A Demo,11:00 AM - 11:30 AM,471239,From 2026-04-05 to 2026-06-14,Paul Palleschi Full Pool,"Wright, Harper",Booked,555-0114-19402,student.184.2@example.test,5,Splash  2A,Paul Palleschi Full Pool,Su,2026-04-05 11:00 AM,2026-04-05 11:30 AM,471239,30,6,1,6,100%
Splash  2A,6,6,Su,Splash  2A Demo,11:00 AM - 11:30 AM,471239,From 2026-04-05 to 2026-06-14,Paul Palleschi Full Pool,"Wright, Jordan",Booked,555-0114-19403,student.184.3@example.test,6,Splash  2A,Paul Palleschi Full Pool,Su,2026-04-05 11:00 AM,2026-04-05 11:30 AM,471239,30,6,1,6,100%
Splash  2A,6,6,Su,Splash  2A Demo,11:00 AM - 11:30 AM,471239,From 2026-04-05 to 2026-06-14,Paul Palleschi Full Pool,"King, Kai",Booked,555-0114-19404,student.184.4@example.test,7,Splash  2A,Paul Palleschi Full Pool,Su,2026-04-05 11:00 AM,2026-04-05 11:30 AM,471239,30,6,1,6,100%
Splash  2A,6,6,Su,Splash  2A Demo,11:00 AM - 11:30 AM,471239,From 2026-04-05 to 2026-06-14,Paul Palleschi Full Pool,"King, Logan",Booked,555-0114-19405,student.184.5@example.test,8,Splash  2A,Paul Palleschi Full Pool,Su,2026-04-05 11:00 AM,2026-04-05 11:30 AM,471239,30,6,1,6,100%
Little Splash 1,6,4,Su,Little Splash 1 Demo,11:00 AM - 11:30 AM,507431,From 2026-04-05 to 2026-06-14,Paul Palleschi Full Pool,"King, Kai",Booked,555-0115-19500,student.185.0@example.test,3,Little Splash 1,Paul Palleschi Full Pool,Su,2026-04-05 11:00 AM,2026-04-05 11:30 AM,507431,30,6,1,4,67%
Little Splash 1,6,4,Su,Little Splash 1 Demo,11:00 AM - 11:30 AM,507431,From 2026-04-05 to 2026-06-14,Paul Palleschi Full Pool,"King, Logan",Booked,555-0115-19501,student.185.1@example.test,4,Little Splash 1,Paul Palleschi Full Pool,Su,2026-04-05 11:00 AM,2026-04-05 11:30 AM,507431,30,6,1,4,67%
Little Splash 1,6,4,Su,Little Splash 1 Demo,11:00 AM - 11:30 AM,507431,From 2026-04-05 to 2026-06-14,Paul Palleschi Full Pool,"Scott, Maya",Waiting,555-0115-19502,student.185.2@example.test,5,Little Splash 1,Paul Palleschi Full Pool,Su,2026-04-05 11:00 AM,2026-04-05 11:30 AM,507431,30,6,1,4,67%
Little Splash 1,6,4,Su,Little Splash 1 Demo,11:00 AM - 11:30 AM,507431,From 2026-04-05 to 2026-06-14,Paul Palleschi Full Pool,"Scott, Noah",Booked,555-0115-19503,student.185.3@example.test,6,Little Splash 1,Paul Palleschi Full Pool,Su,2026-04-05 11:00 AM,2026-04-05 11:30 AM,507431,30,6,1,4,67%
Little Splash 1,6,4,Su,Little Splash 1 Demo,11:00 AM - 11:30 AM,507431,From 2026-04-05 to 2026-06-14,Paul Palleschi Full Pool,"Stone, Avery",Waiting,555-0115-19504,student.185.4@example.test,7,Little Splash 1,Paul Palleschi Full Pool,Su,2026-04-05 11:00 AM,2026-04-05 11:30 AM,507431,30,6,1,4,67%
Little Splash 1,6,4,Su,Little Splash 1 Demo,11:00 AM - 11:30 AM,507431,From 2026-04-05 to 2026-06-14,Paul Palleschi Full Pool,"Stone, Blake",Booked,555-0115-19505,student.185.5@example.test,8,Little Splash 1,Paul Palleschi Full Pool,Su,2026-04-05 11:00 AM,2026-04-05 11:30 AM,507431,30,6,1,4,67%
Inclusion- Swimming,2,2,Su,Inclusion- Swimming Demo,11:15 AM - 11:45 AM,471775,From 2026-04-05 to 2026-06-14,Paul Palleschi Full Pool,"Stone, Avery",Booked,555-0116-19600,student.186.0@example.test,3,Inclusion- Swimming,Paul Palleschi Full Pool,Su,2026-04-05 11:15 AM,2026-04-05 11:45 AM,471775,30,2,1,2,100%
Inclusion- Swimming,2,2,Su,Inclusion- Swimming Demo,11:15 AM - 11:45 AM,471775,From 2026-04-05 to 2026-06-14,Paul Palleschi Full Pool,"Stone, Blake",Booked,555-0116-19601,student.186.1@example.test,4,Inclusion- Swimming,Paul Palleschi Full Pool,Su,2026-04-05 11:15 AM,2026-04-05 11:45 AM,471775,30,2,1,2,100%
Splash  1,7,6,Su,Splash  1 Demo,11:30 AM - 12:00 PM,457895,From 2026-04-05 to 2026-06-14,Paul Palleschi Full Pool,"Martin, Emery",Booked,555-0117-19700,student.187.0@example.test,3,Splash  1,Paul Palleschi Full Pool,Su,2026-04-05 11:30 AM,2026-04-05 12:00 PM,457895,30,7,1,6,86%
Splash  1,7,6,Su,Splash  1 Demo,11:30 AM - 12:00 PM,457895,From 2026-04-05 to 2026-06-14,Paul Palleschi Full Pool,"Martin, Finley",Booked,555-0117-19701,student.187.1@example.test,4,Splash  1,Paul Palleschi Full Pool,Su,2026-04-05 11:30 AM,2026-04-05 12:00 PM,457895,30,7,1,6,86%
Splash  1,7,6,Su,Splash  1 Demo,11:30 AM - 12:00 PM,457895,From 2026-04-05 to 2026-06-14,Paul Palleschi Full Pool,"Singh, Harper",Booked,555-0117-19702,student.187.2@example.test,5,Splash  1,Paul Palleschi Full Pool,Su,2026-04-05 11:30 AM,2026-04-05 12:00 PM,457895,30,7,1,6,86%
Splash  1,7,6,Su,Splash  1 Demo,11:30 AM - 12:00 PM,457895,From 2026-04-05 to 2026-06-14,Paul Palleschi Full Pool,"Singh, Jordan",Booked,555-0117-19703,student.187.3@example.test,6,Splash  1,Paul Palleschi Full Pool,Su,2026-04-05 11:30 AM,2026-04-05 12:00 PM,457895,30,7,1,6,86%
Splash  1,7,6,Su,Splash  1 Demo,11:30 AM - 12:00 PM,457895,From 2026-04-05 to 2026-06-14,Paul Palleschi Full Pool,"Cooper, Kai",Booked,555-0117-19704,student.187.4@example.test,7,Splash  1,Paul Palleschi Full Pool,Su,2026-04-05 11:30 AM,2026-04-05 12:00 PM,457895,30,7,1,6,86%
Splash  1,7,6,Su,Splash  1 Demo,11:30 AM - 12:00 PM,457895,From 2026-04-05 to 2026-06-14,Paul Palleschi Full Pool,"Cooper, Logan",Booked,555-0117-19705,student.187.5@example.test,8,Splash  1,Paul Palleschi Full Pool,Su,2026-04-05 11:30 AM,2026-04-05 12:00 PM,457895,30,7,1,6,86%
Splash  1,7,6,Su,Splash  1 Demo,11:30 AM - 12:00 PM,457895,From 2026-04-05 to 2026-06-14,Paul Palleschi Full Pool,"Walker, Maya",Waiting,555-0117-19706,student.187.6@example.test,9,Splash  1,Paul Palleschi Full Pool,Su,2026-04-05 11:30 AM,2026-04-05 12:00 PM,457895,30,7,1,6,86%
Little Splash 3,6,5,Su,Little Splash 3 Demo,11:30 AM - 12:00 PM,463888,From 2026-04-05 to 2026-06-14,Paul Palleschi Full Pool,"Cooper, Kai",Booked,555-0118-19800,student.188.0@example.test,3,Little Splash 3,Paul Palleschi Full Pool,Su,2026-04-05 11:30 AM,2026-04-05 12:00 PM,463888,30,6,1,5,83%
Little Splash 3,6,5,Su,Little Splash 3 Demo,11:30 AM - 12:00 PM,463888,From 2026-04-05 to 2026-06-14,Paul Palleschi Full Pool,"Cooper, Logan",Booked,555-0118-19801,student.188.1@example.test,4,Little Splash 3,Paul Palleschi Full Pool,Su,2026-04-05 11:30 AM,2026-04-05 12:00 PM,463888,30,6,1,5,83%
Little Splash 3,6,5,Su,Little Splash 3 Demo,11:30 AM - 12:00 PM,463888,From 2026-04-05 to 2026-06-14,Paul Palleschi Full Pool,"Walker, Maya",Booked,555-0118-19802,student.188.2@example.test,5,Little Splash 3,Paul Palleschi Full Pool,Su,2026-04-05 11:30 AM,2026-04-05 12:00 PM,463888,30,6,1,5,83%
Little Splash 3,6,5,Su,Little Splash 3 Demo,11:30 AM - 12:00 PM,463888,From 2026-04-05 to 2026-06-14,Paul Palleschi Full Pool,"Walker, Noah",Waiting,555-0118-19803,student.188.3@example.test,6,Little Splash 3,Paul Palleschi Full Pool,Su,2026-04-05 11:30 AM,2026-04-05 12:00 PM,463888,30,6,1,5,83%
Little Splash 3,6,5,Su,Little Splash 3 Demo,11:30 AM - 12:00 PM,463888,From 2026-04-05 to 2026-06-14,Paul Palleschi Full Pool,"Young, Avery",Booked,555-0118-19804,student.188.4@example.test,7,Little Splash 3,Paul Palleschi Full Pool,Su,2026-04-05 11:30 AM,2026-04-05 12:00 PM,463888,30,6,1,5,83%
Little Splash 3,6,5,Su,Little Splash 3 Demo,11:30 AM - 12:00 PM,463888,From 2026-04-05 to 2026-06-14,Paul Palleschi Full Pool,"Young, Blake",Booked,555-0118-19805,student.188.5@example.test,8,Little Splash 3,Paul Palleschi Full Pool,Su,2026-04-05 11:30 AM,2026-04-05 12:00 PM,463888,30,6,1,5,83%
Splash  2B,6,6,Su,Splash  2B Demo,11:30 AM - 12:00 PM,471632,From 2026-04-05 to 2026-06-14,Paul Palleschi Full Pool,"Young, Avery",Booked,555-0119-19900,student.189.0@example.test,3,Splash  2B,Paul Palleschi Full Pool,Su,2026-04-05 11:30 AM,2026-04-05 12:00 PM,471632,30,6,1,6,100%
Splash  2B,6,6,Su,Splash  2B Demo,11:30 AM - 12:00 PM,471632,From 2026-04-05 to 2026-06-14,Paul Palleschi Full Pool,"Young, Blake",Booked,555-0119-19901,student.189.1@example.test,4,Splash  2B,Paul Palleschi Full Pool,Su,2026-04-05 11:30 AM,2026-04-05 12:00 PM,471632,30,6,1,6,100%
Splash  2B,6,6,Su,Splash  2B Demo,11:30 AM - 12:00 PM,471632,From 2026-04-05 to 2026-06-14,Paul Palleschi Full Pool,"Hall, Casey",Booked,555-0119-19902,student.189.2@example.test,5,Splash  2B,Paul Palleschi Full Pool,Su,2026-04-05 11:30 AM,2026-04-05 12:00 PM,471632,30,6,1,6,100%
Splash  2B,6,6,Su,Splash  2B Demo,11:30 AM - 12:00 PM,471632,From 2026-04-05 to 2026-06-14,Paul Palleschi Full Pool,"Hall, Drew",Booked,555-0119-19903,student.189.3@example.test,6,Splash  2B,Paul Palleschi Full Pool,Su,2026-04-05 11:30 AM,2026-04-05 12:00 PM,471632,30,6,1,6,100%
Splash  2B,6,6,Su,Splash  2B Demo,11:30 AM - 12:00 PM,471632,From 2026-04-05 to 2026-06-14,Paul Palleschi Full Pool,"Allen, Emery",Booked,555-0119-19904,student.189.4@example.test,7,Splash  2B,Paul Palleschi Full Pool,Su,2026-04-05 11:30 AM,2026-04-05 12:00 PM,471632,30,6,1,6,100%
Splash  2B,6,6,Su,Splash  2B Demo,11:30 AM - 12:00 PM,471632,From 2026-04-05 to 2026-06-14,Paul Palleschi Full Pool,"Allen, Finley",Booked,555-0119-19905,student.189.5@example.test,8,Splash  2B,Paul Palleschi Full Pool,Su,2026-04-05 11:30 AM,2026-04-05 12:00 PM,471632,30,6,1,6,100%
Splash  9 Star Patrol,10,10,Su,Splash  9 Star Patrol Demo,11:30 AM - 12:30 PM,471449,From 2026-04-05 to 2026-06-14,Paul Palleschi Full Pool,"Allen, Emery",Booked,555-0120-20000,student.190.0@example.test,3,Splash  9 Star Patrol,Paul Palleschi Full Pool,Su,2026-04-05 11:30 AM,2026-04-05 12:30 PM,471449,60,10,1,10,100%
Splash  9 Star Patrol,10,10,Su,Splash  9 Star Patrol Demo,11:30 AM - 12:30 PM,471449,From 2026-04-05 to 2026-06-14,Paul Palleschi Full Pool,"Allen, Finley",Booked,555-0120-20001,student.190.1@example.test,4,Splash  9 Star Patrol,Paul Palleschi Full Pool,Su,2026-04-05 11:30 AM,2026-04-05 12:30 PM,471449,60,10,1,10,100%
Splash  9 Star Patrol,10,10,Su,Splash  9 Star Patrol Demo,11:30 AM - 12:30 PM,471449,From 2026-04-05 to 2026-06-14,Paul Palleschi Full Pool,"Wright, Harper",Booked,555-0120-20002,student.190.2@example.test,5,Splash  9 Star Patrol,Paul Palleschi Full Pool,Su,2026-04-05 11:30 AM,2026-04-05 12:30 PM,471449,60,10,1,10,100%
Splash  9 Star Patrol,10,10,Su,Splash  9 Star Patrol Demo,11:30 AM - 12:30 PM,471449,From 2026-04-05 to 2026-06-14,Paul Palleschi Full Pool,"Wright, Jordan",Booked,555-0120-20003,student.190.3@example.test,6,Splash  9 Star Patrol,Paul Palleschi Full Pool,Su,2026-04-05 11:30 AM,2026-04-05 12:30 PM,471449,60,10,1,10,100%
Splash  9 Star Patrol,10,10,Su,Splash  9 Star Patrol Demo,11:30 AM - 12:30 PM,471449,From 2026-04-05 to 2026-06-14,Paul Palleschi Full Pool,"King, Kai",Booked,555-0120-20004,student.190.4@example.test,7,Splash  9 Star Patrol,Paul Palleschi Full Pool,Su,2026-04-05 11:30 AM,2026-04-05 12:30 PM,471449,60,10,1,10,100%
Splash  9 Star Patrol,10,10,Su,Splash  9 Star Patrol Demo,11:30 AM - 12:30 PM,471449,From 2026-04-05 to 2026-06-14,Paul Palleschi Full Pool,"King, Logan",Booked,555-0120-20005,student.190.5@example.test,8,Splash  9 Star Patrol,Paul Palleschi Full Pool,Su,2026-04-05 11:30 AM,2026-04-05 12:30 PM,471449,60,10,1,10,100%
Splash  9 Star Patrol,10,10,Su,Splash  9 Star Patrol Demo,11:30 AM - 12:30 PM,471449,From 2026-04-05 to 2026-06-14,Paul Palleschi Full Pool,"Scott, Maya",Booked,555-0120-20006,student.190.6@example.test,9,Splash  9 Star Patrol,Paul Palleschi Full Pool,Su,2026-04-05 11:30 AM,2026-04-05 12:30 PM,471449,60,10,1,10,100%
Splash  9 Star Patrol,10,10,Su,Splash  9 Star Patrol Demo,11:30 AM - 12:30 PM,471449,From 2026-04-05 to 2026-06-14,Paul Palleschi Full Pool,"Scott, Noah",Booked,555-0120-20007,student.190.7@example.test,10,Splash  9 Star Patrol,Paul Palleschi Full Pool,Su,2026-04-05 11:30 AM,2026-04-05 12:30 PM,471449,60,10,1,10,100%
Splash  9 Star Patrol,10,10,Su,Splash  9 Star Patrol Demo,11:30 AM - 12:30 PM,471449,From 2026-04-05 to 2026-06-14,Paul Palleschi Full Pool,"Stone, Avery",Booked,555-0120-20008,student.190.8@example.test,11,Splash  9 Star Patrol,Paul Palleschi Full Pool,Su,2026-04-05 11:30 AM,2026-04-05 12:30 PM,471449,60,10,1,10,100%
Splash  9 Star Patrol,10,10,Su,Splash  9 Star Patrol Demo,11:30 AM - 12:30 PM,471449,From 2026-04-05 to 2026-06-14,Paul Palleschi Full Pool,"Stone, Blake",Booked,555-0120-20009,student.190.9@example.test,12,Splash  9 Star Patrol,Paul Palleschi Full Pool,Su,2026-04-05 11:30 AM,2026-04-05 12:30 PM,471449,60,10,1,10,100%
Inclusion- Swimming,3,3,Su,Inclusion- Swimming Demo,11:45 AM - 12:15 PM,504708,From 2026-04-05 to 2026-06-14,Paul Palleschi Full Pool,"King, Kai",Booked,555-0121-20100,student.191.0@example.test,3,Inclusion- Swimming,Paul Palleschi Full Pool,Su,2026-04-05 11:45 AM,2026-04-05 12:15 PM,504708,30,3,1,3,100%
Inclusion- Swimming,3,3,Su,Inclusion- Swimming Demo,11:45 AM - 12:15 PM,504708,From 2026-04-05 to 2026-06-14,Paul Palleschi Full Pool,"King, Logan",Booked,555-0121-20101,student.191.1@example.test,4,Inclusion- Swimming,Paul Palleschi Full Pool,Su,2026-04-05 11:45 AM,2026-04-05 12:15 PM,504708,30,3,1,3,100%
Inclusion- Swimming,3,3,Su,Inclusion- Swimming Demo,11:45 AM - 12:15 PM,504708,From 2026-04-05 to 2026-06-14,Paul Palleschi Full Pool,"Scott, Maya",Booked,555-0121-20102,student.191.2@example.test,5,Inclusion- Swimming,Paul Palleschi Full Pool,Su,2026-04-05 11:45 AM,2026-04-05 12:15 PM,504708,30,3,1,3,100%
Little Splash 1,5,4,Su,Little Splash 1 Demo,12:00 PM - 12:30 PM,457627,From 2026-04-05 to 2026-06-14,Paul Palleschi Full Pool,"Stone, Avery",Booked,555-0122-20200,student.192.0@example.test,3,Little Splash 1,Paul Palleschi Full Pool,Su,2026-04-05 12:00 PM,2026-04-05 12:30 PM,457627,30,5,1,4,80%
Little Splash 1,5,4,Su,Little Splash 1 Demo,12:00 PM - 12:30 PM,457627,From 2026-04-05 to 2026-06-14,Paul Palleschi Full Pool,"Stone, Blake",Waiting,555-0122-20201,student.192.1@example.test,4,Little Splash 1,Paul Palleschi Full Pool,Su,2026-04-05 12:00 PM,2026-04-05 12:30 PM,457627,30,5,1,4,80%
Little Splash 1,5,4,Su,Little Splash 1 Demo,12:00 PM - 12:30 PM,457627,From 2026-04-05 to 2026-06-14,Paul Palleschi Full Pool,"Lee, Casey",Booked,555-0122-20202,student.192.2@example.test,5,Little Splash 1,Paul Palleschi Full Pool,Su,2026-04-05 12:00 PM,2026-04-05 12:30 PM,457627,30,5,1,4,80%
Little Splash 1,5,4,Su,Little Splash 1 Demo,12:00 PM - 12:30 PM,457627,From 2026-04-05 to 2026-06-14,Paul Palleschi Full Pool,"Lee, Drew",Booked,555-0122-20203,student.192.3@example.test,6,Little Splash 1,Paul Palleschi Full Pool,Su,2026-04-05 12:00 PM,2026-04-05 12:30 PM,457627,30,5,1,4,80%
Little Splash 1,5,4,Su,Little Splash 1 Demo,12:00 PM - 12:30 PM,457627,From 2026-04-05 to 2026-06-14,Paul Palleschi Full Pool,"Martin, Emery",Booked,555-0122-20204,student.192.4@example.test,7,Little Splash 1,Paul Palleschi Full Pool,Su,2026-04-05 12:00 PM,2026-04-05 12:30 PM,457627,30,5,1,4,80%
Splash  2B,6,6,Su,Splash  2B Demo,12:00 PM - 12:30 PM,471637,From 2026-04-05 to 2026-06-14,Paul Palleschi Full Pool,"Martin, Emery",Booked,555-0123-20300,student.193.0@example.test,3,Splash  2B,Paul Palleschi Full Pool,Su,2026-04-05 12:00 PM,2026-04-05 12:30 PM,471637,30,6,1,6,100%
Splash  2B,6,6,Su,Splash  2B Demo,12:00 PM - 12:30 PM,471637,From 2026-04-05 to 2026-06-14,Paul Palleschi Full Pool,"Martin, Finley",Booked,555-0123-20301,student.193.1@example.test,4,Splash  2B,Paul Palleschi Full Pool,Su,2026-04-05 12:00 PM,2026-04-05 12:30 PM,471637,30,6,1,6,100%
Splash  2B,6,6,Su,Splash  2B Demo,12:00 PM - 12:30 PM,471637,From 2026-04-05 to 2026-06-14,Paul Palleschi Full Pool,"Singh, Harper",Booked,555-0123-20302,student.193.2@example.test,5,Splash  2B,Paul Palleschi Full Pool,Su,2026-04-05 12:00 PM,2026-04-05 12:30 PM,471637,30,6,1,6,100%
Splash  2B,6,6,Su,Splash  2B Demo,12:00 PM - 12:30 PM,471637,From 2026-04-05 to 2026-06-14,Paul Palleschi Full Pool,"Singh, Jordan",Booked,555-0123-20303,student.193.3@example.test,6,Splash  2B,Paul Palleschi Full Pool,Su,2026-04-05 12:00 PM,2026-04-05 12:30 PM,471637,30,6,1,6,100%
Splash  2B,6,6,Su,Splash  2B Demo,12:00 PM - 12:30 PM,471637,From 2026-04-05 to 2026-06-14,Paul Palleschi Full Pool,"Cooper, Kai",Booked,555-0123-20304,student.193.4@example.test,7,Splash  2B,Paul Palleschi Full Pool,Su,2026-04-05 12:00 PM,2026-04-05 12:30 PM,471637,30,6,1,6,100%
Splash  2B,6,6,Su,Splash  2B Demo,12:00 PM - 12:30 PM,471637,From 2026-04-05 to 2026-06-14,Paul Palleschi Full Pool,"Cooper, Logan",Booked,555-0123-20305,student.193.5@example.test,8,Splash  2B,Paul Palleschi Full Pool,Su,2026-04-05 12:00 PM,2026-04-05 12:30 PM,471637,30,6,1,6,100%
Splash  5,14,11,Su,Splash  5 Demo,12:15 PM - 1:00 PM,496697,From 2026-04-05 to 2026-06-14,Paul Palleschi Full Pool,"Cooper, Kai",Booked,555-0124-20400,student.194.0@example.test,3,Splash  5,Paul Palleschi Full Pool,Su,2026-04-05 12:15 PM,2026-04-05 1:00 PM,496697,45,14,1,11,79%
Splash  5,14,11,Su,Splash  5 Demo,12:15 PM - 1:00 PM,496697,From 2026-04-05 to 2026-06-14,Paul Palleschi Full Pool,"Cooper, Logan",Booked,555-0124-20401,student.194.1@example.test,4,Splash  5,Paul Palleschi Full Pool,Su,2026-04-05 12:15 PM,2026-04-05 1:00 PM,496697,45,14,1,11,79%
Splash  5,14,11,Su,Splash  5 Demo,12:15 PM - 1:00 PM,496697,From 2026-04-05 to 2026-06-14,Paul Palleschi Full Pool,"Walker, Maya",Waiting,555-0124-20402,student.194.2@example.test,5,Splash  5,Paul Palleschi Full Pool,Su,2026-04-05 12:15 PM,2026-04-05 1:00 PM,496697,45,14,1,11,79%
Splash  5,14,11,Su,Splash  5 Demo,12:15 PM - 1:00 PM,496697,From 2026-04-05 to 2026-06-14,Paul Palleschi Full Pool,"Walker, Noah",Booked,555-0124-20403,student.194.3@example.test,6,Splash  5,Paul Palleschi Full Pool,Su,2026-04-05 12:15 PM,2026-04-05 1:00 PM,496697,45,14,1,11,79%
Splash  5,14,11,Su,Splash  5 Demo,12:15 PM - 1:00 PM,496697,From 2026-04-05 to 2026-06-14,Paul Palleschi Full Pool,"Young, Avery",Booked,555-0124-20404,student.194.4@example.test,7,Splash  5,Paul Palleschi Full Pool,Su,2026-04-05 12:15 PM,2026-04-05 1:00 PM,496697,45,14,1,11,79%
Splash  5,14,11,Su,Splash  5 Demo,12:15 PM - 1:00 PM,496697,From 2026-04-05 to 2026-06-14,Paul Palleschi Full Pool,"Young, Blake",Booked,555-0124-20405,student.194.5@example.test,8,Splash  5,Paul Palleschi Full Pool,Su,2026-04-05 12:15 PM,2026-04-05 1:00 PM,496697,45,14,1,11,79%
Splash  5,14,11,Su,Splash  5 Demo,12:15 PM - 1:00 PM,496697,From 2026-04-05 to 2026-06-14,Paul Palleschi Full Pool,"Hall, Casey",Booked,555-0124-20406,student.194.6@example.test,9,Splash  5,Paul Palleschi Full Pool,Su,2026-04-05 12:15 PM,2026-04-05 1:00 PM,496697,45,14,1,11,79%
Splash  5,14,11,Su,Splash  5 Demo,12:15 PM - 1:00 PM,496697,From 2026-04-05 to 2026-06-14,Paul Palleschi Full Pool,"Hall, Drew",Booked,555-0124-20407,student.194.7@example.test,10,Splash  5,Paul Palleschi Full Pool,Su,2026-04-05 12:15 PM,2026-04-05 1:00 PM,496697,45,14,1,11,79%
Splash  5,14,11,Su,Splash  5 Demo,12:15 PM - 1:00 PM,496697,From 2026-04-05 to 2026-06-14,Paul Palleschi Full Pool,"Allen, Emery",Booked,555-0124-20408,student.194.8@example.test,11,Splash  5,Paul Palleschi Full Pool,Su,2026-04-05 12:15 PM,2026-04-05 1:00 PM,496697,45,14,1,11,79%
Splash  5,14,11,Su,Splash  5 Demo,12:15 PM - 1:00 PM,496697,From 2026-04-05 to 2026-06-14,Paul Palleschi Full Pool,"Allen, Finley",Booked,555-0124-20409,student.194.9@example.test,12,Splash  5,Paul Palleschi Full Pool,Su,2026-04-05 12:15 PM,2026-04-05 1:00 PM,496697,45,14,1,11,79%
Splash  5,14,11,Su,Splash  5 Demo,12:15 PM - 1:00 PM,496697,From 2026-04-05 to 2026-06-14,Paul Palleschi Full Pool,"Wright, Harper",Booked,555-0124-20410,student.194.10@example.test,3,Splash  5,Paul Palleschi Full Pool,Su,2026-04-05 12:15 PM,2026-04-05 1:00 PM,496697,45,14,1,11,79%
Splash  5,14,11,Su,Splash  5 Demo,12:15 PM - 1:00 PM,496697,From 2026-04-05 to 2026-06-14,Paul Palleschi Full Pool,"Wright, Jordan",Waiting,555-0124-20411,student.194.11@example.test,4,Splash  5,Paul Palleschi Full Pool,Su,2026-04-05 12:15 PM,2026-04-05 1:00 PM,496697,45,14,1,11,79%
Splash  5,14,11,Su,Splash  5 Demo,12:15 PM - 1:00 PM,496697,From 2026-04-05 to 2026-06-14,Paul Palleschi Full Pool,"King, Kai",Waiting,555-0124-20412,student.194.12@example.test,5,Splash  5,Paul Palleschi Full Pool,Su,2026-04-05 12:15 PM,2026-04-05 1:00 PM,496697,45,14,1,11,79%
Splash  5,14,11,Su,Splash  5 Demo,12:15 PM - 1:00 PM,496697,From 2026-04-05 to 2026-06-14,Paul Palleschi Full Pool,"King, Logan",Booked,555-0124-20413,student.194.13@example.test,6,Splash  5,Paul Palleschi Full Pool,Su,2026-04-05 12:15 PM,2026-04-05 1:00 PM,496697,45,14,1,11,79%
Little Splash 3,4,4,Su,Little Splash 3 Demo,12:30 PM - 1:00 PM,463891,From 2026-04-05 to 2026-06-14,Paul Palleschi Full Pool,"Young, Avery",Booked,555-0125-20500,student.195.0@example.test,3,Little Splash 3,Paul Palleschi Full Pool,Su,2026-04-05 12:30 PM,2026-04-05 1:00 PM,463891,30,4,1,4,100%
Little Splash 3,4,4,Su,Little Splash 3 Demo,12:30 PM - 1:00 PM,463891,From 2026-04-05 to 2026-06-14,Paul Palleschi Full Pool,"Young, Blake",Booked,555-0125-20501,student.195.1@example.test,4,Little Splash 3,Paul Palleschi Full Pool,Su,2026-04-05 12:30 PM,2026-04-05 1:00 PM,463891,30,4,1,4,100%
Little Splash 3,4,4,Su,Little Splash 3 Demo,12:30 PM - 1:00 PM,463891,From 2026-04-05 to 2026-06-14,Paul Palleschi Full Pool,"Hall, Casey",Booked,555-0125-20502,student.195.2@example.test,5,Little Splash 3,Paul Palleschi Full Pool,Su,2026-04-05 12:30 PM,2026-04-05 1:00 PM,463891,30,4,1,4,100%
Little Splash 3,4,4,Su,Little Splash 3 Demo,12:30 PM - 1:00 PM,463891,From 2026-04-05 to 2026-06-14,Paul Palleschi Full Pool,"Hall, Drew",Booked,555-0125-20503,student.195.3@example.test,6,Little Splash 3,Paul Palleschi Full Pool,Su,2026-04-05 12:30 PM,2026-04-05 1:00 PM,463891,30,4,1,4,100%
Splash Parent and Child  ( 4 Months to 12 Months),13,12,Su,Splash Parent and Child  ( 4 Months to 12 Months) Demo,12:30 PM - 1:00 PM,464162,From 2026-04-05 to 2026-06-14,Paul Palleschi Full Pool,"Allen, Emery",Booked,555-0126-20600,student.196.0@example.test,3,Splash Parent and Child  ( 4 Months to 12 Months),Paul Palleschi Full Pool,Su,2026-04-05 12:30 PM,2026-04-05 1:00 PM,464162,30,13,1,12,92%
Splash Parent and Child  ( 4 Months to 12 Months),13,12,Su,Splash Parent and Child  ( 4 Months to 12 Months) Demo,12:30 PM - 1:00 PM,464162,From 2026-04-05 to 2026-06-14,Paul Palleschi Full Pool,"Allen, Finley",Booked,555-0126-20601,student.196.1@example.test,4,Splash Parent and Child  ( 4 Months to 12 Months),Paul Palleschi Full Pool,Su,2026-04-05 12:30 PM,2026-04-05 1:00 PM,464162,30,13,1,12,92%
Splash Parent and Child  ( 4 Months to 12 Months),13,12,Su,Splash Parent and Child  ( 4 Months to 12 Months) Demo,12:30 PM - 1:00 PM,464162,From 2026-04-05 to 2026-06-14,Paul Palleschi Full Pool,"Wright, Harper",Booked,555-0126-20602,student.196.2@example.test,5,Splash Parent and Child  ( 4 Months to 12 Months),Paul Palleschi Full Pool,Su,2026-04-05 12:30 PM,2026-04-05 1:00 PM,464162,30,13,1,12,92%
Splash Parent and Child  ( 4 Months to 12 Months),13,12,Su,Splash Parent and Child  ( 4 Months to 12 Months) Demo,12:30 PM - 1:00 PM,464162,From 2026-04-05 to 2026-06-14,Paul Palleschi Full Pool,"Wright, Jordan",Booked,555-0126-20603,student.196.3@example.test,6,Splash Parent and Child  ( 4 Months to 12 Months),Paul Palleschi Full Pool,Su,2026-04-05 12:30 PM,2026-04-05 1:00 PM,464162,30,13,1,12,92%
Splash Parent and Child  ( 4 Months to 12 Months),13,12,Su,Splash Parent and Child  ( 4 Months to 12 Months) Demo,12:30 PM - 1:00 PM,464162,From 2026-04-05 to 2026-06-14,Paul Palleschi Full Pool,"King, Kai",Booked,555-0126-20604,student.196.4@example.test,7,Splash Parent and Child  ( 4 Months to 12 Months),Paul Palleschi Full Pool,Su,2026-04-05 12:30 PM,2026-04-05 1:00 PM,464162,30,13,1,12,92%
Splash Parent and Child  ( 4 Months to 12 Months),13,12,Su,Splash Parent and Child  ( 4 Months to 12 Months) Demo,12:30 PM - 1:00 PM,464162,From 2026-04-05 to 2026-06-14,Paul Palleschi Full Pool,"King, Logan",Booked,555-0126-20605,student.196.5@example.test,8,Splash Parent and Child  ( 4 Months to 12 Months),Paul Palleschi Full Pool,Su,2026-04-05 12:30 PM,2026-04-05 1:00 PM,464162,30,13,1,12,92%
Splash Parent and Child  ( 4 Months to 12 Months),13,12,Su,Splash Parent and Child  ( 4 Months to 12 Months) Demo,12:30 PM - 1:00 PM,464162,From 2026-04-05 to 2026-06-14,Paul Palleschi Full Pool,"Scott, Maya",Booked,555-0126-20606,student.196.6@example.test,9,Splash Parent and Child  ( 4 Months to 12 Months),Paul Palleschi Full Pool,Su,2026-04-05 12:30 PM,2026-04-05 1:00 PM,464162,30,13,1,12,92%
Splash Parent and Child  ( 4 Months to 12 Months),13,12,Su,Splash Parent and Child  ( 4 Months to 12 Months) Demo,12:30 PM - 1:00 PM,464162,From 2026-04-05 to 2026-06-14,Paul Palleschi Full Pool,"Scott, Noah",Waiting,555-0126-20607,student.196.7@example.test,10,Splash Parent and Child  ( 4 Months to 12 Months),Paul Palleschi Full Pool,Su,2026-04-05 12:30 PM,2026-04-05 1:00 PM,464162,30,13,1,12,92%
Splash Parent and Child  ( 4 Months to 12 Months),13,12,Su,Splash Parent and Child  ( 4 Months to 12 Months) Demo,12:30 PM - 1:00 PM,464162,From 2026-04-05 to 2026-06-14,Paul Palleschi Full Pool,"Stone, Avery",Booked,555-0126-20608,student.196.8@example.test,11,Splash Parent and Child  ( 4 Months to 12 Months),Paul Palleschi Full Pool,Su,2026-04-05 12:30 PM,2026-04-05 1:00 PM,464162,30,13,1,12,92%
Splash Parent and Child  ( 4 Months to 12 Months),13,12,Su,Splash Parent and Child  ( 4 Months to 12 Months) Demo,12:30 PM - 1:00 PM,464162,From 2026-04-05 to 2026-06-14,Paul Palleschi Full Pool,"Stone, Blake",Booked,555-0126-20609,student.196.9@example.test,12,Splash Parent and Child  ( 4 Months to 12 Months),Paul Palleschi Full Pool,Su,2026-04-05 12:30 PM,2026-04-05 1:00 PM,464162,30,13,1,12,92%
Splash Parent and Child  ( 4 Months to 12 Months),13,12,Su,Splash Parent and Child  ( 4 Months to 12 Months) Demo,12:30 PM - 1:00 PM,464162,From 2026-04-05 to 2026-06-14,Paul Palleschi Full Pool,"Lee, Casey",Booked,555-0126-20610,student.196.10@example.test,3,Splash Parent and Child  ( 4 Months to 12 Months),Paul Palleschi Full Pool,Su,2026-04-05 12:30 PM,2026-04-05 1:00 PM,464162,30,13,1,12,92%
Splash Parent and Child  ( 4 Months to 12 Months),13,12,Su,Splash Parent and Child  ( 4 Months to 12 Months) Demo,12:30 PM - 1:00 PM,464162,From 2026-04-05 to 2026-06-14,Paul Palleschi Full Pool,"Lee, Drew",Booked,555-0126-20611,student.196.11@example.test,4,Splash Parent and Child  ( 4 Months to 12 Months),Paul Palleschi Full Pool,Su,2026-04-05 12:30 PM,2026-04-05 1:00 PM,464162,30,13,1,12,92%
Splash Parent and Child  ( 4 Months to 12 Months),13,12,Su,Splash Parent and Child  ( 4 Months to 12 Months) Demo,12:30 PM - 1:00 PM,464162,From 2026-04-05 to 2026-06-14,Paul Palleschi Full Pool,"Martin, Emery",Booked,555-0126-20612,student.196.12@example.test,5,Splash Parent and Child  ( 4 Months to 12 Months),Paul Palleschi Full Pool,Su,2026-04-05 12:30 PM,2026-04-05 1:00 PM,464162,30,13,1,12,92%
Splash  3,5,5,Su,Splash  3 Demo,12:30 PM - 1:00 PM,471724,From 2026-04-05 to 2026-06-14,Paul Palleschi Full Pool,"King, Kai",Booked,555-0127-20700,student.197.0@example.test,3,Splash  3,Paul Palleschi Full Pool,Su,2026-04-05 12:30 PM,2026-04-05 1:00 PM,471724,30,5,1,5,100%
Splash  3,5,5,Su,Splash  3 Demo,12:30 PM - 1:00 PM,471724,From 2026-04-05 to 2026-06-14,Paul Palleschi Full Pool,"King, Logan",Booked,555-0127-20701,student.197.1@example.test,4,Splash  3,Paul Palleschi Full Pool,Su,2026-04-05 12:30 PM,2026-04-05 1:00 PM,471724,30,5,1,5,100%
Splash  3,5,5,Su,Splash  3 Demo,12:30 PM - 1:00 PM,471724,From 2026-04-05 to 2026-06-14,Paul Palleschi Full Pool,"Scott, Maya",Booked,555-0127-20702,student.197.2@example.test,5,Splash  3,Paul Palleschi Full Pool,Su,2026-04-05 12:30 PM,2026-04-05 1:00 PM,471724,30,5,1,5,100%
Splash  3,5,5,Su,Splash  3 Demo,12:30 PM - 1:00 PM,471724,From 2026-04-05 to 2026-06-14,Paul Palleschi Full Pool,"Scott, Noah",Booked,555-0127-20703,student.197.3@example.test,6,Splash  3,Paul Palleschi Full Pool,Su,2026-04-05 12:30 PM,2026-04-05 1:00 PM,471724,30,5,1,5,100%
Splash  3,5,5,Su,Splash  3 Demo,12:30 PM - 1:00 PM,471724,From 2026-04-05 to 2026-06-14,Paul Palleschi Full Pool,"Stone, Avery",Booked,555-0127-20704,student.197.4@example.test,7,Splash  3,Paul Palleschi Full Pool,Su,2026-04-05 12:30 PM,2026-04-05 1:00 PM,471724,30,5,1,5,100%
Splash  4,8,8,Su,Splash  4 Demo,12:30 PM - 1:00 PM,471749,From 2026-04-05 to 2026-06-14,Paul Palleschi Full Pool,"Stone, Avery",Booked,555-0128-20800,student.198.0@example.test,3,Splash  4,Paul Palleschi Full Pool,Su,2026-04-12 12:30 PM,2026-04-12 1:00 PM,471749,30,8,1,8,100%
Splash  4,8,8,Su,Splash  4 Demo,12:30 PM - 1:00 PM,471749,From 2026-04-05 to 2026-06-14,Paul Palleschi Full Pool,"Stone, Blake",Booked,555-0128-20801,student.198.1@example.test,4,Splash  4,Paul Palleschi Full Pool,Su,2026-04-12 12:30 PM,2026-04-12 1:00 PM,471749,30,8,1,8,100%
Splash  4,8,8,Su,Splash  4 Demo,12:30 PM - 1:00 PM,471749,From 2026-04-05 to 2026-06-14,Paul Palleschi Full Pool,"Lee, Casey",Booked,555-0128-20802,student.198.2@example.test,5,Splash  4,Paul Palleschi Full Pool,Su,2026-04-12 12:30 PM,2026-04-12 1:00 PM,471749,30,8,1,8,100%
Splash  4,8,8,Su,Splash  4 Demo,12:30 PM - 1:00 PM,471749,From 2026-04-05 to 2026-06-14,Paul Palleschi Full Pool,"Lee, Drew",Booked,555-0128-20803,student.198.3@example.test,6,Splash  4,Paul Palleschi Full Pool,Su,2026-04-12 12:30 PM,2026-04-12 1:00 PM,471749,30,8,1,8,100%
Splash  4,8,8,Su,Splash  4 Demo,12:30 PM - 1:00 PM,471749,From 2026-04-05 to 2026-06-14,Paul Palleschi Full Pool,"Martin, Emery",Booked,555-0128-20804,student.198.4@example.test,7,Splash  4,Paul Palleschi Full Pool,Su,2026-04-12 12:30 PM,2026-04-12 1:00 PM,471749,30,8,1,8,100%
Splash  4,8,8,Su,Splash  4 Demo,12:30 PM - 1:00 PM,471749,From 2026-04-05 to 2026-06-14,Paul Palleschi Full Pool,"Martin, Finley",Booked,555-0128-20805,student.198.5@example.test,8,Splash  4,Paul Palleschi Full Pool,Su,2026-04-12 12:30 PM,2026-04-12 1:00 PM,471749,30,8,1,8,100%
Splash  4,8,8,Su,Splash  4 Demo,12:30 PM - 1:00 PM,471749,From 2026-04-05 to 2026-06-14,Paul Palleschi Full Pool,"Singh, Harper",Booked,555-0128-20806,student.198.6@example.test,9,Splash  4,Paul Palleschi Full Pool,Su,2026-04-12 12:30 PM,2026-04-12 1:00 PM,471749,30,8,1,8,100%
Splash  4,8,8,Su,Splash  4 Demo,12:30 PM - 1:00 PM,471749,From 2026-04-05 to 2026-06-14,Paul Palleschi Full Pool,"Singh, Jordan",Booked,555-0128-20807,student.198.7@example.test,10,Splash  4,Paul Palleschi Full Pool,Su,2026-04-12 12:30 PM,2026-04-12 1:00 PM,471749,30,8,1,8,100%
